-5.495540499687194824e-01,3.099657595157623291e-01,5.318605303764343262e-01,2.739747613668441772e-02,-3.614253178238868713e-02,-6.583208590745925903e-02,9.967994689941406250e-01,6.096627935767173767e-02,4.844014942646026611e-01,-1.223145723342895508e+00,-9.580829739570617676e-01,4.957195818424224854e-01,-2.098265886306762695e+00,-6.729709357023239136e-02,1.306921839714050293e+00,2.119422107934951782e-01,2.451955229043960571e-01,1.495252363383769989e-02,-6.696368753910064697e-02,1.457757800817489624e-01,1.492721289396286011e-01,-4.023258686065673828e-01,1.497137099504470825e-01,-8.428922295570373535e-02,-5.769242718815803528e-02,-2.645185776054859161e-02,2.313021868467330933e-01,-1.753938347101211548e-01,1.517056953161954880e-02
-5.375895500183105469e-01,3.052748739719390869e-01,5.299446582794189453e-01,7.422442547976970673e-03,-2.350323833525180817e-02,-3.747750073671340942e-02,9.989934563636779785e-01,-8.279695175588130951e-03,4.172090888023376465e-01,-1.317779183387756348e+00,-9.910693168640136719e-01,5.954025387763977051e-01,-2.106229782104492188e+00,-7.806423306465148926e-02,1.360177755355834961e+00,1.520403921604156494e-01,2.467058002948760986e-01,-3.087510541081428528e-02,-1.244731154292821884e-02,8.974878489971160889e-02,2.205582112073898315e-01,-4.520623385906219482e-01,1.350188404321670532e-01,-1.469215899705886841e-01,-1.118687726557254791e-02,-8.654623478651046753e-02,3.707030117511749268e-01,-2.793257832527160645e-01,3.254537936300039291e-03
-5.395638346672058105e-01,3.050431013107299805e-01,5.301805138587951660e-01,1.018095016479492188e-02,-2.019420266151428223e-02,-3.304881229996681213e-02,9.991978406906127930e-01,-1.365355122834444046e-02,4.036646783351898193e-01,-1.332188844680786133e+00,-1.010371208190917969e+00,5.957671403884887695e-01,-2.098768234252929688e+00,-6.747210025787353516e-02,1.356983304023742676e+00,1.456833183765411377e-01,2.502630650997161865e-01,-4.828350618481636047e-02,-1.709881611168384552e-02,8.169177919626235962e-02,2.263676226139068604e-01,-4.485341608524322510e-01,1.323033720254898071e-01,-1.538491994142532349e-01,-1.904393360018730164e-02,-9.440003335475921631e-02,3.644757568836212158e-01,-2.738406956195831299e-01,5.178394727408885956e-03
-5.401446819305419922e-01,3.047463893890380859e-01,5.300887227058410645e-01,1.100189983844757080e-02,-1.795778609812259674e-02,-2.927693165838718414e-02,9.993494749069213867e-01,-3.268280299380421638e-03,3.971126675605773926e-01,-1.338060855865478516e+00,-1.026275753974914551e+00,5.937622785568237305e-01,-2.092177867889404297e+00,-5.739286169409751892e-02,1.354671835899353027e+00,1.480456143617630005e-01,2.550157010555267334e-01,-6.023144721984863281e-02,-1.858733221888542175e-02,7.505252212285995483e-02,2.333277314901351929e-01,-4.488550722599029541e-01,1.316471099853515625e-01,-1.595083177089691162e-01,-2.258972451090812683e-02,-1.041185185313224792e-01,3.663136065006256104e-01,-2.756607234477996826e-01,3.809222020208835602e-03
-5.412433147430419922e-01,3.044964671134948730e-01,5.299478173255920410e-01,1.067522633820772171e-02,-1.392496097832918167e-02,-2.533114328980445862e-02,9.995251297950744629e-01,-4.425178281962871552e-03,3.906824886798858643e-01,-1.336713075637817383e+00,-1.035581231117248535e+00,5.890933275222778320e-01,-2.091301202774047852e+00,-4.609168320894241333e-02,1.357836008071899414e+00,1.576522886753082275e-01,2.703722417354583740e-01,-7.872968167066574097e-02,-1.776155829429626465e-02,6.416350603103637695e-02,2.424987256526947021e-01,-4.464882016181945801e-01,1.315631419420242310e-01,-1.710173040628433228e-01,-2.263648808002471924e-02,-1.110378354787826538e-01,3.690401613712310791e-01,-2.732824981212615967e-01,2.504222793504595757e-03
-5.420669317245483398e-01,3.040310740470886230e-01,5.298907160758972168e-01,1.012897677719593048e-02,-1.203852519392967224e-02,-2.029077894985675812e-02,9.996703267097473145e-01,2.779121277853846550e-03,3.948648571968078613e-01,-1.325357556343078613e+00,-1.047402381896972656e+00,5.842032432556152344e-01,-2.090700864791870117e+00,-3.454710543155670166e-02,1.359712958335876465e+00,1.504771709442138672e-01,2.839230000972747803e-01,-9.522258490324020386e-02,-1.543641835451126099e-02,5.655400454998016357e-02,2.570761144161224365e-01,-4.466040432453155518e-01,1.273682266473770142e-01,-1.743994802236557007e-01,-2.216120995581150055e-02,-1.205823346972465515e-01,3.686324656009674072e-01,-2.712416648864746094e-01,3.191121853888034821e-03
-5.430844426155090332e-01,3.037286400794982910e-01,5.297843813896179199e-01,9.347761981189250946e-03,-7.853353396058082581e-03,-1.526043564081192017e-02,9.998090267181396484e-01,8.967367000877857208e-03,3.879148960113525391e-01,-1.300326347351074219e+00,-1.039600491523742676e+00,5.725379586219787598e-01,-2.092913866043090820e+00,-2.243015915155410767e-02,1.356023907661437988e+00,1.689845919609069824e-01,3.067297041416168213e-01,-1.172699555754661560e-01,-1.396779157221317291e-02,4.566523432731628418e-02,2.710754275321960449e-01,-4.441157579421997070e-01,1.264495849609375000e-01,-1.851060390472412109e-01,-2.204736508429050446e-02,-1.317893713712692261e-01,3.698474168777465820e-01,-2.710260152816772461e-01,2.938892226666212082e-03
-5.449950098991394043e-01,3.037939667701721191e-01,5.295569896697998047e-01,9.332957677543163300e-03,-2.576298080384731293e-03,-1.210264768451452255e-02,9.998798966407775879e-01,2.374629303812980652e-02,3.703771829605102539e-01,-1.246727824211120605e+00,-1.037152886390686035e+00,5.597013235092163086e-01,-2.092585563659667969e+00,-1.369570009410381317e-02,1.360596537590026855e+00,1.718905121088027954e-01,3.356283307075500488e-01,-1.464564949274063110e-01,-1.381233800202608109e-02,4.303488135337829590e-02,2.908632457256317139e-01,-4.423632919788360596e-01,1.230305284261703491e-01,-2.021771073341369629e-01,-2.416615001857280731e-02,-1.387629359960556030e-01,3.732904493808746338e-01,-2.678070664405822754e-01,3.859233576804399490e-03
-5.454222559928894043e-01,3.029741644859313965e-01,5.290908813476562500e-01,7.539801765233278275e-03,3.691461402922868729e-03,-8.369226008653640747e-03,9.999297261238098145e-01,2.228178642690181732e-02,3.471322953701019287e-01,-1.158113837242126465e+00,-1.027979254722595215e+00,5.316764116287231445e-01,-2.101581335067749023e+00,4.230858292430639267e-03,1.363643050193786621e+00,1.891474723815917969e-01,3.994351625442504883e-01,-1.765001714229583740e-01,-9.308026172220706940e-03,3.021232038736343384e-02,3.136028051376342773e-01,-4.451493620872497559e-01,1.221658438444137573e-01,-2.218412458896636963e-01,-2.041389048099517822e-02,-1.467521041631698608e-01,3.835873305797576904e-01,-2.700099647045135498e-01,-2.281745946675073355e-05
-5.468803644180297852e-01,3.032550513744354248e-01,5.286020040512084961e-01,7.644070312380790710e-03,1.078184880316257477e-02,-6.033101584762334824e-03,9.998944401741027832e-01,1.508050225675106049e-02,3.038811385631561279e-01,-1.050179362297058105e+00,-1.010071039199829102e+00,4.950032532215118408e-01,-2.103286504745483398e+00,1.968143694102764130e-02,1.363525390625000000e+00,1.957514584064483643e-01,4.744215309619903564e-01,-2.090675383806228638e-01,-1.065873075276613235e-02,2.800343185663223267e-02,3.351207971572875977e-01,-4.446429908275604248e-01,1.209058463573455811e-01,-2.462831735610961914e-01,-2.350903488695621490e-02,-1.507276147603988647e-01,3.944396078586578369e-01,-2.729988098144531250e-01,6.666884291917085648e-04
-5.483146905899047852e-01,3.035989105701446533e-01,5.281034708023071289e-01,8.347259834408760071e-03,1.892907731235027313e-02,-4.880074411630630493e-03,9.997740983963012695e-01,2.188543975353240967e-02,2.635431587696075439e-01,-9.255574345588684082e-01,-9.877997040748596191e-01,4.573253095149993896e-01,-2.095648288726806641e+00,4.553136974573135376e-02,1.356849431991577148e+00,1.951982825994491577e-01,6.019546985626220703e-01,-2.414268702268600464e-01,-1.351567916572093964e-02,2.680609747767448425e-02,3.527682125568389893e-01,-4.440126121044158936e-01,1.251698136329650879e-01,-2.728042900562286377e-01,-2.741365693509578705e-02,-1.528160125017166138e-01,4.046466350555419922e-01,-2.778934836387634277e-01,1.768298563547432423e-03
-5.491042137145996094e-01,3.034882843494415283e-01,5.274407267570495605e-01,9.800604544579982758e-03,2.509558945894241333e-02,-3.960255067795515060e-03,9.996291399002075195e-01,3.592002391815185547e-02,2.134038358926773071e-01,-7.807539105415344238e-01,-9.538426399230957031e-01,4.132203459739685059e-01,-2.071327924728393555e+00,7.325318455696105957e-02,1.343641161918640137e+00,1.947680562734603882e-01,7.344198226928710938e-01,-2.686360478401184082e-01,-1.783393137156963348e-02,2.102166973054409027e-02,3.715880811214447021e-01,-4.475223720073699951e-01,1.275129318237304688e-01,-2.943718433380126953e-01,-3.217375278472900391e-02,-1.526932418346405029e-01,4.170250892639160156e-01,-2.807883322238922119e-01,-1.616384950466454029e-03
-5.493499636650085449e-01,3.037385642528533936e-01,5.268243551254272461e-01,1.103820558637380600e-02,2.923329919576644897e-02,-4.979212768375873566e-03,9.994992613792419434e-01,4.250789806246757507e-02,1.760959923267364502e-01,-6.159482002258300781e-01,-9.348094463348388672e-01,3.556777238845825195e-01,-2.056108713150024414e+00,9.841182827949523926e-02,1.327313542366027832e+00,1.884410977363586426e-01,8.854751586914062500e-01,-2.876715660095214844e-01,-1.978459209203720093e-02,2.607157267630100250e-02,3.881019949913024902e-01,-4.533081352710723877e-01,1.268139630556106567e-01,-3.097872734069824219e-01,-3.483868390321731567e-02,-1.471133977174758911e-01,4.254762828350067139e-01,-2.888543605804443359e-01,-3.044735640287399292e-03
-5.500940680503845215e-01,3.040972352027893066e-01,5.263524055480957031e-01,1.212954893708229065e-02,3.319355845451354980e-02,-9.075497277081012726e-03,9.993341565132141113e-01,5.084240436553955078e-02,1.411305665969848633e-01,-4.665890634059906006e-01,-8.936417102813720703e-01,2.930145859718322754e-01,-2.000143527984619141e+00,9.929115325212478638e-02,1.302293896675109863e+00,1.958953291177749634e-01,1.016864657402038574e+00,-3.039197623729705811e-01,-2.006300166249275208e-02,3.476718813180923462e-02,4.008290767669677734e-01,-4.572257995605468750e-01,1.275975257158279419e-01,-3.273130655288696289e-01,-3.582982718944549561e-02,-1.357436776161193848e-01,4.344917833805084229e-01,-2.912306785583496094e-01,-6.934617180377244949e-03
-5.503160953521728516e-01,3.044137060642242432e-01,5.259143710136413574e-01,1.349602360278367996e-02,3.522623330354690552e-02,-1.391589455306529999e-02,9.991913437843322754e-01,6.067015603184700012e-02,1.207920536398887634e-01,-3.261578977108001709e-01,-8.735798001289367676e-01,2.289991676807403564e-01,-1.945359945297241211e+00,9.714829176664352417e-02,1.276329755783081055e+00,1.959811747074127197e-01,1.147868871688842773e+00,-3.137727379798889160e-01,-2.081404067575931549e-02,4.573298990726470947e-02,4.122917950153350830e-01,-4.621016979217529297e-01,1.316404640674591064e-01,-3.392162024974822998e-01,-3.643274307250976562e-02,-1.229574829339981079e-01,4.420346319675445557e-01,-2.914440333843231201e-01,-1.104059815406799316e-02
-5.499212145805358887e-01,3.049612045288085938e-01,5.257430672645568848e-01,1.527458429336547852e-02,3.520418331027030945e-02,-1.930257119238376617e-02,9.990769624710083008e-01,7.392194122076034546e-02,1.180876120924949646e-01,-2.088144570589065552e-01,-8.701216578483581543e-01,1.754016876220703125e-01,-1.888103604316711426e+00,8.225390315055847168e-02,1.242869138717651367e+00,1.937921941280364990e-01,1.257811069488525391e+00,-3.118283152580261230e-01,-2.356724813580513000e-02,5.432427674531936646e-02,4.152968227863311768e-01,-4.729355573654174805e-01,1.383413523435592651e-01,-3.443006575107574463e-01,-3.806197270750999451e-02,-1.103149950504302979e-01,4.487164914608001709e-01,-2.965409755706787109e-01,-1.090252771973609924e-02
-5.492315888404846191e-01,3.049023449420928955e-01,5.257553458213806152e-01,1.562804915010929108e-02,3.475416824221611023e-02,-2.428727969527244568e-02,9.989784955978393555e-01,8.338922262191772461e-02,1.071093007922172546e-01,-1.097186803817749023e-01,-8.684116601943969727e-01,1.157004237174987793e-01,-1.838270306587219238e+00,6.717257946729660034e-02,1.215698361396789551e+00,1.938682645559310913e-01,1.349851727485656738e+00,-3.086350262165069580e-01,-2.250167727470397949e-02,5.854964628815650940e-02,4.172149598598480225e-01,-4.793392717838287354e-01,1.413324177265167236e-01,-3.435359895229339600e-01,-3.501375019550323486e-02,-9.987287223339080811e-02,4.472888112068176270e-01,-3.043881952762603760e-01,-1.349582802504301071e-02
-5.485407114028930664e-01,3.050064742565155029e-01,5.254540443420410156e-01,1.599358767271041870e-02,3.290782868862152100e-02,-2.898728661239147186e-02,9.989098906517028809e-01,8.279757946729660034e-02,9.901539236307144165e-02,-3.516779094934463501e-02,-8.753024935722351074e-01,7.031352818012237549e-02,-1.798417210578918457e+00,4.412790387868881226e-02,1.193541884422302246e+00,1.952510923147201538e-01,1.420065402984619141e+00,-3.056320250034332275e-01,-2.074651233851909637e-02,6.796851009130477905e-02,4.255734682083129883e-01,-4.856999218463897705e-01,1.440853923559188843e-01,-3.431444466114044189e-01,-3.299108520150184631e-02,-8.962018042802810669e-02,4.540947377681732178e-01,-3.075367212295532227e-01,-1.647094078361988068e-02
-5.477558970451354980e-01,3.053139150142669678e-01,5.251441001892089844e-01,1.688272505998611450e-02,3.128802776336669922e-02,-3.276804462075233459e-02,9.988304376602172852e-01,9.561417251825332642e-02,9.217844903469085693e-02,2.603500336408615112e-02,-8.799334168434143066e-01,2.093072980642318726e-02,-1.770408511161804199e+00,2.197292260825634003e-02,1.171143412590026855e+00,1.895074248313903809e-01,1.473863601684570312e+00,-3.016306459903717041e-01,-2.137159742414951324e-02,7.620487362146377563e-02,4.306159913539886475e-01,-4.893029630184173584e-01,1.434795707464218140e-01,-3.429782390594482422e-01,-3.389046341180801392e-02,-8.262477815151214600e-02,4.593991935253143311e-01,-3.097759783267974854e-01,-1.498031988739967346e-02
-5.473477244377136230e-01,3.054780662059783936e-01,5.249285101890563965e-01,1.712198927998542786e-02,3.069767169654369354e-02,-3.319598734378814697e-02,9.988305568695068359e-01,8.829826861619949341e-02,8.620879054069519043e-02,6.151783093810081482e-02,-8.868800401687622070e-01,-8.741276338696479797e-03,-1.748606085777282715e+00,2.699492964893579483e-03,1.148993492126464844e+00,1.847805976867675781e-01,1.510157823562622070e+00,-3.016039729118347168e-01,-2.171399630606174469e-02,7.679511606693267822e-02,4.349207878112792969e-01,-4.904614686965942383e-01,1.448923051357269287e-01,-3.414072394371032715e-01,-3.449219837784767151e-02,-8.029155433177947998e-02,4.602800011634826660e-01,-3.071743547916412354e-01,-1.609682105481624603e-02
-5.466496348381042480e-01,3.052766025066375732e-01,5.247923731803894043e-01,1.702787354588508606e-02,2.975321747362613678e-02,-3.200027346611022949e-02,9.988997578620910645e-01,8.721841126680374146e-02,7.663603872060775757e-02,8.497335761785507202e-02,-8.929781317710876465e-01,-3.251783549785614014e-02,-1.736233353614807129e+00,-9.268501773476600647e-03,1.128112912178039551e+00,1.737617254257202148e-01,1.539682626724243164e+00,-3.014561831951141357e-01,-2.145401202142238617e-02,7.447440177202224731e-02,4.405051767826080322e-01,-4.901098906993865967e-01,1.460097134113311768e-01,-3.378058373928070068e-01,-3.504142910242080688e-02,-8.277172595262527466e-02,4.608054161071777344e-01,-3.069835305213928223e-01,-1.861619390547275543e-02
-5.458524227142333984e-01,3.052228391170501709e-01,5.244467258453369141e-01,1.717593893408775330e-02,2.975339442491531372e-02,-3.034369647502899170e-02,9.989489316940307617e-01,8.254978805780410767e-02,7.229650765657424927e-02,9.607321768999099731e-02,-8.995181322097778320e-01,-4.480595514178276062e-02,-1.730679512023925781e+00,-2.055466547608375549e-02,1.112478852272033691e+00,1.592395007610321045e-01,1.562891960144042969e+00,-3.048028051853179932e-01,-2.205273881554603577e-02,7.307822257280349731e-02,4.473322629928588867e-01,-4.887348711490631104e-01,1.451488733291625977e-01,-3.379868566989898682e-01,-3.762734308838844299e-02,-8.803282678127288818e-02,4.649657905101776123e-01,-3.058042526245117188e-01,-1.850210130214691162e-02
-5.451635122299194336e-01,3.054010868072509766e-01,5.240736007690429688e-01,1.759828813374042511e-02,3.043511696159839630e-02,-2.656019106507301331e-02,9.990288019180297852e-01,8.162567019462585449e-02,6.194965541362762451e-02,9.569623321294784546e-02,-9.057524204254150391e-01,-4.544555395841598511e-02,-1.728423953056335449e+00,-2.612374909222126007e-02,1.099897027015686035e+00,1.479949206113815308e-01,1.580055952072143555e+00,-3.101352751255035400e-01,-2.660573646426200867e-02,6.329704821109771729e-02,4.522981941699981689e-01,-4.875659644603729248e-01,1.507552415132522583e-01,-3.418373465538024902e-01,-4.215469211339950562e-02,-9.479207545518875122e-02,4.740739166736602783e-01,-3.032590448856353760e-01,-1.766089536249637604e-02
-5.445965528488159180e-01,3.051936626434326172e-01,5.236298441886901855e-01,1.670935377478599548e-02,2.997039072215557098e-02,-2.276806533336639404e-02,9.991517066955566406e-01,7.194804400205612183e-02,6.172391772270202637e-02,9.127644449472427368e-02,-9.096783995628356934e-01,-3.830252215266227722e-02,-1.726021289825439453e+00,-2.990543842315673828e-02,1.095765233039855957e+00,1.352441012859344482e-01,1.593124389648437500e+00,-3.154202997684478760e-01,-2.475466765463352203e-02,6.052312254905700684e-02,4.620330929756164551e-01,-4.844763278961181641e-01,1.489855945110321045e-01,-3.418031334877014160e-01,-4.314197972416877747e-02,-1.029037311673164368e-01,4.797640144824981689e-01,-3.030553460121154785e-01,-1.911771856248378754e-02
-5.439959764480590820e-01,3.051600456237792969e-01,5.233099460601806641e-01,1.672930642962455750e-02,3.072264976799488068e-02,-1.858067885041236877e-02,9.992151856422424316e-01,6.769873946905136108e-02,6.306087225675582886e-02,7.999797165393829346e-02,-9.133623838424682617e-01,-2.565042860805988312e-02,-1.726808786392211914e+00,-3.398694097995758057e-02,1.094492793083190918e+00,1.259639114141464233e-01,1.608484387397766113e+00,-3.203794062137603760e-01,-2.730321139097213745e-02,5.136323720216751099e-02,4.661864042282104492e-01,-4.831936955451965332e-01,1.487660706043243408e-01,-3.463048636913299561e-01,-4.711263626813888550e-02,-1.105948686599731445e-01,4.894283711910247803e-01,-3.050637543201446533e-01,-1.575914770364761353e-02
-5.436992049217224121e-01,3.051797449588775635e-01,5.230694413185119629e-01,1.660067588090896606e-02,3.113223798573017120e-02,-1.556526403874158859e-02,9.992561936378479004e-01,5.642273649573326111e-02,6.346187740564346313e-02,6.843231618404388428e-02,-9.130489826202392578e-01,-1.215143967419862747e-02,-1.723070621490478516e+00,-3.893974050879478455e-02,1.092997789382934570e+00,1.142914742231369019e-01,1.621064662933349609e+00,-3.230505585670471191e-01,-2.906406670808792114e-02,4.441149532794952393e-02,4.683356583118438721e-01,-4.841779470443725586e-01,1.469697952270507812e-01,-3.486277759075164795e-01,-5.033473297953605652e-02,-1.177613362669944763e-01,4.955728650093078613e-01,-3.051322400569915771e-01,-1.173445954918861389e-02
-5.432218313217163086e-01,3.050705492496490479e-01,5.229381918907165527e-01,1.717131771147251129e-02,3.159094974398612976e-02,-1.256972458213567734e-02,9.992743134498596191e-01,5.392254143953323364e-02,6.366652250289916992e-02,5.557813122868537903e-02,-9.165261387825012207e-01,3.457807237282395363e-03,-1.721603989601135254e+00,-4.480695724487304688e-02,1.096712708473205566e+00,1.054718941450119019e-01,1.635261058807373047e+00,-3.248256742954254150e-01,-3.179920092225074768e-02,3.923518210649490356e-02,4.695447385311126709e-01,-4.854800999164581299e-01,1.485904157161712646e-01,-3.487282991409301758e-01,-5.391531810164451599e-02,-1.233807057142257690e-01,4.975152015686035156e-01,-3.071616291999816895e-01,-1.259007491171360016e-02
-5.426726937294006348e-01,3.051750063896179199e-01,5.228702425956726074e-01,1.794148236513137817e-02,3.204514831304550171e-02,-9.815302677452564240e-03,9.992771744728088379e-01,5.433495342731475830e-02,6.737459450960159302e-02,3.892009705305099487e-02,-9.190770983695983887e-01,1.734370738267898560e-02,-1.717398881912231445e+00,-5.184327811002731323e-02,1.096357583999633789e+00,9.357585012912750244e-02,1.648154020309448242e+00,-3.248732089996337891e-01,-3.587365150451660156e-02,3.480240330100059509e-02,4.684932827949523926e-01,-4.880630075931549072e-01,1.472293287515640259e-01,-3.482159674167633057e-01,-5.865090340375900269e-02,-1.292391121387481689e-01,4.997917711734771729e-01,-3.113158643245697021e-01,-1.074261590838432312e-02
-5.421027541160583496e-01,3.053295612335205078e-01,5.228491425514221191e-01,1.857606507837772369e-02,3.286959603428840637e-02,-7.616051938384771347e-03,9.992579817771911621e-01,4.829281568527221680e-02,7.073605805635452271e-02,2.332968451082706451e-02,-9.192995429039001465e-01,3.294882923364639282e-02,-1.712466001510620117e+00,-5.685002729296684265e-02,1.098612546920776367e+00,8.255063742399215698e-02,1.664671778678894043e+00,-3.263580501079559326e-01,-3.789341449737548828e-02,3.583678230643272400e-02,4.691466987133026123e-01,-4.879228770732879639e-01,1.469922810792922974e-01,-3.470003306865692139e-01,-6.107987463474273682e-02,-1.311012357473373413e-01,4.985016882419586182e-01,-3.132839500904083252e-01,-1.026751473546028137e-02
-5.416522622108459473e-01,3.052840530872344971e-01,5.229429006576538086e-01,1.856328547000885010e-02,3.366174921393394470e-02,-6.930751726031303406e-03,9.992368221282958984e-01,3.651799261569976807e-02,6.414528191089630127e-02,1.143108773976564407e-02,-9.201596975326538086e-01,4.386986419558525085e-02,-1.708672404289245605e+00,-6.076275184750556946e-02,1.107556581497192383e+00,8.210475742816925049e-02,1.684198617935180664e+00,-3.269219100475311279e-01,-3.905117511749267578e-02,3.037240915000438690e-02,4.675949513912200928e-01,-4.870830476284027100e-01,1.480791866779327393e-01,-3.459357321262359619e-01,-6.120223551988601685e-02,-1.318734288215637207e-01,4.963701963424682617e-01,-3.120279610157012939e-01,-1.090881042182445526e-02
-5.410734415054321289e-01,3.053933680057525635e-01,5.230610966682434082e-01,1.937694288790225983e-02,3.550259396433830261e-02,-6.298055872321128845e-03,9.991618394851684570e-01,4.457597807049751282e-02,6.439894437789916992e-02,1.059321803040802479e-03,-9.230873584747314453e-01,5.335566401481628418e-02,-1.704805970191955566e+00,-6.503932923078536987e-02,1.110176205635070801e+00,7.837225496768951416e-02,1.702334046363830566e+00,-3.293810486793518066e-01,-4.170921444892883301e-02,2.893176674842834473e-02,4.661398231983184814e-01,-4.844060838222503662e-01,1.495072394609451294e-01,-3.477098941802978516e-01,-6.404547393321990967e-02,-1.330381035804748535e-01,4.946291446685791016e-01,-3.114101588726043701e-01,-1.014999207109212875e-02
-5.406132936477661133e-01,3.056018352508544922e-01,5.231777429580688477e-01,1.988845318555831909e-02,3.716587275266647339e-02,-6.509103812277317047e-03,9.990899562835693359e-01,4.089562967419624329e-02,6.081610918045043945e-02,-6.452215835452079773e-03,-9.223218560218811035e-01,5.927094072103500366e-02,-1.702935338020324707e+00,-6.926621496677398682e-02,1.117589354515075684e+00,7.545426487922668457e-02,1.723296403884887695e+00,-3.304347991943359375e-01,-4.393516480922698975e-02,2.805459499359130859e-02,4.626668691635131836e-01,-4.813391864299774170e-01,1.507594138383865356e-01,-3.494342565536499023e-01,-6.542544066905975342e-02,-1.317696422338485718e-01,4.930794835090637207e-01,-3.076122999191284180e-01,-6.465589161962270737e-03
-5.403046011924743652e-01,3.062916994094848633e-01,5.233028531074523926e-01,2.081889472901821136e-02,3.932216763496398926e-02,-6.923147011548280716e-03,9.989857077598571777e-01,4.868715256452560425e-02,6.596298515796661377e-02,-1.105054188519716263e-02,-9.225963354110717773e-01,6.468303501605987549e-02,-1.699083447456359863e+00,-7.722209393978118896e-02,1.116233348846435547e+00,7.326290011405944824e-02,1.733210325241088867e+00,-3.313776254653930664e-01,-4.669379070401191711e-02,3.119073808193206787e-02,4.575352966785430908e-01,-4.785729944705963135e-01,1.484275907278060913e-01,-3.533049523830413818e-01,-6.801739335060119629e-02,-1.282763779163360596e-01,4.917361736297607422e-01,-3.044630885124206543e-01,-2.598410239443182945e-03
-5.397269129753112793e-01,3.064108192920684814e-01,5.234699249267578125e-01,2.076832205057144165e-02,4.077842086553573608e-02,-7.859871722757816315e-03,9.989214539527893066e-01,4.907188564538955688e-02,6.521641463041305542e-02,-1.270152442157268524e-02,-9.181668758392333984e-01,7.195399701595306396e-02,-1.693210005760192871e+00,-8.117824792861938477e-02,1.118199467658996582e+00,7.248762995004653931e-02,1.736269831657409668e+00,-3.309078812599182129e-01,-4.636188223958015442e-02,3.226448222994804382e-02,4.537775516510009766e-01,-4.800135493278503418e-01,1.488556265830993652e-01,-3.556086122989654541e-01,-6.785525381565093994e-02,-1.264903694391250610e-01,4.916630089282989502e-01,-3.005144596099853516e-01,-9.214298333972692490e-04
-5.393180847167968750e-01,3.068705201148986816e-01,5.234753489494323730e-01,2.092798799276351929e-02,4.315136745572090149e-02,-9.372580796480178833e-03,9.988053441047668457e-01,4.652965813875198364e-02,6.761936098337173462e-02,-8.984806947410106659e-03,-9.159821867942810059e-01,7.699891179800033569e-02,-1.686289429664611816e+00,-7.751793414354324341e-02,1.118438243865966797e+00,7.541337609291076660e-02,1.737871885299682617e+00,-3.354126214981079102e-01,-4.638517647981643677e-02,3.743686527013778687e-02,4.546387493610382080e-01,-4.814708530902862549e-01,1.493772715330123901e-01,-3.628785610198974609e-01,-6.931135058403015137e-02,-1.242512390017509460e-01,4.945240020751953125e-01,-2.986666560173034668e-01,4.612237215042114258e-03
-5.389199852943420410e-01,3.074006736278533936e-01,5.225263833999633789e-01,2.129150740802288055e-02,4.771135374903678894e-02,-1.108938176184892654e-02,9.985726475715637207e-01,5.147457867860794067e-02,6.282497197389602661e-02,-4.305322188884019852e-03,-9.160475730895996094e-01,8.493478596210479736e-02,-1.679547548294067383e+00,-7.462482899427413940e-02,1.117877960205078125e+00,7.877974212169647217e-02,1.736403584480285645e+00,-3.535245954990386963e-01,-4.790179058909416199e-02,3.782388195395469666e-02,4.714751243591308594e-01,-4.846825003623962402e-01,1.521974056959152222e-01,-3.873984813690185547e-01,-7.249948382377624512e-02,-1.194955185055732727e-01,5.185456275939941406e-01,-3.018264472484588623e-01,7.217372301965951920e-03
-5.388679504394531250e-01,3.082593083381652832e-01,5.208584070205688477e-01,2.154166996479034424e-02,5.287952721118927002e-02,-1.224183104932308197e-02,9.982934594154357910e-01,5.059638991951942444e-02,5.274141579866409302e-02,5.784634500741958618e-03,-9.151934385299682617e-01,9.363319724798202515e-02,-1.673056483268737793e+00,-6.256865710020065308e-02,1.117712259292602539e+00,8.292124420404434204e-02,1.733897447586059570e+00,-3.803614079952239990e-01,-4.939524084329605103e-02,4.028064757585525513e-02,4.992663562297821045e-01,-4.972953200340270996e-01,1.559507399797439575e-01,-4.209802150726318359e-01,-7.668466120958328247e-02,-1.139368787407875061e-01,5.550009012222290039e-01,-3.025790750980377197e-01,1.201548147946596146e-02
-5.389673709869384766e-01,3.092979788780212402e-01,5.178794264793395996e-01,2.204618230462074280e-02,5.946184322237968445e-02,-1.348999515175819397e-02,9.978958964347839355e-01,4.456789046525955200e-02,3.923997282981872559e-02,2.714970149099826813e-02,-9.221540689468383789e-01,9.659086167812347412e-02,-1.668234348297119141e+00,-4.441377520561218262e-02,1.117838621139526367e+00,8.258893340826034546e-02,1.731926321983337402e+00,-4.194848835468292236e-01,-5.041004717350006104e-02,4.479175060987472534e-02,5.437077283859252930e-01,-5.274887084960937500e-01,1.594181358814239502e-01,-4.720489978790283203e-01,-8.283733576536178589e-02,-1.049950420856475830e-01,6.139396429061889648e-01,-3.132091760635375977e-01,1.351984124630689621e-02
-5.387588739395141602e-01,3.102383911609649658e-01,5.130870938301086426e-01,2.305515110492706299e-02,6.559553742408752441e-02,-1.465595606714487076e-02,9.974722266197204590e-01,5.260780826210975647e-02,2.591158635914325714e-02,5.062961205840110779e-02,-9.306952357292175293e-01,1.001523435115814209e-01,-1.664640903472900391e+00,-2.012539468705654144e-02,1.112796306610107422e+00,7.994344085454940796e-02,1.729218006134033203e+00,-4.666836261749267578e-01,-5.491852760314941406e-02,4.112931713461875916e-02,6.062722802162170410e-01,-5.746385455131530762e-01,1.677467226982116699e-01,-5.304616093635559082e-01,-9.187709540128707886e-02,-9.790748357772827148e-02,6.906303167343139648e-01,-3.377997279167175293e-01,1.611959934234619141e-02
-5.389103293418884277e-01,3.100785613059997559e-01,5.062702894210815430e-01,2.352292276918888092e-02,7.240843772888183594e-02,-1.597392000257968903e-02,9.969696998596191406e-01,5.119559541344642639e-02,1.609472930431365967e-02,8.255171775817871094e-02,-9.367371201515197754e-01,1.014401093125343323e-01,-1.669028997421264648e+00,6.218971684575080872e-03,1.112884163856506348e+00,7.726931571960449219e-02,1.726574301719665527e+00,-5.338124632835388184e-01,-5.334941670298576355e-02,4.240352287888526917e-02,6.997858881950378418e-01,-6.282905936241149902e-01,1.824257671833038330e-01,-5.963596701622009277e-01,-9.643556922674179077e-02,-9.022320061922073364e-02,7.760257124900817871e-01,-3.793593049049377441e-01,2.895169425755739212e-03
-5.388211607933044434e-01,3.100311756134033203e-01,4.975842237472534180e-01,2.422222681343555450e-02,7.959114760160446167e-02,-1.485324837267398834e-02,9.964225292205810547e-01,4.727864265441894531e-02,1.474049058742821217e-03,1.116111651062965393e-01,-9.488396644592285156e-01,1.108681187033653259e-01,-1.665124416351318359e+00,4.791167750954627991e-02,1.103200793266296387e+00,6.244625523686408997e-02,1.724971175193786621e+00,-6.132513880729675293e-01,-5.593625828623771667e-02,3.842492774128913879e-02,8.085747957229614258e-01,-6.781655550003051758e-01,1.938415169715881348e-01,-6.632725596427917480e-01,-1.033688411116600037e-01,-8.465885370969772339e-02,8.677636384963989258e-01,-4.407243728637695312e-01,-1.457082293927669525e-02
-5.378628373146057129e-01,3.088183999061584473e-01,4.875705838203430176e-01,2.356928959488868713e-02,8.547312021255493164e-02,-1.354593038558959961e-02,9.959695339202880859e-01,3.740276023745536804e-02,-8.434730581939220428e-03,1.505582034587860107e-01,-9.588491916656494141e-01,1.191363409161567688e-01,-1.652567505836486816e+00,1.011969223618507385e-01,1.103407859802246094e+00,4.259527474641799927e-02,1.719712972640991211e+00,-6.905725002288818359e-01,-5.250552296638488770e-02,3.296616300940513611e-02,9.241269826889038086e-01,-7.355036139488220215e-01,2.021497189998626709e-01,-7.249900102615356445e-01,-1.031896322965621948e-01,-8.156185597181320190e-02,9.619501829147338867e-01,-5.248747467994689941e-01,-3.958272933959960938e-02
-5.363983511924743652e-01,3.073515295982360840e-01,4.757147133350372314e-01,2.390264160931110382e-02,9.207093715667724609e-02,-1.416327897459268570e-02,9.953647851943969727e-01,2.809084020555019379e-02,-2.607712149620056152e-02,1.920123845338821411e-01,-9.717184901237487793e-01,1.215053349733352661e-01,-1.625476360321044922e+00,1.622965484857559204e-01,1.107624292373657227e+00,3.308366611599922180e-02,1.709549307823181152e+00,-7.687001824378967285e-01,-4.989703372120857239e-02,3.039835393428802490e-02,1.041199564933776855e+00,-7.919183969497680664e-01,2.147963643074035645e-01,-7.932424545288085938e-01,-1.042757555842399597e-01,-7.867432385683059692e-02,1.062503337860107422e+00,-5.929390788078308105e-01,-6.165222451090812683e-02
-5.331180095672607422e-01,3.062589168548583984e-01,4.627016186714172363e-01,2.496239356696605682e-02,9.809305518865585327e-02,-1.326418388634920120e-02,9.947757124900817871e-01,3.249088674783706665e-02,-4.583393782377243042e-02,2.452333271503448486e-01,-1.001426815986633301e+00,1.210430786013603210e-01,-1.599164485931396484e+00,2.356051504611968994e-01,1.116906642913818359e+00,2.052383683621883392e-02,1.694415092468261719e+00,-8.396022915840148926e-01,-4.943932592868804932e-02,2.950718067586421967e-02,1.154147744178771973e+00,-8.421872258186340332e-01,2.277629077434539795e-01,-8.655546307563781738e-01,-1.115605160593986511e-01,-7.190668582916259766e-02,1.173429131507873535e+00,-6.337482333183288574e-01,-8.691667765378952026e-02
-5.320146083831787109e-01,3.047746717929840088e-01,4.507390558719635010e-01,2.670638263225555420e-02,1.030072420835494995e-01,-1.266835816204547882e-02,9.942412972450256348e-01,3.211858496069908142e-02,-6.858180463314056396e-02,3.024694621562957764e-01,-1.029236912727355957e+00,1.210320740938186646e-01,-1.560249805450439453e+00,3.035596609115600586e-01,1.124768257141113281e+00,8.986483328044414520e-03,1.662870883941650391e+00,-9.000071287155151367e-01,-4.914266243577003479e-02,2.880258113145828247e-02,1.241737604141235352e+00,-8.699998259544372559e-01,2.398308962583541870e-01,-9.317378997802734375e-01,-1.229744404554367065e-01,-7.058928906917572021e-02,1.271309256553649902e+00,-6.556060314178466797e-01,-9.579318016767501831e-02
-5.335446596145629883e-01,3.028285801410675049e-01,4.420699477195739746e-01,2.934988960623741150e-02,1.057890877127647400e-01,-7.906192913651466370e-03,9.939239025115966797e-01,2.766275592148303986e-02,-8.845267444849014282e-02,3.539190590381622314e-01,-1.059212446212768555e+00,1.303581893444061279e-01,-1.522135853767395020e+00,3.674960434436798096e-01,1.144042611122131348e+00,-1.248417305760085583e-03,1.615634202957153320e+00,-9.496697187423706055e-01,-5.345645174384117126e-02,2.608835883438587189e-02,1.295684933662414551e+00,-8.700000047683715820e-01,2.459396421909332275e-01,-9.826226830482482910e-01,-1.349272429943084717e-01,-7.141748815774917603e-02,1.344523310661315918e+00,-6.808127164840698242e-01,-1.129546165466308594e-01
-5.329157710075378418e-01,3.007105886936187744e-01,4.346675872802734375e-01,3.095051459968090057e-02,1.071151494979858398e-01,-5.936442408710718155e-03,9.937470555305480957e-01,2.411421947181224823e-02,-1.013364419341087341e-01,3.903865516185760498e-01,-1.080645322799682617e+00,1.413232535123825073e-01,-1.466414570808410645e+00,4.197272360324859619e-01,1.158553004264831543e+00,-3.008702769875526428e-03,1.551932811737060547e+00,-9.837383031845092773e-01,-5.470011383295059204e-02,2.237339876592159271e-02,1.341607451438903809e+00,-8.700000047683715820e-01,2.547014057636260986e-01,-1.019666314125061035e+00,-1.387346684932708740e-01,-7.133767008781433105e-02,1.405526876449584961e+00,-7.038796544075012207e-01,-1.343351453542709351e-01
-5.297815203666687012e-01,2.989850342273712158e-01,4.292096793651580811e-01,3.234690800309181213e-02,1.066364794969558716e-01,-5.199718289077281952e-03,9.937581419944763184e-01,3.367326036095619202e-02,-1.168310865759849548e-01,4.154814779758453369e-01,-1.095552206039428711e+00,1.625922024250030518e-01,-1.386121153831481934e+00,4.573234617710113525e-01,1.177242875099182129e+00,4.407568834722042084e-03,1.470053195953369141e+00,-9.972988367080688477e-01,-5.464266240596771240e-02,1.975408941507339478e-02,1.374189138412475586e+00,-8.700000047683715820e-01,2.544289231300354004e-01,-1.036829948425292969e+00,-1.392735838890075684e-01,-6.884121894836425781e-02,1.451312541961669922e+00,-7.190848588943481445e-01,-1.455637514591217041e-01
-5.239387154579162598e-01,2.970286607742309570e-01,4.273513257503509521e-01,3.255899995565414429e-02,1.077034324407577515e-01,-4.839981440454721451e-03,9.936379790306091309e-01,4.145801067352294922e-02,-1.406099200248718262e-01,4.161978065967559814e-01,-1.110008120536804199e+00,1.910588443279266357e-01,-1.280259013175964355e+00,4.772367477416992188e-01,1.189298748970031738e+00,2.221656031906604767e-02,1.364312171936035156e+00,-9.928998947143554688e-01,-5.289803445339202881e-02,1.574780046939849854e-02,1.386541366577148438e+00,-8.700000047683715820e-01,2.517817318439483643e-01,-1.030027270317077637e+00,-1.355138421058654785e-01,-7.247233390808105469e-02,1.463884949684143066e+00,-7.441121935844421387e-01,-1.657650321722030640e-01
-5.162053704261779785e-01,2.955681383609771729e-01,4.301887452602386475e-01,3.337230533361434937e-02,1.096301898360252380e-01,-4.172681365162134171e-03,9.934033155441284180e-01,4.084887355566024780e-02,-1.809439957141876221e-01,4.044056534767150879e-01,-1.119039297103881836e+00,2.287244498729705811e-01,-1.151896595954895020e+00,4.904898107051849365e-01,1.190365672111511230e+00,3.921879082918167114e-02,1.248636722564697266e+00,-9.628590941429138184e-01,-5.410122126340866089e-02,1.397619489580392838e-02,1.361713647842407227e+00,-8.700000047683715820e-01,2.511177361011505127e-01,-9.981520175933837891e-01,-1.308783590793609619e-01,-7.635512202978134155e-02,1.440922856330871582e+00,-7.630046606063842773e-01,-1.752968579530715942e-01
-5.059344172477722168e-01,2.941266298294067383e-01,4.380477964878082275e-01,3.322774171829223633e-02,1.144145950675010681e-01,-5.729888100177049637e-03,9.928607344627380371e-01,4.858579859137535095e-02,-2.386768013238906860e-01,3.954101204872131348e-01,-1.121160030364990234e+00,2.506405413150787354e-01,-1.038546085357666016e+00,4.987351596355438232e-01,1.190904855728149414e+00,5.885317176580429077e-02,1.146075129508972168e+00,-9.076054096221923828e-01,-5.027396976947784424e-02,1.435798313468694687e-02,1.299172282218933105e+00,-8.700000047683715820e-01,2.510727345943450928e-01,-9.430379271507263184e-01,-1.210214123129844666e-01,-8.402683585882186890e-02,1.375895857810974121e+00,-7.636353373527526855e-01,-1.752026081085205078e-01
-4.909554421901702881e-01,2.934370636940002441e-01,4.511763155460357666e-01,3.060443699359893799e-02,1.153481826186180115e-01,-9.228089824318885803e-03,9.928106665611267090e-01,5.343334376811981201e-02,-3.010849654674530029e-01,3.990279734134674072e-01,-1.126649737358093262e+00,2.676654756069183350e-01,-9.297251701354980469e-01,5.152050852775573730e-01,1.188447237014770508e+00,8.201797306537628174e-02,1.050604224205017090e+00,-8.026952743530273438e-01,-4.112899675965309143e-02,1.790146715939044952e-02,1.191617727279663086e+00,-8.700000047683715820e-01,2.430010288953781128e-01,-8.376404643058776855e-01,-1.072530671954154968e-01,-9.766833484172821045e-02,1.258006453514099121e+00,-7.504608631134033203e-01,-1.612776368856430054e-01
-4.660563170909881592e-01,2.952747642993927002e-01,4.660640060901641846e-01,2.605616301298141479e-02,1.063784584403038025e-01,-1.864746399223804474e-02,9.938093423843383789e-01,6.386325508356094360e-02,-3.041553497314453125e-01,4.035968780517578125e-01,-1.151679277420043945e+00,2.768544256687164307e-01,-7.914341092109680176e-01,5.224621295928955078e-01,1.178473353385925293e+00,1.194398105144500732e-01,9.372956752777099609e-01,-6.368492245674133301e-01,-2.645604871213436127e-02,3.696273267269134521e-02,1.064945220947265625e+00,-8.680812120437622070e-01,2.146852910518646240e-01,-6.645711660385131836e-01,-9.370893239974975586e-02,-1.082208901643753052e-01,1.087032556533813477e+00,-7.110157012939453125e-01,-1.164640635251998901e-01
-4.486493468284606934e-01,2.985619008541107178e-01,4.880031049251556396e-01,2.419600635766983032e-02,8.812619000673294067e-02,-1.709041185677051544e-02,9.956687688827514648e-01,6.516013294458389282e-02,-2.659627497196197510e-01,3.784362971782684326e-01,-1.168817162513732910e+00,2.907171845436096191e-01,-6.184890866279602051e-01,4.987567961215972900e-01,1.184774637222290039e+00,1.536552011966705322e-01,7.677788734436035156e-01,-4.452987909317016602e-01,-2.828965708613395691e-02,4.802311584353446960e-02,8.527014851570129395e-01,-7.187634110450744629e-01,1.436189711093902588e-01,-4.620649218559265137e-01,-9.955106675624847412e-02,-1.338829398155212402e-01,8.629012703895568848e-01,-5.455425977706909180e-01,-2.025305293500423431e-02
-4.425605535507202148e-01,3.035598993301391602e-01,5.147253274917602539e-01,3.032497130334377289e-02,8.423828333616256714e-02,-1.725707016885280609e-02,9.958345890045166016e-01,7.672218978404998779e-02,-2.223149091005325317e-01,3.501257002353668213e-01,-1.212488412857055664e+00,2.616747915744781494e-01,-4.691675305366516113e-01,4.454655349254608154e-01,1.189583420753479004e+00,1.593558937311172485e-01,5.915111303329467773e-01,-3.067132830619812012e-01,-4.725534468889236450e-02,6.364600360393524170e-02,5.962082743644714355e-01,-3.603337109088897705e-01,7.506522536277770996e-02,-2.939929962158203125e-01,-1.058877706527709961e-01,-1.289292871952056885e-01,5.645296573638916016e-01,-1.344176828861236572e-01,7.501384615898132324e-02
-4.323536455631256104e-01,3.023046553134918213e-01,5.331041812896728516e-01,3.013624623417854309e-02,7.393433898687362671e-02,-2.146113850176334381e-02,9.965766072273254395e-01,9.489010274410247803e-02,-2.106385380029678345e-01,3.537613153457641602e-01,-1.222019314765930176e+00,2.053427845239639282e-01,-3.680804669857025146e-01,3.908840715885162354e-01,1.210653066635131836e+00,1.539548486471176147e-01,4.248341917991638184e-01,-2.252759784460067749e-01,-4.259470105171203613e-02,5.939935147762298584e-02,4.579089879989624023e-01,2.957574278116226196e-02,6.110309809446334839e-02,-2.223629355430603027e-01,-1.021094098687171936e-01,-1.054865866899490356e-01,4.547113776206970215e-01,2.509043812751770020e-01,1.002610772848129272e-01
-4.115189313888549805e-01,3.008153438568115234e-01,5.564390420913696289e-01,2.598813734948635101e-02,6.577856838703155518e-02,-2.115153335034847260e-02,9.972714781761169434e-01,9.120446443557739258e-02,-1.955834329128265381e-01,3.820422887802124023e-01,-1.224488973617553711e+00,1.277198344469070435e-01,-3.095375299453735352e-01,3.508755564689636230e-01,1.245840787887573242e+00,1.325721442699432373e-01,2.806436121463775635e-01,-1.821625977754592896e-01,-3.818212077021598816e-02,3.995254263281822205e-02,3.990019857883453369e-01,2.627196907997131348e-01,4.493035003542900085e-02,-2.175147235393524170e-01,-1.022231429815292358e-01,-1.057698130607604980e-01,4.831113815307617188e-01,3.449158072471618652e-01,9.690980613231658936e-02
-3.939065635204315186e-01,3.020540177822113037e-01,5.884970426559448242e-01,2.408124879002571106e-02,5.039756372570991516e-02,-2.974960207939147949e-02,9.979955554008483887e-01,9.365277737379074097e-02,-1.630434691905975342e-01,4.399998784065246582e-01,-1.227519035339355469e+00,8.781921118497848511e-02,-2.907951474189758301e-01,3.577445447444915771e-01,1.259349703788757324e+00,1.331931799650192261e-01,2.136109322309494019e-01,-1.898001283407211304e-01,-8.406846970319747925e-02,-3.488901630043983459e-02,4.408068656921386719e-01,2.090861052274703979e-01,5.473308265209197998e-02,-2.193270772695541382e-01,-1.114823967218399048e-01,-1.229822114109992981e-01,4.875682890415191650e-01,3.114269375801086426e-01,6.431028246879577637e-02
-3.717228472232818604e-01,3.015382289886474609e-01,6.105760931968688965e-01,2.373928576707839966e-02,3.239874914288520813e-02,-3.440906852483749390e-02,9.986004233360290527e-01,9.158897399902343750e-02,-1.224545091390609741e-01,5.021309256553649902e-01,-1.219341754913330078e+00,5.495965480804443359e-02,-2.865371704101562500e-01,3.979459106922149658e-01,1.268636703491210938e+00,9.597330540418624878e-02,1.976003944873809814e-01,-1.893231123685836792e-01,-1.167333051562309265e-01,-7.426083832979202271e-02,4.893678426742553711e-01,1.552623808383941650e-01,2.337666787207126617e-02,-2.099560350179672241e-01,-1.207825019955635071e-01,-1.547219753265380859e-01,5.065602660179138184e-01,2.879699766635894775e-01,7.006750255823135376e-02
-3.467361330986022949e-01,3.032149970531463623e-01,6.216623187065124512e-01,1.597962342202663422e-02,1.181704271584749222e-02,-4.295996204018592834e-02,9.988790750503540039e-01,8.943679183721542358e-02,-9.928714483976364136e-02,5.242819786071777344e-01,-1.193188786506652832e+00,4.190516844391822815e-02,-2.616733610630035400e-01,4.245317876338958740e-01,1.283949732780456543e+00,6.761409342288970947e-02,1.958026438951492310e-01,-1.843720078468322754e-01,-1.214877888560295105e-01,-9.910637140274047852e-02,5.413245558738708496e-01,1.240556463599205017e-01,4.363067448139190674e-03,-2.280557006597518921e-01,-1.131433323025703430e-01,-1.432140171527862549e-01,5.696588158607482910e-01,2.523790001869201660e-01,9.402042627334594727e-02
-3.250757455825805664e-01,3.013374507427215576e-01,6.313851475715637207e-01,1.722185313701629639e-02,5.861493293195962906e-03,-4.344914481043815613e-02,9.988899827003479004e-01,8.759509027004241943e-02,-8.192179352045059204e-02,5.474808216094970703e-01,-1.178859114646911621e+00,2.724851109087467194e-02,-2.628060579299926758e-01,4.438494741916656494e-01,1.287417769432067871e+00,4.045290127396583557e-02,2.213825434446334839e-01,-1.972932070493698120e-01,-1.124413684010505676e-01,-9.124720841646194458e-02,5.074484944343566895e-01,1.158413514494895935e-01,8.171488530933856964e-03,-2.456098049879074097e-01,-1.086077541112899780e-01,-1.564601212739944458e-01,5.422005653381347656e-01,2.350690811872482300e-01,1.091557517647743225e-01
-3.028353154659271240e-01,2.980579733848571777e-01,6.365200281143188477e-01,2.061270736157894135e-02,-1.165165682323276997e-03,-3.987741097807884216e-02,9.989912509918212891e-01,9.023228287696838379e-02,-5.880620330572128296e-02,5.622869133949279785e-01,-1.162873268127441406e+00,2.114706113934516907e-02,-2.700610458850860596e-01,4.600972533226013184e-01,1.285460710525512695e+00,1.998408325016498566e-02,2.651510536670684814e-01,-2.064864784479141235e-01,-8.377587795257568359e-02,-4.719275981187820435e-02,4.607223272323608398e-01,7.612172514200210571e-02,2.296088077127933502e-02,-2.516825795173645020e-01,-1.084005981683731079e-01,-1.746980547904968262e-01,4.944130778312683105e-01,2.174699753522872925e-01,1.311575472354888916e-01
-2.808397114276885986e-01,2.952693402767181396e-01,6.351998448371887207e-01,2.291703782975673676e-02,-8.967136032879352570e-03,-3.676224872469902039e-02,9.990209937095642090e-01,8.820281177759170532e-02,-4.268426075577735901e-02,5.862389802932739258e-01,-1.142159938812255859e+00,6.238190922886133194e-03,-2.983304858207702637e-01,4.754997789859771729e-01,1.281412601470947266e+00,9.552988223731517792e-03,3.261103034019470215e-01,-2.137837409973144531e-01,-4.613818973302841187e-02,2.615958824753761292e-02,4.172695875167846680e-01,3.945170342922210693e-02,2.629183046519756317e-02,-2.566948831081390381e-01,-1.045735403895378113e-01,-1.790396124124526978e-01,4.420637488365173340e-01,2.154984176158905029e-01,1.418680399656295776e-01
-2.598767280578613281e-01,2.931239902973175049e-01,6.260568499565124512e-01,2.367974631488323212e-02,-1.537678111344575882e-02,-3.394194319844245911e-02,9.990249276161193848e-01,9.004033356904983521e-02,-3.230726718902587891e-02,6.064964532852172852e-01,-1.121171474456787109e+00,-9.614106267690658569e-03,-3.352018296718597412e-01,4.898334443569183350e-01,1.270794391632080078e+00,1.110952347517013550e-03,4.013049602508544922e-01,-2.188089936971664429e-01,-9.545732289552688599e-03,1.017732843756675720e-01,3.664465844631195068e-01,6.341448426246643066e-02,2.415324002504348755e-02,-2.720020413398742676e-01,-9.589172154664993286e-02,-1.660672724246978760e-01,3.950025439262390137e-01,2.233793884515762329e-01,1.455706506967544556e-01
-2.401555776596069336e-01,2.918535470962524414e-01,6.097635626792907715e-01,2.213359810411930084e-02,-1.991815306246280670e-02,-2.945270203053951263e-02,9.991225600242614746e-01,8.437608182430267334e-02,-2.443072199821472168e-02,6.216641664505004883e-01,-1.087033748626708984e+00,-1.012501213699579239e-02,-3.876702189445495605e-01,5.017322897911071777e-01,1.264219880104064941e+00,-8.632496930658817291e-03,4.911337196826934814e-01,-2.318239957094192505e-01,2.007501386106014252e-02,1.561674326658248901e-01,3.238396048545837402e-01,1.126119792461395264e-01,1.262316200882196426e-02,-2.904764711856842041e-01,-8.408416062593460083e-02,-1.463141888380050659e-01,3.476604223251342773e-01,2.424682825803756714e-01,1.440989822149276733e-01
-2.198780030012130737e-01,2.900992631912231445e-01,5.871690511703491211e-01,2.274782396852970123e-02,-2.856614254415035248e-02,-2.665337547659873962e-02,9.989775419235229492e-01,9.092207252979278564e-02,-5.299303680658340454e-03,6.322255730628967285e-01,-1.057542562484741211e+00,4.597708582878112793e-03,-4.419606029987335205e-01,5.189125537872314453e-01,1.251026153564453125e+00,-1.389329903759062290e-03,5.915723443031311035e-01,-2.305158227682113647e-01,3.027397021651268005e-02,1.723807603120803833e-01,2.836916446685791016e-01,1.530552804470062256e-01,9.775153361260890961e-03,-3.043181598186492920e-01,-7.630816847085952759e-02,-1.156149730086326599e-01,3.198743164539337158e-01,2.764689624309539795e-01,1.464406698942184448e-01
-1.998052000999450684e-01,2.889970541000366211e-01,5.575739145278930664e-01,2.252996154129505157e-02,-3.992793709039688110e-02,-2.224346809089183807e-02,9.987008571624755859e-01,7.652848958969116211e-02,1.843719556927680969e-02,6.438136696815490723e-01,-1.014514565467834473e+00,1.994222588837146759e-02,-5.085526704788208008e-01,5.375311970710754395e-01,1.246675014495849609e+00,-1.217041816562414169e-02,6.895267367362976074e-01,-2.430489808320999146e-01,2.936196327209472656e-02,1.468072682619094849e-01,2.918510138988494873e-01,1.637644469738006592e-01,1.254435046575963497e-03,-3.108306229114532471e-01,-6.437293440103530884e-02,-8.007336407899856567e-02,3.159772157669067383e-01,3.165620565414428711e-01,1.524596363306045532e-01
-1.807356029748916626e-01,2.887376248836517334e-01,5.268074274063110352e-01,2.596106566488742828e-02,-5.441253259778022766e-02,-1.687349379062652588e-02,9.980383515357971191e-01,6.518313288688659668e-02,4.824009537696838379e-02,6.445733308792114258e-01,-9.719460010528564453e-01,4.758781939744949341e-02,-5.768960118293762207e-01,5.511838197708129883e-01,1.230342626571655273e+00,-1.860956847667694092e-02,7.855086922645568848e-01,-2.831775546073913574e-01,9.870773181319236755e-03,1.073315143585205078e-01,4.059723615646362305e-01,5.021443590521812439e-02,4.210602119565010071e-02,-3.348174393177032471e-01,-5.441888421773910522e-02,-2.751415967941284180e-02,3.995884954929351807e-01,2.682715058326721191e-01,1.202099919319152832e-01
-1.591503173112869263e-01,2.905873954296112061e-01,5.093323588371276855e-01,2.381977066397666931e-02,-8.460733294486999512e-02,-1.493688300251960754e-02,9.960176348686218262e-01,6.230991333723068237e-02,1.225600242614746094e-01,6.538909077644348145e-01,-9.235672354698181152e-01,7.092311233282089233e-02,-6.322124600410461426e-01,5.783379673957824707e-01,1.213528990745544434e+00,-1.589609868824481964e-02,8.639273643493652344e-01,-3.208775818347930908e-01,1.013841200619935989e-02,9.795722365379333496e-02,7.130171060562133789e-01,-3.661275804042816162e-01,1.138307675719261169e-01,-3.720861375331878662e-01,-5.313225463032722473e-02,-2.551167644560337067e-02,6.816620230674743652e-01,-1.725462824106216431e-01,8.125893771648406982e-03
-1.481204479932785034e-01,2.900569438934326172e-01,4.890418052673339844e-01,2.053133584558963776e-02,-9.001386910676956177e-02,-1.880448497831821442e-02,9.955512881278991699e-01,7.772886753082275391e-02,1.411814540624618530e-01,5.585425496101379395e-01,-9.134215116500854492e-01,8.852228522300720215e-02,-6.213514208793640137e-01,4.942859113216400146e-01,1.215216517448425293e+00,8.363755419850349426e-03,8.326219320297241211e-01,-3.921893835067749023e-01,2.473894879221916199e-02,9.209660440683364868e-02,9.180495738983154297e-01,-5.942224860191345215e-01,1.678707897663116455e-01,-4.744689762592315674e-01,-5.300711467862129211e-02,-3.776179999113082886e-02,9.169083833694458008e-01,-3.519183695316314697e-01,-5.020838230848312378e-02
-1.407525986433029175e-01,2.902890443801879883e-01,4.802613258361816406e-01,2.025805786252021790e-02,-9.792831540107727051e-02,-1.108349487185478210e-02,9.949255585670471191e-01,7.915318757295608521e-02,1.594618260860443115e-01,4.314838051795959473e-01,-9.540510773658752441e-01,1.036118716001510620e-01,-5.573297739028930664e-01,3.982248008251190186e-01,1.244224309921264648e+00,4.448558669537305832e-03,7.036219239234924316e-01,-4.039923250675201416e-01,1.554142404347658157e-02,7.743772864341735840e-02,1.002869725227355957e+00,-6.987568140029907227e-01,2.094879746437072754e-01,-4.878617823123931885e-01,-6.261371821165084839e-02,-4.293859750032424927e-02,1.008199930191040039e+00,-4.328860640525817871e-01,-6.193737685680389404e-02
-1.358509212732315063e-01,2.909672856330871582e-01,4.789120554924011230e-01,2.258145250380039215e-02,-9.426349401473999023e-02,6.308589596301317215e-03,9.952711462974548340e-01,5.800431221723556519e-02,1.483021378517150879e-01,3.265526592731475830e-01,-1.027659773826599121e+00,1.666697710752487183e-01,-5.733189582824707031e-01,3.365943133831024170e-01,1.281407833099365234e+00,-1.795931346714496613e-02,6.624639034271240234e-01,-4.331712424755096436e-01,-4.809607286006212234e-03,5.555736646056175232e-02,1.039126157760620117e+00,-6.785507202148437500e-01,2.046047747135162354e-01,-4.768209159374237061e-01,-8.293866366147994995e-02,-5.505279451608657837e-02,1.013502359390258789e+00,-4.774012267589569092e-01,-7.670278102159500122e-02
-1.331395804882049561e-01,2.915858328342437744e-01,4.842378795146942139e-01,2.868842333555221558e-02,-8.543058484792709351e-02,4.829999990761280060e-03,9.959192872047424316e-01,6.898804008960723877e-02,1.158725619316101074e-01,2.852734327316284180e-01,-1.085379481315612793e+00,2.124549597501754761e-01,-6.619369387626647949e-01,3.013471961021423340e-01,1.292258977890014648e+00,2.896156907081604004e-02,7.050858139991760254e-01,-4.108811318874359131e-01,-1.744927465915679932e-02,6.597330421209335327e-02,9.797050952911376953e-01,-6.596246361732482910e-01,1.924538165330886841e-01,-4.716466069221496582e-01,-9.842813760042190552e-02,-5.171243101358413696e-02,9.780685901641845703e-01,-4.526376724243164062e-01,-6.148517131805419922e-02
-1.323434561491012573e-01,2.922033667564392090e-01,4.929494857788085938e-01,3.265640512108802795e-02,-7.091139256954193115e-02,5.172385044716065750e-06,9.969478845596313477e-01,9.250809997320175171e-02,7.907284051179885864e-02,2.703447639942169189e-01,-1.092394948005676270e+00,2.489726543426513672e-01,-7.980660796165466309e-01,2.572723627090454102e-01,1.270519495010375977e+00,1.018887758255004883e-01,7.632424235343933105e-01,-3.857596516609191895e-01,-2.150379680097103119e-02,8.301348984241485596e-02,8.860709667205810547e-01,-6.205215454101562500e-01,1.773793548345565796e-01,-4.613870680332183838e-01,-1.020365580916404724e-01,-4.535070434212684631e-02,9.016013145446777344e-01,-4.069025516510009766e-01,-4.092713072896003723e-02
-1.321310251951217651e-01,2.927039861679077148e-01,5.020919442176818848e-01,3.200548514723777771e-02,-5.799581483006477356e-02,2.563707530498504639e-03,9.978003501892089844e-01,8.860178291797637939e-02,5.633622780442237854e-02,2.619814276695251465e-01,-1.075062751770019531e+00,2.819492220878601074e-01,-9.219125509262084961e-01,2.180532217025756836e-01,1.241847157478332520e+00,1.479788273572921753e-01,8.188976049423217773e-01,-3.640407025814056396e-01,-2.437482215464115143e-02,8.179935067892074585e-02,7.944580912590026855e-01,-5.541147589683532715e-01,1.562539786100387573e-01,-4.305508136749267578e-01,-1.006662845611572266e-01,-5.429497361183166504e-02,8.039288520812988281e-01,-3.628068566322326660e-01,-3.165275976061820984e-02
-1.311618983745574951e-01,2.932516932487487793e-01,5.098480582237243652e-01,3.128429874777793884e-02,-4.651983827352523804e-02,7.581450976431369781e-03,9.983986020088195801e-01,8.228339254856109619e-02,3.917171806097030640e-02,2.430974096059799194e-01,-1.075740575790405273e+00,3.115735948085784912e-01,-9.996872544288635254e-01,1.870198398828506470e-01,1.218000292778015137e+00,1.737308502197265625e-01,8.807296156883239746e-01,-3.456822037696838379e-01,-3.020207583904266357e-02,7.308871299028396606e-02,7.139099836349487305e-01,-4.868564605712890625e-01,1.386140435934066772e-01,-3.962186276912689209e-01,-1.010627374053001404e-01,-6.790892779827117920e-02,7.103868722915649414e-01,-3.144209086894989014e-01,-2.460148371756076813e-02
-1.304479241371154785e-01,2.936188280582427979e-01,5.161170959472656250e-01,3.120964951813220978e-02,-3.512576222419738770e-02,7.868215441703796387e-03,9.988644719123840332e-01,8.778332918882369995e-02,3.231248632073402405e-02,2.211475968360900879e-01,-1.079281687736511230e+00,3.364736437797546387e-01,-1.056005001068115234e+00,1.583007723093032837e-01,1.208271384239196777e+00,1.945414543151855469e-01,9.359979629516601562e-01,-3.219909369945526123e-01,-3.352683410048484802e-02,7.284580916166305542e-02,6.294967532157897949e-01,-4.379902780055999756e-01,1.251811385154724121e-01,-3.737625479698181152e-01,-9.943091124296188354e-02,-7.497972249984741211e-02,6.298614740371704102e-01,-2.679569423198699951e-01,-1.306484919041395187e-02
-1.302527040243148804e-01,2.939249277114868164e-01,5.206940770149230957e-01,3.194947540760040283e-02,-2.381600439548492432e-02,6.588155403733253479e-03,9.991839528083801270e-01,1.011344864964485168e-01,2.696838974952697754e-02,2.007231861352920532e-01,-1.069105744361877441e+00,3.470205962657928467e-01,-1.110894083976745605e+00,1.294890046119689941e-01,1.203995108604431152e+00,2.097507119178771973e-01,9.886133670806884766e-01,-2.980036139488220215e-01,-3.810537979006767273e-02,7.596829533576965332e-02,5.468668937683105469e-01,-4.195480048656463623e-01,1.245497241616249084e-01,-3.631698787212371826e-01,-9.780780225992202759e-02,-7.582289725542068481e-02,5.665615797042846680e-01,-2.365669161081314087e-01,-1.539813471026718616e-03
-1.308574974536895752e-01,2.939870953559875488e-01,5.237724781036376953e-01,3.184261173009872437e-02,-1.257570087909698486e-02,6.317082326859235764e-03,9.993938207626342773e-01,1.018020138144493103e-01,1.913828589022159576e-02,1.774106174707412720e-01,-1.058239459991455078e+00,3.394376337528228760e-01,-1.170121550559997559e+00,9.714027494192123413e-02,1.202108860015869141e+00,2.150181233882904053e-01,1.040525913238525391e+00,-2.830318510532379150e-01,-4.060625284910202026e-02,7.981483638286590576e-02,4.797647893428802490e-01,-4.238991737365722656e-01,1.271051466464996338e-01,-3.609739243984222412e-01,-9.530548006296157837e-02,-7.772925496101379395e-02,5.176410675048828125e-01,-2.271302193403244019e-01,1.008704490959644318e-02
-1.315531134605407715e-01,2.938619256019592285e-01,5.252264142036437988e-01,3.186028078198432922e-02,-2.835530089214444160e-03,7.008452899754047394e-03,9.994637370109558105e-01,1.030040234327316284e-01,1.860504038631916046e-02,1.522615402936935425e-01,-1.051877737045288086e+00,3.183782100677490234e-01,-1.220664024353027344e+00,6.291583180427551270e-02,1.197551727294921875e+00,2.084906250238418579e-01,1.092227816581726074e+00,-2.773956060409545898e-01,-4.353325441479682922e-02,7.867328077554702759e-02,4.341542124748229980e-01,-4.372937083244323730e-01,1.298951208591461182e-01,-3.680574595928192139e-01,-9.324900805950164795e-02,-7.544009387493133545e-02,4.913040399551391602e-01,-2.298270761966705322e-01,1.812305860221385956e-02
-1.321067959070205688e-01,2.936609983444213867e-01,5.254459977149963379e-01,3.095440007746219635e-02,4.105159547179937363e-03,7.747638504952192307e-03,9.994823336601257324e-01,1.002563610672950745e-01,2.024692296981811523e-02,1.270405352115631104e-01,-1.041792631149291992e+00,2.866934835910797119e-01,-1.268674492835998535e+00,2.757101878523826599e-02,1.194398522377014160e+00,1.929569095373153687e-01,1.141339898109436035e+00,-2.807610929012298584e-01,-4.222443699836730957e-02,7.375703752040863037e-02,4.139627218246459961e-01,-4.546067714691162109e-01,1.324892938137054443e-01,-3.807626068592071533e-01,-9.021925926208496094e-02,-7.493217289447784424e-02,4.857781827449798584e-01,-2.404008209705352783e-01,2.505183219909667969e-02
-1.324883848428726196e-01,2.936432361602783203e-01,5.248321890830993652e-01,2.970715984702110291e-02,8.886828087270259857e-03,8.907780051231384277e-03,9.994794726371765137e-01,1.000726073980331421e-01,2.664425969123840332e-02,9.501400589942932129e-02,-1.032916665077209473e+00,2.559373378753662109e-01,-1.308594107627868652e+00,-3.153301076963543892e-03,1.190116405487060547e+00,1.729167401790618896e-01,1.190867781639099121e+00,-3.009877800941467285e-01,-3.994172438979148865e-02,6.899038702249526978e-02,4.283396303653717041e-01,-4.622583389282226562e-01,1.365434676408767700e-01,-3.970050513744354248e-01,-8.911532163619995117e-02,-7.805371284484863281e-02,4.956131577491760254e-01,-2.526921629905700684e-01,2.808525599539279938e-02
-1.322084069252014160e-01,2.936677336692810059e-01,5.242593884468078613e-01,2.858402766287326813e-02,1.093307696282863617e-02,1.141997519880533218e-02,9.994663596153259277e-01,9.143120050430297852e-02,3.942564874887466431e-02,6.175885349512100220e-02,-1.022336125373840332e+00,2.298774123191833496e-01,-1.345946550369262695e+00,-2.482264675199985504e-02,1.182814955711364746e+00,1.565659344196319580e-01,1.237863421440124512e+00,-3.177587687969207764e-01,-3.843070939183235168e-02,6.377571076154708862e-02,4.487473070621490479e-01,-4.685680568218231201e-01,1.352269500494003296e-01,-4.059188961982727051e-01,-8.801595121622085571e-02,-7.913130521774291992e-02,5.073280930519104004e-01,-2.703364789485931396e-01,2.546094171702861786e-02
-1.317716389894485474e-01,2.937889397144317627e-01,5.234431624412536621e-01,2.813135832548141479e-02,1.186340674757957458e-02,1.252824719995260239e-02,9.994553327560424805e-01,8.635739982128143311e-02,5.858311802148818970e-02,2.484528906643390656e-02,-1.011137962341308594e+00,2.130106985569000244e-01,-1.386397361755371094e+00,-4.176254570484161377e-02,1.175840735435485840e+00,1.517783552408218384e-01,1.292600035667419434e+00,-3.300240635871887207e-01,-3.805938363075256348e-02,6.103868037462234497e-02,4.682186841964721680e-01,-4.791917502880096436e-01,1.378541141748428345e-01,-4.153861701488494873e-01,-8.897152543067932129e-02,-8.047366142272949219e-02,5.221522450447082520e-01,-2.801590859889984131e-01,2.331336215138435364e-02
-1.309587508440017700e-01,2.937183082103729248e-01,5.220362544059753418e-01,2.695764228701591492e-02,1.416521798819303513e-02,1.366805657744407654e-02,9.994427561759948730e-01,8.330125361680984497e-02,7.801043987274169922e-02,-2.221658080816268921e-02,-9.954586029052734375e-01,1.876986324787139893e-01,-1.428196430206298828e+00,-6.309082359075546265e-02,1.168390750885009766e+00,1.503971219062805176e-01,1.353220939636230469e+00,-3.497461676597595215e-01,-3.504377603530883789e-02,5.852231383323669434e-02,4.958209693431854248e-01,-4.919089078903198242e-01,1.386770159006118774e-01,-4.319669902324676514e-01,-8.818256109952926636e-02,-8.173872530460357666e-02,5.461652874946594238e-01,-2.913516461849212646e-01,2.404374442994594574e-02
-1.308525800704956055e-01,2.940935194492340088e-01,5.206259489059448242e-01,2.698061987757682800e-02,1.703250408172607422e-02,1.322284340858459473e-02,9.994033575057983398e-01,8.596614003181457520e-02,9.338561445474624634e-02,-7.400733977556228638e-02,-9.807680845260620117e-01,1.628377139568328857e-01,-1.465776681900024414e+00,-9.792348742485046387e-02,1.147140979766845703e+00,1.501997113227844238e-01,1.408957242965698242e+00,-3.715362548828125000e-01,-3.581984713673591614e-02,5.709784477949142456e-02,5.229467153549194336e-01,-5.024330615997314453e-01,1.420670896768569946e-01,-4.516921043395996094e-01,-9.046187251806259155e-02,-7.985827326774597168e-02,5.687586069107055664e-01,-3.024016916751861572e-01,2.516964823007583618e-02
-1.307010799646377563e-01,2.943872809410095215e-01,5.189734697341918945e-01,2.592482790350914001e-02,1.991724967956542969e-02,1.377922855317592621e-02,9.993704557418823242e-01,8.153762668371200562e-02,9.867206215858459473e-02,-1.271106004714965820e-01,-9.666487574577331543e-01,1.460580229759216309e-01,-1.497144818305969238e+00,-1.297319084405899048e-01,1.127140760421752930e+00,1.468161344528198242e-01,1.468540072441101074e+00,-3.976277709007263184e-01,-3.326907753944396973e-02,5.611069500446319580e-02,5.575098395347595215e-01,-5.186566710472106934e-01,1.432082056999206543e-01,-4.728755056858062744e-01,-9.073204547166824341e-02,-7.987913489341735840e-02,5.952809453010559082e-01,-3.187963366508483887e-01,2.823551744222640991e-02
-1.304037123918533325e-01,2.947499752044677734e-01,5.167286396026611328e-01,2.463709935545921326e-02,2.358116582036018372e-02,1.339539512991905212e-02,9.993285536766052246e-01,7.707647979259490967e-02,1.048166230320930481e-01,-1.766450107097625732e-01,-9.572210311889648438e-01,1.357929110527038574e-01,-1.529116988182067871e+00,-1.666513830423355103e-01,1.110826015472412109e+00,1.440092921257019043e-01,1.524808406829833984e+00,-4.270388484001159668e-01,-3.085619024932384491e-02,5.408141016960144043e-02,5.962433218955993652e-01,-5.406286716461181641e-01,1.478919386863708496e-01,-4.991258978843688965e-01,-8.956620842218399048e-02,-7.734318822622299194e-02,6.282787919044494629e-01,-3.361471295356750488e-01,2.732054889202117920e-02
-1.304397135972976685e-01,2.950164079666137695e-01,5.141714215278625488e-01,2.300708368420600891e-02,2.918579429388046265e-02,1.268467959016561508e-02,9.992286562919616699e-01,8.146985620260238647e-02,1.052419245243072510e-01,-2.211997658014297485e-01,-9.502941370010375977e-01,1.337498277425765991e-01,-1.559978008270263672e+00,-2.061260789632797241e-01,1.089829087257385254e+00,1.464284807443618774e-01,1.577570915222167969e+00,-4.665278792381286621e-01,-2.780283428728580475e-02,5.193091556429862976e-02,6.436643600463867188e-01,-5.694581866264343262e-01,1.508031487464904785e-01,-5.352890491485595703e-01,-8.823838084936141968e-02,-7.598156481981277466e-02,6.684815287590026855e-01,-3.620222806930541992e-01,2.661976590752601624e-02
-1.305723935365676880e-01,2.952226698398590088e-01,5.110141038894653320e-01,2.128106728196144104e-02,3.820541128516197205e-02,1.233192905783653259e-02,9.989671707153320312e-01,7.964372634887695312e-02,9.901916980743408203e-02,-2.680878341197967529e-01,-9.465448260307312012e-01,1.330138444900512695e-01,-1.591835141181945801e+00,-2.524865567684173584e-01,1.073489189147949219e+00,1.470536142587661743e-01,1.621447801589965820e+00,-5.162465572357177734e-01,-2.428029291331768036e-02,4.926631972193717957e-02,6.958618164062500000e-01,-6.030331850051879883e-01,1.585450172424316406e-01,-5.836446881294250488e-01,-9.098168462514877319e-02,-7.941136509180068970e-02,7.159271836280822754e-01,-3.989736437797546387e-01,1.966825686395168304e-02
-1.300410628318786621e-01,2.956528067588806152e-01,5.065426230430603027e-01,2.002814039587974548e-02,4.947283491492271423e-02,1.044761762022972107e-02,9.985199570655822754e-01,8.467411249876022339e-02,8.183284103870391846e-02,-3.126654624938964844e-01,-9.475609660148620605e-01,1.366766840219497681e-01,-1.620290160179138184e+00,-3.033187091350555420e-01,1.058307766914367676e+00,1.526112109422683716e-01,1.657242417335510254e+00,-5.761386752128601074e-01,-2.025631815195083618e-02,4.940487444400787354e-02,7.609822154045104980e-01,-6.408160328865051270e-01,1.678548604249954224e-01,-6.463208794593811035e-01,-9.125743806362152100e-02,-7.494655251502990723e-02,7.804563641548156738e-01,-4.404613971710205078e-01,1.424924377351999283e-02
-1.296729594469070435e-01,2.963866591453552246e-01,5.026379823684692383e-01,1.913615874946117401e-02,5.804508179426193237e-02,8.180605247616767883e-03,9.980970025062561035e-01,8.118601888418197632e-02,7.311361283063888550e-02,-3.401977121829986572e-01,-9.514786005020141602e-01,1.395238786935806274e-01,-1.644257783889770508e+00,-3.455301821231842041e-01,1.048672795295715332e+00,1.604672372341156006e-01,1.681282281875610352e+00,-6.244436502456665039e-01,-1.876089349389076233e-02,4.877975210547447205e-02,8.152081966400146484e-01,-6.747967600822448730e-01,1.767765879631042480e-01,-6.909428238868713379e-01,-8.700471371412277222e-02,-6.619904190301895142e-02,8.229479789733886719e-01,-4.697278141975402832e-01,1.013925392180681229e-02
-1.275085061788558960e-01,2.966150939464569092e-01,4.967586696147918701e-01,1.836737990379333496e-02,6.873536109924316406e-02,4.772167187184095383e-03,9.974544048309326172e-01,8.090046793222427368e-02,5.178389698266983032e-02,-3.619859516620635986e-01,-9.570051431655883789e-01,1.413177698850631714e-01,-1.664424896240234375e+00,-3.839319646358489990e-01,1.047865986824035645e+00,1.715964525938034058e-01,1.699171900749206543e+00,-6.793778538703918457e-01,-1.558769773691892624e-02,4.833377525210380554e-02,8.796004056930541992e-01,-7.073006629943847656e-01,1.891300678253173828e-01,-7.514398694038391113e-01,-8.493513613939285278e-02,-5.926427990198135376e-02,8.876966238021850586e-01,-4.956564307212829590e-01,3.817468881607055664e-03
-1.255526840686798096e-01,2.969207763671875000e-01,4.918432831764221191e-01,1.772129163146018982e-02,7.762591540813446045e-02,3.160453168675303459e-03,9.968200325965881348e-01,7.982688397169113159e-02,4.316698014736175537e-02,-3.755787312984466553e-01,-9.670929312705993652e-01,1.493626683950424194e-01,-1.680186510086059570e+00,-4.089978933334350586e-01,1.042566657066345215e+00,1.768662929534912109e-01,1.711463689804077148e+00,-7.232588529586791992e-01,-1.365752331912517548e-02,4.724941402673721313e-02,9.289025068283081055e-01,-7.282140254974365234e-01,2.010252475738525391e-01,-7.918753027915954590e-01,-8.521906286478042603e-02,-5.665668845176696777e-02,9.263682961463928223e-01,-5.104201436042785645e-01,-3.431861754506826401e-03
-1.219077929854393005e-01,2.969988584518432617e-01,4.859868586063385010e-01,1.741105876863002777e-02,8.578959107398986816e-02,2.166447695344686508e-03,9.961587786674499512e-01,7.408238202333450317e-02,3.330974280834197998e-02,-3.855342864990234375e-01,-9.800398945808410645e-01,1.548990458250045776e-01,-1.694332957267761230e+00,-4.266212880611419678e-01,1.040985941886901855e+00,1.758717596530914307e-01,1.715428471565246582e+00,-7.636113762855529785e-01,-9.259791113436222076e-03,4.904889687895774841e-02,9.822013974189758301e-01,-7.517699003219604492e-01,2.044973373413085938e-01,-8.324669599533081055e-01,-8.921680599451065063e-02,-5.518538504838943481e-02,9.751331210136413574e-01,-5.247826576232910156e-01,-1.199633721262216568e-02
-1.171180605888366699e-01,2.969121932983398438e-01,4.804205000400543213e-01,1.731768809258937836e-02,9.446021169424057007e-02,2.006391994655132294e-03,9.953759908676147461e-01,6.750705838203430176e-02,1.606240496039390564e-02,-3.938513398170471191e-01,-9.957097172737121582e-01,1.629768610000610352e-01,-1.702386260032653809e+00,-4.330808818340301514e-01,1.045395135879516602e+00,1.702861785888671875e-01,1.717161059379577637e+00,-7.999815344810485840e-01,-6.279112771153450012e-03,4.893008992075920105e-02,1.030461907386779785e+00,-7.753212451934814453e-01,2.076352536678314209e-01,-8.700956106185913086e-01,-9.051540493965148926e-02,-5.238822847604751587e-02,1.024006724357604980e+00,-5.428873896598815918e-01,-2.050973288714885712e-02
-1.111958175897598267e-01,2.967483103275299072e-01,4.747824072837829590e-01,1.835015602409839630e-02,1.028794944286346436e-01,3.498212201520800591e-03,9.945183992385864258e-01,6.224995851516723633e-02,-7.442988135153427720e-05,-4.002601504325866699e-01,-1.012955784797668457e+00,1.688844561576843262e-01,-1.704087018966674805e+00,-4.264994859695434570e-01,1.045474171638488770e+00,1.582626849412918091e-01,1.715060472488403320e+00,-8.318153619766235352e-01,-7.127164397388696671e-03,4.848084226250648499e-02,1.076309442520141602e+00,-8.026806712150573730e-01,2.085100412368774414e-01,-9.035376906394958496e-01,-9.519168734550476074e-02,-4.977733641862869263e-02,1.071501612663269043e+00,-5.656197071075439453e-01,-2.810604311525821686e-02
-1.042445078492164612e-01,2.965705990791320801e-01,4.691494703292846680e-01,1.865065470337867737e-02,1.114836558699607849e-01,5.959077272564172745e-03,9.935733675956726074e-01,5.545693635940551758e-02,-2.939697541296482086e-02,-4.048863351345062256e-01,-1.032480478286743164e+00,1.800720691680908203e-01,-1.701343894004821777e+00,-4.088354408740997314e-01,1.048502802848815918e+00,1.447343528270721436e-01,1.711704254150390625e+00,-8.606003522872924805e-01,-7.862566970288753510e-03,4.458714649081230164e-02,1.120327949523925781e+00,-8.274231553077697754e-01,2.165018618106842041e-01,-9.325965046882629395e-01,-1.015391647815704346e-01,-5.087592452764511108e-02,1.117709279060363770e+00,-5.892755985260009766e-01,-3.994855657219886780e-02
-9.579590708017349243e-02,2.958037853240966797e-01,4.644076824188232422e-01,1.946975290775299072e-02,1.201372668147087097e-01,8.038613013923168182e-03,9.925338029861450195e-01,4.875173047184944153e-02,-6.606811285018920898e-02,-3.998462557792663574e-01,-1.045818209648132324e+00,1.913387179374694824e-01,-1.690862417221069336e+00,-3.779352307319641113e-01,1.051919221878051758e+00,1.293072253465652466e-01,1.702217817306518555e+00,-8.791180849075317383e-01,-1.130533404648303986e-02,3.930019214749336243e-02,1.153029918670654297e+00,-8.529253005981445312e-01,2.236813902854919434e-01,-9.542134404182434082e-01,-1.044186651706695557e-01,-4.953209683299064636e-02,1.157217264175415039e+00,-6.163783669471740723e-01,-5.382850766181945801e-02
-8.701120316982269287e-02,2.942194640636444092e-01,4.617485702037811279e-01,2.066055685281753540e-02,1.289803534746170044e-01,9.288854897022247314e-03,9.913883805274963379e-01,4.586779326200485229e-02,-1.117561385035514832e-01,-3.816674351692199707e-01,-1.051529884338378906e+00,2.073870599269866943e-01,-1.671841740608215332e+00,-3.314527273178100586e-01,1.052440762519836426e+00,1.178456768393516541e-01,1.684538483619689941e+00,-8.832494020462036133e-01,-1.224787067621946335e-02,3.622789680957794189e-02,1.162159562110900879e+00,-8.674870133399963379e-01,2.324284762144088745e-01,-9.656018614768981934e-01,-1.038552373647689819e-01,-4.918083176016807556e-02,1.179792761802673340e+00,-6.386766433715820312e-01,-7.486370950937271118e-02
-7.753767073154449463e-02,2.921542525291442871e-01,4.628149569034576416e-01,2.283958159387111664e-02,1.385505348443984985e-01,1.025993097573518753e-02,9.900388121604919434e-01,4.115056991577148438e-02,-1.740838736295700073e-01,-3.402765393257141113e-01,-1.042073726654052734e+00,2.364545762538909912e-01,-1.658188939094543457e+00,-2.635821104049682617e-01,1.050157427787780762e+00,1.086412593722343445e-01,1.661124825477600098e+00,-8.667794466018676758e-01,-1.470947917550802231e-02,3.473145142197608948e-02,1.132953286170959473e+00,-8.700000047683715820e-01,2.405768632888793945e-01,-9.597277045249938965e-01,-1.026180759072303772e-01,-5.080409720540046692e-02,1.175540089607238770e+00,-6.515513062477111816e-01,-9.674720466136932373e-02
-6.215110793709754944e-02,2.905819118022918701e-01,4.681330025196075439e-01,2.368577569723129272e-02,1.468429416418075562e-01,9.965230710804462433e-03,9.888259768486022949e-01,4.556684568524360657e-02,-2.435964643955230713e-01,-2.706672251224517822e-01,-1.015186667442321777e+00,2.707638740539550781e-01,-1.650373816490173340e+00,-1.624259054660797119e-01,1.047250628471374512e+00,1.013000532984733582e-01,1.625906944274902344e+00,-8.080660700798034668e-01,-1.608775556087493896e-02,3.504478186368942261e-02,1.066352725028991699e+00,-8.700000047683715820e-01,2.451702207326889038e-01,-9.116777181625366211e-01,-9.755457937717437744e-02,-5.858294293284416199e-02,1.129082202911376953e+00,-6.655877232551574707e-01,-1.063458025455474854e-01
-3.755377978086471558e-02,2.911558747291564941e-01,4.791475236415863037e-01,2.334512211382389069e-02,1.423167735338211060e-01,8.608831092715263367e-03,9.895083904266357422e-01,4.229204356670379639e-02,-2.750602066516876221e-01,-1.511416733264923096e-01,-9.793165922164916992e-01,3.085267543792724609e-01,-1.624719142913818359e+00,-1.110838260501623154e-02,1.058435440063476562e+00,1.016322448849678040e-01,1.549482941627502441e+00,-6.608514785766601562e-01,-1.872062869369983673e-02,4.288715496659278870e-02,9.362964630126953125e-01,-8.609747290611267090e-01,2.280472517013549805e-01,-7.736086845397949219e-01,-9.637851268053054810e-02,-7.648030668497085571e-02,1.013898730278015137e+00,-6.661862730979919434e-01,-8.361013978719711304e-02
-1.227782107889652252e-02,2.921240329742431641e-01,4.966058731079101562e-01,2.254614606499671936e-02,1.193989291787147522e-01,9.641109034419059753e-03,9.925435185432434082e-01,3.502594307065010071e-02,-2.413212507963180542e-01,7.882731966674327850e-03,-9.772192835807800293e-01,3.486481010913848877e-01,-1.528184771537780762e+00,1.394853442907333374e-01,1.088278174400329590e+00,1.042505204677581787e-01,1.377372384071350098e+00,-4.349179565906524658e-01,-1.549551542848348618e-02,6.091744825243949890e-02,7.213206887245178223e-01,-7.514229416847229004e-01,1.730914562940597534e-01,-5.429479479789733887e-01,-9.839710593223571777e-02,-1.129728481173515320e-01,8.041115999221801758e-01,-5.792869925498962402e-01,-3.321191668510437012e-02
1.025310903787612915e-02,2.937983274459838867e-01,5.121827125549316406e-01,2.165724337100982666e-02,9.940952807664871216e-02,1.444351300597190857e-02,9.947060346603393555e-01,3.210686519742012024e-02,-1.961112618446350098e-01,1.231841668486595154e-01,-1.006297826766967773e+00,3.654014170169830322e-01,-1.350675344467163086e+00,2.164970487356185913e-01,1.121209621429443359e+00,9.188161045312881470e-02,1.125362873077392578e+00,-2.545191347599029541e-01,-7.091226056218147278e-03,8.532786369323730469e-02,5.374493002891540527e-01,-4.895507097244262695e-01,8.773627877235412598e-02,-3.453711867332458496e-01,-9.802434593439102173e-02,-1.403268873691558838e-01,6.133342385292053223e-01,-3.321799337863922119e-01,3.950022161006927490e-02
2.614821307361125946e-02,2.928285598754882812e-01,5.258033275604248047e-01,2.394519187510013580e-02,8.254587650299072266e-02,1.238774508237838745e-02,9.962225556373596191e-01,3.522130101919174194e-02,-1.832716763019561768e-01,2.252488136291503906e-01,-1.050595283508300781e+00,3.219678103923797607e-01,-1.146077752113342285e+00,2.372012585401535034e-01,1.169243216514587402e+00,7.651551067829132080e-02,8.346313834190368652e-01,-1.659064739942550659e-01,1.220326684415340424e-02,1.304880082607269287e-01,4.531987309455871582e-01,-1.161468774080276489e-01,4.979264363646507263e-02,-2.398057281970977783e-01,-1.057951748371124268e-01,-1.412164866924285889e-01,5.150267481803894043e-01,5.553790926933288574e-02,1.030815169215202332e-01
4.392945393919944763e-02,2.907568216323852539e-01,5.423297286033630371e-01,2.355505153536796570e-02,7.552323490381240845e-02,9.178712964057922363e-03,9.968235492706298828e-01,4.111177101731300354e-02,-1.847834885120391846e-01,3.174812793731689453e-01,-1.114919424057006836e+00,2.234934121370315552e-01,-9.539288282394409180e-01,2.252296954393386841e-01,1.243427038192749023e+00,1.009172108024358749e-02,5.311428904533386230e-01,-1.668167412281036377e-01,3.551608324050903320e-02,1.666852086782455444e-01,4.719680845737457275e-01,1.970932185649871826e-01,5.538806691765785217e-02,-2.205268144607543945e-01,-1.193279698491096497e-01,-1.577735841274261475e-01,5.156603455543518066e-01,3.441987037658691406e-01,1.250324249267578125e-01
6.465427577495574951e-02,2.910571098327636719e-01,5.712662339210510254e-01,2.010179124772548676e-02,6.368454545736312866e-02,2.012567711062729359e-05,9.977676272392272949e-01,4.755815863609313965e-02,-1.561965048313140869e-01,4.019736051559448242e-01,-1.191411852836608887e+00,1.245794370770454407e-01,-7.500449419021606445e-01,2.477663010358810425e-01,1.287304759025573730e+00,-5.664398893713951111e-02,2.864812016487121582e-01,-1.855580061674118042e-01,-1.207121647894382477e-02,1.195261031389236450e-01,5.148379802703857422e-01,2.309528291225433350e-01,6.568484008312225342e-02,-2.214293479919433594e-01,-9.601353108882904053e-02,-1.506802588701248169e-01,5.147827863693237305e-01,3.427457213401794434e-01,6.424039602279663086e-02
9.317039698362350464e-02,2.926004528999328613e-01,5.892848968505859375e-01,1.769426465034484863e-02,4.439719766378402710e-02,-6.686766166239976883e-03,9.988348484039306641e-01,4.883150383830070496e-02,-1.151793152093887329e-01,4.542222917079925537e-01,-1.246010541915893555e+00,3.116742894053459167e-02,-5.381661653518676758e-01,2.841288149356842041e-01,1.302681565284729004e+00,-1.088372170925140381e-01,9.462716430425643921e-02,-2.070374488830566406e-01,-6.370974332094192505e-02,5.681045725941658020e-02,5.905047059059143066e-01,1.874905526638031006e-01,5.235247686505317688e-02,-2.316369861364364624e-01,-1.036961004137992859e-01,-1.649953871965408325e-01,5.779449939727783203e-01,3.013158440589904785e-01,5.644916743040084839e-02
1.266142576932907104e-01,2.965931892395019531e-01,5.940935015678405762e-01,1.099291443824768066e-02,1.659948378801345825e-02,-1.582267135381698608e-02,9.996765851974487305e-01,4.676435887813568115e-02,-7.958164066076278687e-02,4.937634468078613281e-01,-1.248050093650817871e+00,-4.011369869112968445e-02,-3.584757149219512939e-01,3.585785925388336182e-01,1.314104199409484863e+00,-1.469376236200332642e-01,1.318941544741392136e-02,-2.180388420820236206e-01,-9.728992730379104614e-02,4.495959728956222534e-03,6.723921298980712891e-01,1.014859080314636230e-01,1.799773797392845154e-02,-2.451377511024475098e-01,-1.211987659335136414e-01,-1.602150946855545044e-01,6.721751689910888672e-01,2.695365846157073975e-01,8.758393675088882446e-02
1.570203155279159546e-01,2.972018122673034668e-01,5.994451642036437988e-01,1.132422126829624176e-02,1.009812299162149429e-02,-2.137948386371135712e-02,9.996563196182250977e-01,4.737330973148345947e-02,-6.620378792285919189e-02,5.290924906730651855e-01,-1.246086478233337402e+00,-1.063508689403533936e-01,-2.354460954666137695e-01,4.447733461856842041e-01,1.328365683555603027e+00,-1.677813678979873657e-01,5.365313589572906494e-02,-2.312183082103729248e-01,-1.056084036827087402e-01,-1.399005576968193054e-02,6.173060536384582520e-01,7.054733484983444214e-02,1.621631532907485962e-02,-2.632392346858978271e-01,-1.405857503414154053e-01,-1.808845400810241699e-01,6.421073079109191895e-01,2.743401229381561279e-01,1.007889434695243835e-01
1.883367598056793213e-01,2.944918572902679443e-01,6.014630198478698730e-01,1.356060430407524109e-02,4.747196566313505173e-03,-2.562278322875499725e-02,9.995684027671813965e-01,5.107839778065681458e-02,-5.918239057064056396e-02,5.802332162857055664e-01,-1.238858938217163086e+00,-1.456254422664642334e-01,-1.877149045467376709e-01,5.306341648101806641e-01,1.339347243309020996e+00,-1.822554469108581543e-01,1.322162151336669922e-01,-2.412011027336120605e-01,-8.011270314455032349e-02,4.628966562449932098e-03,5.338972210884094238e-01,1.450280565768480301e-02,2.266949787735939026e-02,-2.923927009105682373e-01,-1.493620574474334717e-01,-1.917497515678405762e-01,6.008023023605346680e-01,2.218600064516067505e-01,1.057567894458770752e-01
2.184931635856628418e-01,2.902637124061584473e-01,5.978960394859313965e-01,1.440441887825727463e-02,-3.666162025183439255e-03,-2.539110742509365082e-02,9.995670914649963379e-01,5.750040709972381592e-02,-4.031350836157798767e-02,6.556549072265625000e-01,-1.224794387817382812e+00,-1.813845634460449219e-01,-2.009247839450836182e-01,6.118959188461303711e-01,1.345416426658630371e+00,-1.979146450757980347e-01,2.057807892560958862e-01,-2.480712980031967163e-01,-3.314945846796035767e-02,5.397212132811546326e-02,4.527269899845123291e-01,-2.143907360732555389e-02,2.210448496043682098e-02,-3.122057914733886719e-01,-1.391723603010177612e-01,-1.883587837219238281e-01,5.448375940322875977e-01,1.692435592412948608e-01,1.122526228427886963e-01
2.467521131038665771e-01,2.866404056549072266e-01,5.872514247894287109e-01,1.343981735408306122e-02,-7.674690335988998413e-03,-2.338453941047191620e-02,9.996067285537719727e-01,6.964115053415298462e-02,-2.425638958811759949e-02,7.251772880554199219e-01,-1.212634682655334473e+00,-1.986155956983566284e-01,-2.499338388442993164e-01,6.734855175018310547e-01,1.344617605209350586e+00,-2.020247131586074829e-01,2.791162431240081787e-01,-2.651812136173248291e-01,1.434986293315887451e-02,1.081509590148925781e-01,3.722872138023376465e-01,-3.204992739483714104e-03,1.569007523357868195e-02,-3.493796288967132568e-01,-1.216335669159889221e-01,-1.702587157487869263e-01,4.901009798049926758e-01,1.181006357073783875e-01,1.210576444864273071e-01
2.736877501010894775e-01,2.839471101760864258e-01,5.690799951553344727e-01,1.167446468025445938e-02,-9.836336597800254822e-03,-1.998893916606903076e-02,9.996836185455322266e-01,6.984477490186691284e-02,-1.511425711214542389e-02,7.800630331039428711e-01,-1.193239808082580566e+00,-2.184750735759735107e-01,-3.106310665607452393e-01,7.113679051399230957e-01,1.341164708137512207e+00,-1.984102576971054077e-01,3.335656821727752686e-01,-3.007013797760009766e-01,5.033304914832115173e-02,1.375285387039184570e-01,3.198534846305847168e-01,4.128203913569450378e-02,1.213600579649209976e-02,-3.897854983806610107e-01,-1.004071161150932312e-01,-1.376830339431762695e-01,4.383338391780853271e-01,1.052056401968002319e-01,1.418082863092422485e-01
3.003670573234558105e-01,2.820880115032196045e-01,5.436738729476928711e-01,1.298328489065170288e-02,-1.247528847306966782e-02,-1.691316440701484680e-02,9.996948242187500000e-01,6.750515848398208618e-02,1.043939031660556793e-03,8.171852231025695801e-01,-1.167159318923950195e+00,-2.412996441125869751e-01,-3.670236766338348389e-01,7.347033619880676270e-01,1.337031841278076172e+00,-2.076426893472671509e-01,3.658539652824401855e-01,-3.596827685832977295e-01,5.946477502584457397e-02,1.137775778770446777e-01,3.230698704719543457e-01,3.525495156645774841e-02,2.103913109749555588e-03,-4.261919260025024414e-01,-8.308439701795578003e-02,-8.839251101016998291e-02,4.023709595203399658e-01,1.548323333263397217e-01,1.782393306493759155e-01
3.260686397552490234e-01,2.804618179798126221e-01,5.164294838905334473e-01,1.559318043291568756e-02,-2.115103788673877716e-02,-1.338633429259061813e-02,9.995650649070739746e-01,5.992303416132926941e-02,1.828543841838836670e-02,8.478162288665771484e-01,-1.142677903175354004e+00,-2.292804121971130371e-01,-4.221294820308685303e-01,7.543724775314331055e-01,1.331607341766357422e+00,-2.135402411222457886e-01,3.907203674316406250e-01,-4.329650104045867920e-01,4.693649709224700928e-02,6.143685057759284973e-02,4.255068004131317139e-01,-5.396362766623497009e-02,4.789332300424575806e-02,-4.718582928180694580e-01,-5.936222150921821594e-02,-2.238315530121326447e-02,4.486443400382995605e-01,1.204453408718109131e-01,1.702081710100173950e-01
3.482751548290252686e-01,2.810872793197631836e-01,4.965018332004547119e-01,1.268332358449697495e-02,-4.106919467449188232e-02,-1.601267233490943909e-02,9.989474415779113770e-01,6.566949933767318726e-02,5.327227339148521423e-02,8.762862682342529297e-01,-1.105404973030090332e+00,-2.053515315055847168e-01,-4.750240445137023926e-01,7.785683870315551758e-01,1.313797712326049805e+00,-1.694427579641342163e-01,4.107651710510253906e-01,-5.424641370773315430e-01,6.556710600852966309e-02,7.263547182083129883e-02,7.906317114830017090e-01,-3.917565047740936279e-01,1.219445765018463135e-01,-5.545308589935302734e-01,-5.864784866571426392e-02,-4.423525556921958923e-02,7.388722896575927734e-01,-1.944674998521804810e-01,3.167637810111045837e-02
3.619247972965240479e-01,2.803138196468353271e-01,4.685820937156677246e-01,8.125511929392814636e-03,-4.106849059462547302e-02,-1.902036555111408234e-02,9.989422559738159180e-01,8.128322660923004150e-02,8.252491056919097900e-02,7.820141315460205078e-01,-1.070112347602844238e+00,-1.662147194147109985e-01,-4.579460918903350830e-01,6.865075230598449707e-01,1.304351091384887695e+00,-1.016698405146598816e-01,3.536555469036102295e-01,-7.091151475906372070e-01,7.800046354532241821e-02,2.731302753090858459e-02,1.105280995368957520e+00,-4.816076159477233887e-01,1.456055939197540283e-01,-7.225142121315002441e-01,-4.686412215232849121e-02,-2.077565714716911316e-02,1.050881981849670410e+00,-2.804119884967803955e-01,-3.206771239638328552e-02
3.752075731754302979e-01,2.819822132587432861e-01,4.532220959663391113e-01,9.254764765501022339e-03,-5.620367079973220825e-02,-1.601728983223438263e-02,9.982479214668273926e-01,8.823905885219573975e-02,1.669862717390060425e-01,6.561817526817321777e-01,-1.058786273002624512e+00,-1.057603135704994202e-01,-4.314523041248321533e-01,5.937283635139465332e-01,1.293371677398681641e+00,-4.332728311419487000e-02,3.060542047023773193e-01,-7.357131838798522949e-01,7.076192647218704224e-02,2.108982764184474945e-02,1.253785371780395508e+00,-5.520943999290466309e-01,1.513402611017227173e-01,-7.553787827491760254e-01,-6.644002348184585571e-02,-1.814875937998294830e-02,1.206701993942260742e+00,-3.269570171833038330e-01,-2.126892469823360443e-02
3.855310380458831787e-01,2.820356190204620361e-01,4.505808353424072266e-01,1.198915299028158188e-02,-6.060303375124931335e-02,-7.467824034392833710e-03,9.980620145797729492e-01,6.906381994485855103e-02,2.103907763957977295e-01,5.413862466812133789e-01,-1.069514393806457520e+00,-2.104142308235168457e-02,-5.163452625274658203e-01,5.294667482376098633e-01,1.268663644790649414e+00,3.420858876779675484e-03,4.031667113304138184e-01,-7.137124538421630859e-01,6.443405896425247192e-02,2.869909629225730896e-02,1.281933665275573730e+00,-6.306324005126953125e-01,1.547086238861083984e-01,-7.283461689949035645e-01,-9.598959982395172119e-02,-3.627850487828254700e-02,1.235663056373596191e+00,-4.163428246974945068e-01,-2.663919888436794281e-02
3.925074934959411621e-01,2.817737758159637451e-01,4.531381130218505859e-01,1.463093142956495285e-02,-5.600741878151893616e-02,-3.656442044302821159e-03,9.983164668083190918e-01,6.135957688093185425e-02,2.071935832500457764e-01,4.566217660903930664e-01,-1.066168904304504395e+00,5.866636335849761963e-02,-6.950679421424865723e-01,4.704959988594055176e-01,1.219739079475402832e+00,4.214053228497505188e-02,5.813215374946594238e-01,-6.901081204414367676e-01,5.465808883309364319e-02,3.073355183005332947e-02,1.261266231536865234e+00,-6.755368113517761230e-01,1.701870113611221313e-01,-6.998134851455688477e-01,-1.069446504116058350e-01,-4.412532970309257507e-02,1.210852503776550293e+00,-4.803491830825805664e-01,-4.109433293342590332e-02
3.970810770988464355e-01,2.819778621196746826e-01,4.558678865432739258e-01,1.526858657598495483e-02,-5.138999968767166138e-02,-4.053559154272079468e-03,9.985536932945251465e-01,6.004647910594940186e-02,1.822419911623001099e-01,4.035432040691375732e-01,-1.037030816078186035e+00,9.407123178243637085e-02,-8.969830870628356934e-01,4.088236689567565918e-01,1.171610116958618164e+00,5.658197030425071716e-02,7.570222020149230957e-01,-6.841370463371276855e-01,5.439101904630661011e-02,3.159489110112190247e-02,1.249861240386962891e+00,-6.435952782630920410e-01,1.490991562604904175e-01,-6.899034976959228516e-01,-1.090358123183250427e-01,-4.468438401818275452e-02,1.196325421333312988e+00,-4.631880223751068115e-01,-2.779720909893512726e-02
4.009703099727630615e-01,2.822417616844177246e-01,4.620456397533416748e-01,1.565613783895969391e-02,-4.817557707428932190e-02,-3.475736593827605247e-03,9.987101554870605469e-01,5.874400958418846130e-02,1.564437299966812134e-01,3.560831844806671143e-01,-1.021443724632263184e+00,1.185816004872322083e-01,-1.064759254455566406e+00,3.407941758632659912e-01,1.143689393997192383e+00,6.747214496135711670e-02,8.887160420417785645e-01,-6.597648262977600098e-01,5.480422452092170715e-02,3.718535602092742920e-02,1.208544492721557617e+00,-6.076606512069702148e-01,1.402701139450073242e-01,-6.635956168174743652e-01,-1.071740835905075073e-01,-4.316918551921844482e-02,1.156095623970031738e+00,-4.279770851135253906e-01,-2.300714887678623199e-02
4.041645228862762451e-01,2.824039757251739502e-01,4.709374308586120605e-01,1.577788777649402618e-02,-4.263052344322204590e-02,-2.092345152050256729e-03,9.989641308784484863e-01,5.728695914149284363e-02,1.439138054847717285e-01,2.922461032867431641e-01,-1.013707637786865234e+00,1.519746929407119751e-01,-1.185641050338745117e+00,2.629356086254119873e-01,1.132411718368530273e+00,7.175240665674209595e-02,9.828233122825622559e-01,-6.212812066078186035e-01,5.192158371210098267e-02,4.366055130958557129e-02,1.137665510177612305e+00,-5.849295258522033691e-01,1.444801092147827148e-01,-6.225701570510864258e-01,-1.065838187932968140e-01,-4.965057224035263062e-02,1.084299802780151367e+00,-4.092923402786254883e-01,-2.448242157697677612e-02
4.066027104854583740e-01,2.824232876300811768e-01,4.807728528976440430e-01,1.593944057822227478e-02,-3.674259781837463379e-02,6.556529551744461060e-04,9.991974234580993652e-01,5.939878895878791809e-02,1.372964531183242798e-01,2.259180098772048950e-01,-9.932159781455993652e-01,1.942717880010604858e-01,-1.267537117004394531e+00,1.899575293064117432e-01,1.120219588279724121e+00,7.524403184652328491e-02,1.054595112800598145e+00,-5.770444869995117188e-01,4.448798298835754395e-02,4.416370019316673279e-02,1.050035595893859863e+00,-5.575985908508300781e-01,1.462064832448959351e-01,-5.734421610832214355e-01,-1.060028746724128723e-01,-6.022997200489044189e-02,9.959106445312500000e-01,-3.908220529556274414e-01,-2.616052329540252686e-02
4.083426594734191895e-01,2.821874022483825684e-01,4.894674420356750488e-01,1.588164828717708588e-02,-2.967713028192520142e-02,2.219759160652756691e-03,9.994308948516845703e-01,5.714410543441772461e-02,1.302761882543563843e-01,1.653522700071334839e-01,-9.708559513092041016e-01,2.191038131713867188e-01,-1.337867259979248047e+00,1.196853518486022949e-01,1.114013195037841797e+00,8.180542290210723877e-02,1.117027401924133301e+00,-5.390323400497436523e-01,4.073765128850936890e-02,4.511715844273567200e-02,9.650430679321289062e-01,-5.210437178611755371e-01,1.391778141260147095e-01,-5.347299575805664062e-01,-1.032035723328590393e-01,-6.792212277650833130e-02,9.137920737266540527e-01,-3.642916679382324219e-01,-2.506057359278202057e-02
4.096559286117553711e-01,2.823419868946075439e-01,4.967837631702423096e-01,1.625862531363964081e-02,-2.269161865115165710e-02,4.241645801812410355e-03,9.996013045310974121e-01,5.882142111659049988e-02,1.134525984525680542e-01,1.111014261841773987e-01,-9.545908570289611816e-01,2.378596514463424683e-01,-1.393450021743774414e+00,6.043730303645133972e-02,1.105414867401123047e+00,8.736380189657211304e-02,1.174138903617858887e+00,-5.082337856292724609e-01,3.582983091473579407e-02,4.537494480609893799e-02,8.892244696617126465e-01,-4.904288351535797119e-01,1.302217543125152588e-01,-5.037901997566223145e-01,-1.010983139276504517e-01,-7.226184010505676270e-02,8.426711559295654297e-01,-3.343171775341033936e-01,-1.894441060721874237e-02
4.106776118278503418e-01,2.823406457901000977e-01,5.021559000015258789e-01,1.619790121912956238e-02,-1.479517668485641479e-02,4.920676816254854202e-03,9.997472167015075684e-01,5.879600346088409424e-02,9.553506970405578613e-02,6.642854213714599609e-02,-9.458456039428710938e-01,2.383981198072433472e-01,-1.437155604362487793e+00,7.818349637091159821e-03,1.101277828216552734e+00,9.437581151723861694e-02,1.232662796974182129e+00,-4.857732057571411133e-01,3.290351852774620056e-02,4.608222097158432007e-02,8.256280422210693359e-01,-4.724839329719543457e-01,1.267694234848022461e-01,-4.843079149723052979e-01,-9.898763895034790039e-02,-7.755590975284576416e-02,7.841930985450744629e-01,-3.119365572929382324e-01,-1.351906824856996536e-02
4.109660983085632324e-01,2.828396260738372803e-01,5.055662393569946289e-01,1.684294454753398895e-02,-8.167979307472705841e-03,6.698060315102338791e-03,9.998023509979248047e-01,6.259436905384063721e-02,9.110851585865020752e-02,2.602032013237476349e-02,-9.394956827163696289e-01,2.389245182275772095e-01,-1.464964628219604492e+00,-3.907319903373718262e-02,1.092833757400512695e+00,9.712859988212585449e-02,1.284380078315734863e+00,-4.709430634975433350e-01,2.879132144153118134e-02,4.874755069613456726e-02,7.778907418251037598e-01,-4.685962200164794922e-01,1.226957216858863831e-01,-4.717580676078796387e-01,-1.012674048542976379e-01,-8.286686986684799194e-02,7.406305670738220215e-01,-3.029697835445404053e-01,-6.518149282783269882e-03
4.118281006813049316e-01,2.831777930259704590e-01,5.073436498641967773e-01,1.852192357182502747e-02,-4.771678941324353218e-04,7.669951301068067551e-03,9.997988939285278320e-01,6.602068245410919189e-02,8.603309839963912964e-02,-1.417062897235155106e-02,-9.356374740600585938e-01,2.381148338317871094e-01,-1.484592199325561523e+00,-8.658108860254287720e-02,1.088198542594909668e+00,1.052189320325851440e-01,1.335055470466613770e+00,-4.604544937610626221e-01,2.038675732910633087e-02,4.766955971717834473e-02,7.391840815544128418e-01,-4.944252371788024902e-01,1.304447799921035767e-01,-4.776408076286315918e-01,-1.055251732468605042e-01,-8.385728299617767334e-02,7.274221181869506836e-01,-3.089738488197326660e-01,5.204569548368453979e-03
4.120240807533264160e-01,2.836774289608001709e-01,5.071882605552673340e-01,1.979583688080310822e-02,8.441875688731670380e-03,8.143560960888862610e-03,9.997352361679077148e-01,7.098047435283660889e-02,7.542634755373001099e-02,-3.988284990191459656e-02,-9.456040859222412109e-01,2.285775095224380493e-01,-1.506491184234619141e+00,-1.313691139221191406e-01,1.091427326202392578e+00,1.090856119990348816e-01,1.385956525802612305e+00,-4.684608578681945801e-01,1.527225412428379059e-02,4.911659657955169678e-02,7.263218760490417480e-01,-5.385941863059997559e-01,1.377682685852050781e-01,-5.018399953842163086e-01,-1.098654493689537048e-01,-8.042719215154647827e-02,7.361780405044555664e-01,-3.236334323883056641e-01,6.658838130533695221e-03
4.122598767280578613e-01,2.841581106185913086e-01,5.052696466445922852e-01,2.146209217607975006e-02,1.740079559385776520e-02,7.326933555305004120e-03,9.995913505554199219e-01,7.456135749816894531e-02,6.688228994607925415e-02,-6.080486997961997986e-02,-9.496487975120544434e-01,2.133572548627853394e-01,-1.521363377571105957e+00,-1.683221459388732910e-01,1.091592907905578613e+00,1.124279275536537170e-01,1.437830686569213867e+00,-4.912717938423156738e-01,7.101986557245254517e-03,4.315173998475074768e-02,7.408460974693298340e-01,-6.003801226615905762e-01,1.497918814420700073e-01,-5.416806340217590332e-01,-1.170381382107734680e-01,-7.802615314722061157e-02,7.698016762733459473e-01,-3.501927554607391357e-01,1.426009368151426315e-02
4.124436974525451660e-01,2.843368351459503174e-01,5.010349154472351074e-01,2.173060365021228790e-02,2.590528130531311035e-02,7.460382301360368729e-03,9.994003176689147949e-01,7.793552428483963013e-02,6.309014558792114258e-02,-7.261137664318084717e-02,-9.555681347846984863e-01,2.000338286161422729e-01,-1.543891549110412598e+00,-1.976083517074584961e-01,1.096851110458374023e+00,1.111442819237709045e-01,1.491427898406982422e+00,-5.449607372283935547e-01,5.100732669234275818e-03,3.723743185400962830e-02,8.019235134124755859e-01,-6.389255523681640625e-01,1.598845273256301880e-01,-5.883624553680419922e-01,-1.185545697808265686e-01,-6.923893094062805176e-02,8.192228078842163086e-01,-3.960935771465301514e-01,2.204689517384395003e-04
4.129155576229095459e-01,2.848466038703918457e-01,4.951087534427642822e-01,2.169565670192241669e-02,3.536530211567878723e-02,7.863630540668964386e-03,9.991079568862915039e-01,8.792471140623092651e-02,5.765731260180473328e-02,-7.951707392930984497e-02,-9.675561189651489258e-01,1.849456876516342163e-01,-1.566308975219726562e+00,-2.190434634685516357e-01,1.099528074264526367e+00,1.083473414182662964e-01,1.548636913299560547e+00,-6.064128279685974121e-01,5.433336831629276276e-03,3.585272282361984253e-02,8.733218908309936523e-01,-6.764564514160156250e-01,1.642126590013504028e-01,-6.442008614540100098e-01,-1.198450326919555664e-01,-5.913482978940010071e-02,8.803433179855346680e-01,-4.496189653873443604e-01,-1.583118364214897156e-02
4.138137698173522949e-01,2.851148545742034912e-01,4.872147142887115479e-01,2.235370688140392303e-02,4.813064634799957275e-02,6.004118360579013824e-03,9.985728263854980469e-01,9.015788137912750244e-02,3.781516104936599731e-02,-8.283945918083190918e-02,-9.758905768394470215e-01,1.653585582971572876e-01,-1.597411036491394043e+00,-2.350324690341949463e-01,1.102567076683044434e+00,1.056258007884025574e-01,1.612009048461914062e+00,-6.774061322212219238e-01,7.274220231920480728e-03,3.738623112440109253e-02,9.524884819984436035e-01,-7.241470217704772949e-01,1.751198619604110718e-01,-7.243663668632507324e-01,-1.214253529906272888e-01,-4.851150140166282654e-02,9.658309221267700195e-01,-4.892461001873016357e-01,-2.361148782074451447e-02
4.137508869171142578e-01,2.849477827548980713e-01,4.792177975177764893e-01,2.200707048177719116e-02,6.327895075082778931e-02,6.839101668447256088e-03,9.977297782897949219e-01,8.782725036144256592e-02,2.111203223466873169e-02,-8.741517364978790283e-02,-9.855468273162841797e-01,1.451369673013687134e-01,-1.631888270378112793e+00,-2.421056032180786133e-01,1.102576613426208496e+00,9.076469391584396362e-02,1.676928281784057617e+00,-7.589852213859558105e-01,7.248534820973873138e-03,3.148156777024269104e-02,1.031620502471923828e+00,-7.561401128768920898e-01,1.876143664121627808e-01,-8.007844686508178711e-01,-1.272128969430923462e-01,-4.759909957647323608e-02,1.034795403480529785e+00,-5.216299295425415039e-01,-3.449486941099166870e-02
4.148055911064147949e-01,2.846480011940002441e-01,4.715598821640014648e-01,2.309252507984638214e-02,7.866088300943374634e-02,9.054589085280895233e-03,9.965928196907043457e-01,8.060321211814880371e-02,-8.534711785614490509e-03,-8.981364220380783081e-02,-1.012226343154907227e+00,1.367212086915969849e-01,-1.665802240371704102e+00,-2.401009798049926758e-01,1.102790713310241699e+00,7.909026741981506348e-02,1.734740257263183594e+00,-8.306427001953125000e-01,4.220372997224330902e-03,2.779810503125190735e-02,1.095995426177978516e+00,-7.788348197937011719e-01,1.971140056848526001e-01,-8.733257055282592773e-01,-1.362881511449813843e-01,-4.527278989553451538e-02,1.102083444595336914e+00,-5.521654486656188965e-01,-4.463114961981773376e-02
4.168195426464080811e-01,2.844592630863189697e-01,4.645337462425231934e-01,2.373338863253593445e-02,9.445594996213912964e-02,1.069889403879642487e-02,9.951885938644409180e-01,7.521294057369232178e-02,-3.806301951408386230e-02,-9.831111878156661987e-02,-1.023757696151733398e+00,1.439496427774429321e-01,-1.688883423805236816e+00,-2.334188222885131836e-01,1.100411057472229004e+00,6.887459009885787964e-02,1.779144883155822754e+00,-8.945148587226867676e-01,2.116176998242735863e-03,2.421205490827560425e-02,1.150341153144836426e+00,-8.020265102386474609e-01,2.027338445186614990e-01,-9.408094286918640137e-01,-1.412257999181747437e-01,-3.986230492591857910e-02,1.161615610122680664e+00,-5.787910223007202148e-01,-5.279320478439331055e-02
4.200556576251983643e-01,2.843374311923980713e-01,4.595957100391387939e-01,2.372768707573413849e-02,1.070478186011314392e-01,1.169677451252937317e-02,9.939019083976745605e-01,7.081134617328643799e-02,-7.521764934062957764e-02,-1.105357185006141663e-01,-1.037514090538024902e+00,1.485341638326644897e-01,-1.694054603576660156e+00,-2.173110842704772949e-01,1.086825489997863770e+00,5.937872081995010376e-02,1.803007721900939941e+00,-9.382766485214233398e-01,2.766663674265146255e-03,2.211796678602695465e-02,1.189324259757995605e+00,-8.235138654708862305e-01,2.061231732368469238e-01,-9.834869503974914551e-01,-1.437930613756179810e-01,-3.644094616174697876e-02,1.198630213737487793e+00,-5.997882485389709473e-01,-6.708756089210510254e-02
4.260860383510589600e-01,2.835872769355773926e-01,4.555879533290863037e-01,2.486518397927284241e-02,1.181346029043197632e-01,1.248840522021055222e-02,9.926076531410217285e-01,6.721778959035873413e-02,-1.054559499025344849e-01,-1.247141286730766296e-01,-1.040450334548950195e+00,1.641386151313781738e-01,-1.698141217231750488e+00,-1.934373527765274048e-01,1.078974485397338867e+00,5.352527275681495667e-02,1.815734982490539551e+00,-9.645053148269653320e-01,9.907183703035116196e-04,1.952717453241348267e-02,1.217165231704711914e+00,-8.452450037002563477e-01,2.149732261896133423e-01,-1.013282656669616699e+00,-1.438379138708114624e-01,-3.180643171072006226e-02,1.230787396430969238e+00,-6.248967051506042480e-01,-7.657960057258605957e-02
4.352126419544219971e-01,2.826976776123046875e-01,4.535762965679168701e-01,2.550496533513069153e-02,1.252503097057342529e-01,1.302686519920825958e-02,9.917117357254028320e-01,6.353802978992462158e-02,-1.361996531486511230e-01,-1.286916285753250122e-01,-1.034505605697631836e+00,1.785916686058044434e-01,-1.702023148536682129e+00,-1.532221585512161255e-01,1.058667540550231934e+00,5.098415166139602661e-02,1.809479117393493652e+00,-9.618870615959167480e-01,2.427900675684213638e-03,1.856975443661212921e-02,1.224541187286376953e+00,-8.578668236732482910e-01,2.243872582912445068e-01,-1.012407183647155762e+00,-1.435649544000625610e-01,-3.267900273203849792e-02,1.242041110992431641e+00,-6.385403871536254883e-01,-9.209721535444259644e-02
4.477072656154632568e-01,2.818582653999328613e-01,4.558913111686706543e-01,2.551868744194507599e-02,1.306160390377044678e-01,1.339260395616292953e-02,9.910140633583068848e-01,6.125402450561523438e-02,-1.793085783720016479e-01,-1.152123808860778809e-01,-1.006529808044433594e+00,1.836904287338256836e-01,-1.721120476722717285e+00,-9.317386895418167114e-02,1.029429316520690918e+00,4.787992313504219055e-02,1.796925067901611328e+00,-9.240251183509826660e-01,2.705836435779929161e-03,1.856814324855804443e-02,1.191580295562744141e+00,-8.628849387168884277e-01,2.181066125631332397e-01,-9.792358875274658203e-01,-1.412428021430969238e-01,-3.807507827877998352e-02,1.222693562507629395e+00,-6.476429104804992676e-01,-9.907005727291107178e-02
4.651673138141632080e-01,2.813954949378967285e-01,4.637795388698577881e-01,2.444276399910449982e-02,1.313593238592147827e-01,1.458350103348493576e-02,9.909261465072631836e-01,5.809175595641136169e-02,-2.367973178625106812e-01,-6.703482568264007568e-02,-9.593357443809509277e-01,1.601409018039703369e-01,-1.735174179077148438e+00,-5.706873256713151932e-03,1.000077486038208008e+00,3.461256995797157288e-02,1.772462487220764160e+00,-8.365026712417602539e-01,7.429513614624738693e-03,2.317401207983493805e-02,1.114748716354370117e+00,-8.544574379920959473e-01,2.123562097549438477e-01,-8.918341398239135742e-01,-1.412173062562942505e-01,-5.766166746616363525e-02,1.151389002799987793e+00,-6.481072306632995605e-01,-9.102106094360351562e-02
4.880072176456451416e-01,2.814315259456634521e-01,4.807433485984802246e-01,2.340710349380970001e-02,1.165337041020393372e-01,1.448870357125997543e-02,9.928051829338073730e-01,5.458895117044448853e-02,-2.548440992832183838e-01,4.712214693427085876e-02,-9.216496944427490234e-01,1.322496086359024048e-01,-1.709174990653991699e+00,1.201962232589721680e-01,9.884704947471618652e-01,3.809374943375587463e-02,1.704365491867065430e+00,-6.479306817054748535e-01,1.119621470570564270e-02,3.560646995902061462e-02,9.403876066207885742e-01,-8.139033913612365723e-01,1.836780011653900146e-01,-7.070204615592956543e-01,-1.413318216800689697e-01,-9.299194812774658203e-02,9.913393855094909668e-01,-6.183724999427795410e-01,-6.000934168696403503e-02
5.113815665245056152e-01,2.829410433769226074e-01,5.024551153182983398e-01,2.229570783674716949e-02,9.030792117118835449e-02,1.373666711151599884e-02,9.955695271492004395e-01,5.907018110156059265e-02,-2.114242464303970337e-01,1.721158027648925781e-01,-9.173808693885803223e-01,1.385421156883239746e-01,-1.614629387855529785e+00,2.250291407108306885e-01,1.004612088203430176e+00,7.732357829809188843e-02,1.555826425552368164e+00,-3.927662372589111328e-01,1.587687991559505463e-02,6.639458984136581421e-02,6.783630847930908203e-01,-6.578210592269897461e-01,1.195174232125282288e-01,-4.547590613365173340e-01,-1.360081285238265991e-01,-1.392613947391510010e-01,7.441889643669128418e-01,-4.857771992683410645e-01,1.750628813169896603e-03
5.305309891700744629e-01,2.848724722862243652e-01,5.205368399620056152e-01,2.225260995328426361e-02,7.589206099510192871e-02,1.108981296420097351e-02,9.968060255050659180e-01,6.833829730749130249e-02,-1.907307505607604980e-01,2.406070232391357422e-01,-9.435597658157348633e-01,1.480319797992706299e-01,-1.455038070678710938e+00,2.528705894947052002e-01,1.035890221595764160e+00,1.280997693538665771e-01,1.352482795715332031e+00,-2.119280695915222168e-01,1.559054106473922729e-02,9.125199913978576660e-02,4.565303027629852295e-01,-3.407280445098876953e-01,4.742617160081863403e-02,-2.763499021530151367e-01,-1.310847997665405273e-01,-1.603130102157592773e-01,5.390384197235107422e-01,-1.615275144577026367e-01,8.027980476617813110e-02
5.426967144012451172e-01,2.876080274581909180e-01,5.378673672676086426e-01,2.458463422954082489e-02,6.638953089714050293e-02,8.406568318605422974e-03,9.974554181098937988e-01,7.719795405864715576e-02,-2.045202553272247314e-01,3.049068748950958252e-01,-9.731344580650329590e-01,1.275353282690048218e-01,-1.303211569786071777e+00,2.682219147682189941e-01,1.077845096588134766e+00,1.320482939481735229e-01,1.142574310302734375e+00,-1.388428062200546265e-01,2.281826734542846680e-02,1.340836882591247559e-01,3.438475728034973145e-01,7.746291905641555786e-02,2.564368769526481628e-02,-1.845244914293289185e-01,-1.631004810333251953e-01,-2.197739183902740479e-01,4.176829457283020020e-01,2.898232042789459229e-01,1.393623650074005127e-01
5.835621356964111328e-01,2.865529954433441162e-01,5.548183321952819824e-01,2.546105906367301941e-02,6.612859666347503662e-02,9.287119843065738678e-03,9.974429607391357422e-01,8.242125809192657471e-02,-2.203410267829895020e-01,3.650772571563720703e-01,-1.000113964080810547e+00,9.071697294712066650e-02,-1.173230528831481934e+00,2.615439295768737793e-01,1.146492481231689453e+00,1.197728738188743591e-01,9.339843392372131348e-01,-1.179636865854263306e-01,2.430663816630840302e-02,1.394341588020324707e-01,3.867390751838684082e-01,2.009610533714294434e-01,4.964992869645357132e-03,-1.933400183916091919e-01,-2.040006220340728760e-01,-2.903689742088317871e-01,5.711508393287658691e-01,3.449996411800384521e-01,1.692139953374862671e-01
5.993812084197998047e-01,2.926322817802429199e-01,5.845615863800048828e-01,2.171605825424194336e-02,4.624911770224571228e-02,-3.146633505821228027e-03,9.986888766288757324e-01,8.670235425233840942e-02,-1.836599707603454590e-01,4.481053352355957031e-01,-1.043538570404052734e+00,6.108607351779937744e-02,-1.022466421127319336e+00,2.824044823646545410e-01,1.214596271514892578e+00,1.125472635030746460e-01,7.044891715049743652e-01,-1.438277065753936768e-01,-1.016094349324703217e-02,1.195209771394729614e-01,4.840547442436218262e-01,1.501796841621398926e-01,6.462446879595518112e-03,-2.167863547801971436e-01,-2.077122479677200317e-01,-2.865375280380249023e-01,6.117233037948608398e-01,3.449999988079071045e-01,1.340203583240509033e-01
6.278594732284545898e-01,2.947296798229217529e-01,6.000771522521972656e-01,2.092952653765678406e-02,2.589858509600162506e-02,-1.139351911842823029e-02,9.993805289268493652e-01,8.986809849739074707e-02,-1.352557241916656494e-01,5.089646577835083008e-01,-1.100155949592590332e+00,3.230423480272293091e-02,-8.505060076713562012e-01,2.884997129440307617e-01,1.286757349967956543e+00,7.683503627777099609e-02,4.482984840869903564e-01,-1.440530568361282349e-01,-4.308095946907997131e-02,9.446063637733459473e-02,5.522411465644836426e-01,1.199795752763748169e-01,-1.095749158412218094e-02,-2.328316718339920044e-01,-2.091731876134872437e-01,-2.843537926673889160e-01,7.034083008766174316e-01,3.449999988079071045e-01,1.387469619512557983e-01
6.585791707038879395e-01,2.958239912986755371e-01,6.112462282180786133e-01,2.120984904468059540e-02,1.342646591365337372e-02,-1.541834883391857147e-02,9.995659589767456055e-01,8.244608342647552490e-02,-1.062081158161163330e-01,5.352578163146972656e-01,-1.149728775024414062e+00,1.113224402070045471e-02,-6.720487475395202637e-01,2.913713753223419189e-01,1.327628731727600098e+00,1.869040541350841522e-02,2.419990152120590210e-01,-1.465323716402053833e-01,-6.771449744701385498e-02,5.463345348834991455e-02,5.578630566596984863e-01,1.045740097761154175e-01,-8.996993303298950195e-03,-2.468743473291397095e-01,-2.112378776073455811e-01,-2.876514494419097900e-01,7.280600666999816895e-01,3.449999988079071045e-01,1.718727946281433105e-01
6.779010295867919922e-01,2.964869439601898193e-01,6.243623495101928711e-01,2.039103396236896515e-02,5.847243126481771469e-03,-1.525771059095859528e-02,9.996585249900817871e-01,7.584851235151290894e-02,-8.650702983140945435e-02,5.559508800506591797e-01,-1.163326382637023926e+00,7.727497722953557968e-03,-5.431101322174072266e-01,3.032180368900299072e-01,1.344992280006408691e+00,-5.003340542316436768e-02,1.072079837322235107e-01,-1.795789748430252075e-01,-6.094118207693099976e-02,4.238943755626678467e-02,5.284042954444885254e-01,7.434299588203430176e-02,2.607938833534717560e-03,-2.794851958751678467e-01,-1.859213560819625854e-01,-2.680512368679046631e-01,6.474298834800720215e-01,3.449999988079071045e-01,1.733604371547698975e-01
6.921238303184509277e-01,2.951630949974060059e-01,6.323294043540954590e-01,2.021285146474838257e-02,-5.776851321570575237e-04,-1.787859201431274414e-02,9.996356368064880371e-01,8.037233352661132812e-02,-7.501106709241867065e-02,6.066215634346008301e-01,-1.167997837066650391e+00,4.720444791018962860e-03,-5.084232091903686523e-01,3.408351242542266846e-01,1.352839350700378418e+00,-8.615090698003768921e-02,7.352998107671737671e-02,-2.272126525640487671e-01,-3.049462847411632538e-02,6.806387752294540405e-02,5.011833310127258301e-01,3.735898435115814209e-02,1.936358213424682617e-02,-3.230520784854888916e-01,-1.423561871051788330e-01,-2.126580923795700073e-01,5.375489592552185059e-01,3.440435826778411865e-01,1.458356231451034546e-01
7.192735075950622559e-01,2.910001873970031738e-01,6.303798556327819824e-01,2.170371450483798981e-02,-1.007355749607086182e-02,-1.560206618160009384e-02,9.995919466018676758e-01,8.704161643981933594e-02,-5.258014425635337830e-02,6.787248253822326660e-01,-1.158729553222656250e+00,1.085307355970144272e-02,-5.475599765777587891e-01,4.118251502513885498e-01,1.362711548805236816e+00,-9.130472689867019653e-02,1.252617388963699341e-01,-2.491223514080047607e-01,1.644797390326857567e-03,9.144863486289978027e-02,4.893074333667755127e-01,-2.048254385590553284e-02,2.588260173797607422e-02,-3.583774268627166748e-01,-1.115963384509086609e-01,-1.573626101016998291e-01,5.121548771858215332e-01,2.688153088092803955e-01,1.259644776582717896e-01
7.454568743705749512e-01,2.888093292713165283e-01,6.213035583496093750e-01,2.243718691170215607e-02,-1.556852180510759354e-02,-1.120671443641185760e-02,9.995642304420471191e-01,8.379319310188293457e-02,-3.691423684358596802e-02,7.502440810203552246e-01,-1.130872845649719238e+00,2.147025242447853088e-02,-6.292845010757446289e-01,4.927969276905059814e-01,1.372212409973144531e+00,-8.562243729829788208e-02,2.186111509799957275e-01,-2.850132882595062256e-01,1.948599331080913544e-02,8.342340588569641113e-02,4.821580648422241211e-01,-3.417276963591575623e-02,3.157061338424682617e-02,-3.960435390472412109e-01,-1.016289070248603821e-01,-1.281643509864807129e-01,4.907351434230804443e-01,2.120869904756546021e-01,1.188738942146301270e-01
7.705768942832946777e-01,2.889425158500671387e-01,6.034241318702697754e-01,2.463630773127079010e-02,-2.167912386357784271e-02,-6.712881382554769516e-03,9.994388222694396973e-01,7.879799604415893555e-02,-1.362841203808784485e-02,8.124814629554748535e-01,-1.088479876518249512e+00,3.039212711155414581e-02,-7.228229045867919922e-01,5.778292417526245117e-01,1.377188324928283691e+00,-8.052441477775573730e-02,3.339329063892364502e-01,-3.234838247299194336e-01,1.878627762198448181e-02,6.288831681013107300e-02,4.763599038124084473e-01,-3.397833555936813354e-02,3.204922750592231750e-02,-4.167857766151428223e-01,-1.139322966337203979e-01,-1.281700581312179565e-01,4.620969593524932861e-01,2.447069436311721802e-01,1.380141675472259521e-01
7.950363755226135254e-01,2.895289659500122070e-01,5.782502293586730957e-01,2.871124073863029480e-02,-2.940769493579864502e-02,-1.150358293671160936e-04,9.991550445556640625e-01,6.881158053874969482e-02,1.597209647297859192e-02,8.567091226577758789e-01,-1.046212911605834961e+00,3.012425452470779419e-02,-8.095936775207519531e-01,6.498534083366394043e-01,1.375919103622436523e+00,-7.914232462644577026e-02,4.341664910316467285e-01,-3.591586351394653320e-01,1.964019145816564560e-03,2.293189428746700287e-02,4.696458280086517334e-01,-3.131175413727760315e-02,3.607837855815887451e-02,-4.181705415248870850e-01,-1.265212893486022949e-01,-1.192503198981285095e-01,4.303601980209350586e-01,3.162217140197753906e-01,1.578044295310974121e-01
8.244221210479736328e-01,2.876208424568176270e-01,5.470873713493347168e-01,3.282004967331886292e-02,-4.184404388070106506e-02,1.229938212782144547e-02,9.985092282295227051e-01,5.648723617196083069e-02,5.935614928603172302e-02,8.782666921615600586e-01,-1.012604355812072754e+00,2.035319991409778595e-02,-8.745205402374267578e-01,6.983211040496826172e-01,1.373263120651245117e+00,-8.659433573484420776e-02,4.929021596908569336e-01,-3.738579452037811279e-01,-1.672904193401336670e-02,-1.974711380898952484e-02,4.618234932422637939e-01,-4.425759613513946533e-02,1.125588268041610718e-02,-4.018028974533081055e-01,-1.236657649278640747e-01,-9.106036275625228882e-02,4.455675184726715088e-01,3.449998199939727783e-01,1.684241145849227905e-01
8.410207629203796387e-01,2.877986431121826172e-01,5.143429040908813477e-01,2.707017771899700165e-02,-5.779925361275672913e-02,1.258529070764780045e-02,9.978817701339721680e-01,4.967235773801803589e-02,9.889087826013565063e-02,8.829697966575622559e-01,-9.866281151771545410e-01,-5.971193779259920120e-03,-9.243321418762207031e-01,7.144720554351806641e-01,1.365453958511352539e+00,-7.473959028720855713e-02,5.096750259399414062e-01,-3.935630321502685547e-01,-1.914089359343051910e-02,-5.502021685242652893e-02,4.634420871734619141e-01,-4.422899335622787476e-02,4.181784577667713165e-03,-4.163992404937744141e-01,-9.707105904817581177e-02,-6.209041923284530640e-02,5.250054001808166504e-01,2.074286341667175293e-01,7.905028015375137329e-02
8.622874617576599121e-01,2.859451174736022949e-01,4.963947832584381104e-01,2.340353094041347504e-02,-8.166451007127761841e-02,1.564798131585121155e-02,9.962621927261352539e-01,5.320701375603675842e-02,1.521293371915817261e-01,8.666743040084838867e-01,-9.753676056861877441e-01,-3.351100906729698181e-02,-9.498825669288635254e-01,7.013123631477355957e-01,1.346841335296630859e+00,-5.287639424204826355e-02,4.777212142944335938e-01,-4.488841891288757324e-01,-2.565220929682254791e-02,-3.409640491008758545e-02,7.291209697723388672e-01,-3.973840773105621338e-01,1.263616532087326050e-01,-4.556150734424591064e-01,-9.417396783828735352e-02,-7.292793691158294678e-02,8.008252382278442383e-01,-2.540013790130615234e-01,-2.295325882732868195e-02
8.746848106384277344e-01,2.832899689674377441e-01,4.741328060626983643e-01,1.815264858305454254e-02,-7.475086301565170288e-02,1.653702743351459503e-02,9.968998432159423828e-01,7.188621163368225098e-02,1.414572894573211670e-01,6.984646320343017578e-01,-1.002404928207397461e+00,-3.755216300487518311e-02,-8.826981186866760254e-01,5.523225069046020508e-01,1.330245375633239746e+00,-8.160359575413167477e-04,3.699290752410888672e-01,-5.979967713356018066e-01,-2.323870733380317688e-02,-5.410986766219139099e-02,9.983946681022644043e-01,-5.413091182708740234e-01,1.602431237697601318e-01,-5.781415104866027832e-01,-7.846611738204956055e-02,-6.016963720321655273e-02,1.025768280029296875e+00,-4.179547727108001709e-01,-1.107251644134521484e-01
8.853155374526977539e-01,2.854687571525573730e-01,4.636427164077758789e-01,1.910520531237125397e-02,-9.074218571186065674e-02,1.249426882714033127e-02,9.956127405166625977e-01,9.801305085420608521e-02,1.950206011533737183e-01,5.676005482673645020e-01,-1.064292788505554199e+00,-2.882629260420799255e-02,-7.800195217132568359e-01,4.579586386680603027e-01,1.318935751914978027e+00,4.624571651220321655e-02,3.008897602558135986e-01,-6.042699217796325684e-01,-2.140267565846443176e-02,-3.751272708177566528e-02,1.113229632377624512e+00,-6.055796146392822266e-01,1.543169319629669189e-01,-5.850827097892761230e-01,-9.026140719652175903e-02,-5.480762198567390442e-02,1.136851429939270020e+00,-4.679139554500579834e-01,-1.055151522159576416e-01
8.909940719604492188e-01,2.859210371971130371e-01,4.657974541187286377e-01,2.118158340454101562e-02,-8.981088548898696899e-02,1.051554549485445023e-02,9.956780672073364258e-01,1.054733395576477051e-01,2.156505435705184937e-01,4.504520893096923828e-01,-1.133587002754211426e+00,3.305035829544067383e-02,-7.607027292251586914e-01,3.818430602550506592e-01,1.301624536514282227e+00,9.425317496061325073e-02,3.760652244091033936e-01,-5.859073996543884277e-01,-2.362923510372638702e-02,-3.464020416140556335e-02,1.109548807144165039e+00,-6.399530172348022461e-01,1.592961847782135010e-01,-5.607743859291076660e-01,-8.944564312696456909e-02,-4.622177407145500183e-02,1.117416977882385254e+00,-4.929017126560211182e-01,-9.471368789672851562e-02
8.941181898117065430e-01,2.860805690288543701e-01,4.732247292995452881e-01,2.159266546368598938e-02,-7.867383211851119995e-02,9.743986651301383972e-03,9.966189265251159668e-01,1.040799319744110107e-01,2.011744081974029541e-01,3.728534877300262451e-01,-1.149090409278869629e+00,9.023638069629669189e-02,-8.100435733795166016e-01,3.124317526817321777e-01,1.256660580635070801e+00,1.545414775609970093e-01,5.318390727043151855e-01,-5.664991140365600586e-01,-1.951791346073150635e-02,-3.152019903063774109e-02,1.051675081253051758e+00,-6.340172290802001953e-01,1.399962157011032104e-01,-5.427711009979248047e-01,-8.788926154375076294e-02,-4.701389744877815247e-02,1.058543920516967773e+00,-4.883161783218383789e-01,-6.939661502838134766e-02
8.971412777900695801e-01,2.863149046897888184e-01,4.838446080684661865e-01,2.008005604147911072e-02,-7.143634557723999023e-02,6.551072001457214355e-03,9.972215294837951660e-01,1.061790585517883301e-01,1.738303452730178833e-01,3.507719635963439941e-01,-1.137425184249877930e+00,1.163719817996025085e-01,-8.983811140060424805e-01,2.691429257392883301e-01,1.201856613159179688e+00,1.822804361581802368e-01,7.104498744010925293e-01,-5.184795856475830078e-01,-7.618807256221771240e-03,-2.430375479161739349e-02,9.624100923538208008e-01,-6.113619208335876465e-01,1.230811849236488342e-01,-4.969099164009094238e-01,-8.069455623626708984e-02,-5.071121826767921448e-02,9.660751819610595703e-01,-4.595327377319335938e-01,-4.173136875033378601e-02
8.998779654502868652e-01,2.860719859600067139e-01,4.949855208396911621e-01,1.872429437935352325e-02,-6.078883633017539978e-02,1.901905750855803490e-03,9.979732036590576172e-01,1.196763366460800171e-01,1.344905048608779907e-01,3.346800804138183594e-01,-1.121107459068298340e+00,1.396569162607192993e-01,-9.766945242881774902e-01,2.269564568996429443e-01,1.164833307266235352e+00,1.876561343669891357e-01,8.740041255950927734e-01,-4.683177471160888672e-01,1.694484031759202480e-03,-1.824904419481754303e-02,8.543073534965515137e-01,-5.764229297637939453e-01,1.133649423718452454e-01,-4.533741474151611328e-01,-7.003585994243621826e-02,-5.260224640369415283e-02,8.609675765037536621e-01,-4.235495030879974365e-01,-2.128282561898231506e-02
9.031018018722534180e-01,2.858684957027435303e-01,5.048951506614685059e-01,1.835314929485321045e-02,-4.908738285303115845e-02,-1.394916675053536892e-03,9.986248612403869629e-01,1.203957647085189819e-01,9.634049981832504272e-02,3.107669055461883545e-01,-1.116066098213195801e+00,1.712913662195205688e-01,-1.034402608871459961e+00,1.841740906238555908e-01,1.147147417068481445e+00,1.816167533397674561e-01,1.011628866195678711e+00,-4.181678593158721924e-01,4.431468900293111801e-03,-1.346647553145885468e-02,7.423719167709350586e-01,-5.345938801765441895e-01,1.147131919860839844e-01,-4.123772680759429932e-01,-6.203681603074073792e-02,-5.281320959329605103e-02,7.574556469917297363e-01,-3.790660202503204346e-01,-1.062981411814689636e-02
9.065769314765930176e-01,2.851092517375946045e-01,5.128334164619445801e-01,1.782701723277568817e-02,-3.655774146318435669e-02,-2.173742279410362244e-03,9.991701841354370117e-01,1.243385598063468933e-01,6.254225969314575195e-02,2.833354175090789795e-01,-1.091376900672912598e+00,2.104340493679046631e-01,-1.080552101135253906e+00,1.405719965696334839e-01,1.138946175575256348e+00,1.706164479255676270e-01,1.123657464981079102e+00,-3.780996203422546387e-01,7.821800187230110168e-03,-1.161544024944305420e-02,6.418372988700866699e-01,-4.950193762779235840e-01,1.145603284239768982e-01,-3.787708282470703125e-01,-5.545910075306892395e-02,-5.731299892067909241e-02,6.658111810684204102e-01,-3.454912900924682617e-01,-6.523567717522382736e-03
9.095837473869323730e-01,2.849216461181640625e-01,5.183149576187133789e-01,1.833625696599483490e-02,-2.505968324840068817e-02,-2.638875739648938179e-03,9.995142817497253418e-01,1.248323097825050354e-01,4.046703502535820007e-02,2.627103626728057861e-01,-1.067394852638244629e+00,2.325693517923355103e-01,-1.134247064590454102e+00,9.584988653659820557e-02,1.120292305946350098e+00,1.624982506036758423e-01,1.216778397560119629e+00,-3.486869037151336670e-01,7.276078686118125916e-03,-8.892269805073738098e-03,5.592581629753112793e-01,-4.624709486961364746e-01,1.150268837809562683e-01,-3.553092181682586670e-01,-5.190923064947128296e-02,-5.697736516594886780e-02,5.930888652801513672e-01,-3.134643733501434326e-01,-3.396451473236083984e-03
9.123107194900512695e-01,2.844463288784027100e-01,5.218009948730468750e-01,1.880933716893196106e-02,-1.435848139226436615e-02,-1.064161653630435467e-03,9.997194409370422363e-01,1.187488213181495667e-01,2.481208741664886475e-02,2.483180016279220581e-01,-1.044420242309570312e+00,2.409849315881729126e-01,-1.202582001686096191e+00,5.486144870519638062e-02,1.106847763061523438e+00,1.429232507944107056e-01,1.300406455993652344e+00,-3.311216533184051514e-01,6.410368718206882477e-03,-1.037385035306215286e-02,4.965564310550689697e-01,-4.355418682098388672e-01,1.127808541059494019e-01,-3.418117761611938477e-01,-4.977066069841384888e-02,-5.790606513619422913e-02,5.387668609619140625e-01,-2.893580496311187744e-01,-2.992119640111923218e-03
9.143871068954467773e-01,2.842071354389190674e-01,5.236276388168334961e-01,1.893190108239650726e-02,-5.427058786153793335e-03,5.627101054415106773e-04,9.998058676719665527e-01,1.096835657954216003e-01,1.513098273426294327e-02,2.318063378334045410e-01,-1.015609979629516602e+00,2.370129525661468506e-01,-1.279061436653137207e+00,1.370215695351362228e-02,1.094891309738159180e+00,1.213184893131256104e-01,1.374894499778747559e+00,-3.240198791027069092e-01,7.391411811113357544e-03,-9.921453893184661865e-03,4.549829363822937012e-01,-4.180353581905364990e-01,1.037009209394454956e-01,-3.370444774627685547e-01,-4.965680837631225586e-02,-6.167559325695037842e-02,5.041043758392333984e-01,-2.755815386772155762e-01,1.763925887644290924e-03
9.164251089096069336e-01,2.837890982627868652e-01,5.241924524307250977e-01,1.870397478342056274e-02,3.550367197021842003e-03,2.419008174911141396e-03,9.998158216476440430e-01,9.890661388635635376e-02,8.918131701648235321e-03,2.126168906688690186e-01,-9.879249930381774902e-01,2.132451832294464111e-01,-1.372204422950744629e+00,-2.530535124242305756e-02,1.083153963088989258e+00,9.930277615785598755e-02,1.449519872665405273e+00,-3.294198215007781982e-01,9.516838937997817993e-03,-9.825230576097965240e-03,4.359797835350036621e-01,-4.107729196548461914e-01,9.572439640760421753e-02,-3.477644920349121094e-01,-4.937007278203964233e-02,-6.606399267911911011e-02,4.965540170669555664e-01,-2.741645276546478271e-01,6.341916043311357498e-03
9.185528159141540527e-01,2.835290431976318359e-01,5.241261124610900879e-01,1.842481642961502075e-02,9.556367062032222748e-03,3.474163589999079704e-03,9.997785687446594238e-01,1.018945872783660889e-01,1.085563283413648605e-02,1.899893879890441895e-01,-9.586665630340576172e-01,1.711896657943725586e-01,-1.466168522834777832e+00,-5.709376558661460876e-02,1.079905033111572266e+00,7.691109925508499146e-02,1.526727557182312012e+00,-3.386030495166778564e-01,1.087689772248268127e-02,-1.057945843786001205e-02,4.352327585220336914e-01,-4.134399890899658203e-01,9.332448989152908325e-02,-3.563966453075408936e-01,-4.896785691380500793e-02,-6.798597425222396851e-02,4.969026148319244385e-01,-2.788232266902923584e-01,1.173700019717216492e-02
9.209527373313903809e-01,2.835896909236907959e-01,5.234585404396057129e-01,1.972742751240730286e-02,1.574308797717094421e-02,3.833363996818661690e-03,9.996740818023681641e-01,1.044455543160438538e-01,2.178753912448883057e-02,1.563623696565628052e-01,-9.349554777145385742e-01,1.237977743148803711e-01,-1.556316614151000977e+00,-8.484870940446853638e-02,1.071718573570251465e+00,6.189384311437606812e-02,1.606813192367553711e+00,-3.532837629318237305e-01,5.907801445573568344e-03,-1.475684437900781631e-02,4.452530741691589355e-01,-4.200371801853179932e-01,1.003104969859123230e-01,-3.727167248725891113e-01,-5.318512395024299622e-02,-6.834711134433746338e-02,5.096440315246582031e-01,-2.863040864467620850e-01,1.157551817595958710e-02
9.234821796417236328e-01,2.837072908878326416e-01,5.224129557609558105e-01,2.061479352414608002e-02,1.911950297653675079e-02,4.360352642834186554e-03,9.995951652526855469e-01,1.155088990926742554e-01,4.014987871050834656e-02,1.139041036367416382e-01,-9.125284552574157715e-01,8.509367704391479492e-02,-1.628128290176391602e+00,-1.103182584047317505e-01,1.065098643302917480e+00,5.486515909433364868e-02,1.674525022506713867e+00,-3.684742748737335205e-01,2.495981752872467041e-03,-1.664858125150203705e-02,4.688970744609832764e-01,-4.369724988937377930e-01,1.071185022592544556e-01,-3.861485123634338379e-01,-5.636795982718467712e-02,-6.687415391206741333e-02,5.303071141242980957e-01,-3.010753393173217773e-01,9.235243313014507294e-03
9.258088469505310059e-01,2.839470505714416504e-01,5.205804109573364258e-01,2.169223316013813019e-02,2.547216601669788361e-02,7.186420727521181107e-03,9.994143247604370117e-01,1.156844720244407654e-01,4.986287653446197510e-02,5.798720940947532654e-02,-8.922733068466186523e-01,5.926371738314628601e-02,-1.693494677543640137e+00,-1.375988870859146118e-01,1.051844835281372070e+00,4.673566669225692749e-02,1.740464329719543457e+00,-3.990351855754852295e-01,-4.886556416749954224e-03,-2.521650679409503937e-02,5.035634636878967285e-01,-4.566635191440582275e-01,1.127039790153503418e-01,-4.125208258628845215e-01,-6.212693825364112854e-02,-6.744131445884704590e-02,5.638468861579895020e-01,-3.216302096843719482e-01,7.004265207797288895e-03
9.275055527687072754e-01,2.844321727752685547e-01,5.176874399185180664e-01,2.391883917152881622e-02,3.224886208772659302e-02,7.124620955437421799e-03,9.991682171821594238e-01,1.178905293345451355e-01,6.339973211288452148e-02,1.890944433398544788e-03,-8.779146075248718262e-01,4.299909248948097229e-02,-1.752259612083435059e+00,-1.678402423858642578e-01,1.029306769371032715e+00,4.743156582117080688e-02,1.806250214576721191e+00,-4.392614960670471191e-01,-1.172869373112916946e-02,-2.327341213822364807e-02,5.548768639564514160e-01,-4.888539314270019531e-01,1.156048402190208435e-01,-4.534752368927001953e-01,-7.024290412664413452e-02,-6.384720653295516968e-02,6.146219372749328613e-01,-3.497842848300933838e-01,5.596727598458528519e-03
9.297767877578735352e-01,2.846784889698028564e-01,5.130726695060729980e-01,2.434836886823177338e-02,4.192272946238517761e-02,9.054001420736312866e-03,9.987831115722656250e-01,1.197713539004325867e-01,5.740682408213615417e-02,-6.688424944877624512e-02,-8.577520847320556641e-01,3.346702829003334045e-02,-1.801451086997985840e+00,-2.036197781562805176e-01,1.012527346611022949e+00,4.840963706374168396e-02,1.865251421928405762e+00,-5.005214810371398926e-01,-1.646811887621879578e-02,-2.725749649107456207e-02,6.309911608695983887e-01,-5.316454172134399414e-01,1.190759539604187012e-01,-5.097559094429016113e-01,-7.405694574117660522e-02,-5.865946039557456970e-02,6.850768327713012695e-01,-3.948056101799011230e-01,5.456765211420133710e-05
9.309305548667907715e-01,2.851974368095397949e-01,5.066688656806945801e-01,2.529272250831127167e-02,5.282969772815704346e-02,9.998908266425132751e-03,9.982330799102783203e-01,1.186445355415344238e-01,5.351841077208518982e-02,-1.429875493049621582e-01,-8.463389277458190918e-01,3.641989082098007202e-02,-1.838189005851745605e+00,-2.503050565719604492e-01,9.828771352767944336e-01,5.480874702334403992e-02,1.909783840179443359e+00,-5.733732581138610840e-01,-2.095226943492889404e-02,-2.785965986549854279e-02,7.184165120124816895e-01,-5.725812911987304688e-01,1.266500353813171387e-01,-5.759078860282897949e-01,-8.016592264175415039e-02,-5.277532339096069336e-02,7.617140412330627441e-01,-4.348567724227905273e-01,-9.775496087968349457e-03
9.322466254234313965e-01,2.852933704853057861e-01,4.975912570953369141e-01,2.594658732414245605e-02,6.466296315193176270e-02,7.159674074500799179e-03,9.975441098213195801e-01,1.281599849462509155e-01,4.863381013274192810e-02,-2.108543068170547485e-01,-8.332561254501342773e-01,3.452477231621742249e-02,-1.865889549255371094e+00,-3.062055408954620361e-01,9.574260115623474121e-01,7.187414169311523438e-02,1.948137402534484863e+00,-6.552371978759765625e-01,-2.259760722517967224e-02,-2.788012288510799408e-02,8.190560936927795410e-01,-6.030012369155883789e-01,1.399516761302947998e-01,-6.573617458343505859e-01,-8.348710089921951294e-02,-4.337999224662780762e-02,8.552682399749755859e-01,-4.620537757873535156e-01,-1.805764250457286835e-02
9.337792992591857910e-01,2.849381566047668457e-01,4.862499833106994629e-01,2.619293518364429474e-02,7.775900512933731079e-02,3.956535365432500839e-03,9.966201782226562500e-01,1.336907595396041870e-01,4.025737196207046509e-02,-2.794119715690612793e-01,-8.213371634483337402e-01,4.633270204067230225e-02,-1.884879469871520996e+00,-3.694137036800384521e-01,9.356848001480102539e-01,9.448138624429702759e-02,1.969073772430419922e+00,-7.492515444755554199e-01,-2.204817347228527069e-02,-2.709495276212692261e-02,9.345341324806213379e-01,-6.364115476608276367e-01,1.492446511983871460e-01,-7.522213459014892578e-01,-8.344251662492752075e-02,-3.381723538041114807e-02,9.649578332901000977e-01,-4.890381991863250732e-01,-2.607708610594272614e-02
9.351657032966613770e-01,2.855431437492370605e-01,4.751572608947753906e-01,2.808892354369163513e-02,8.686141669750213623e-02,3.208140609785914421e-03,9.958191514015197754e-01,1.317793428897857666e-01,4.940536618232727051e-02,-3.306024074554443359e-01,-8.249512314796447754e-01,7.249644398689270020e-02,-1.898956060409545898e+00,-4.211505055427551270e-01,9.154296517372131348e-01,1.121667027473449707e-01,1.980412721633911133e+00,-8.286157846450805664e-01,-2.479149773716926575e-02,-1.938998699188232422e-02,1.035617113113403320e+00,-6.538690328598022461e-01,1.633295118808746338e-01,-8.294639587402343750e-01,-9.506345540285110474e-02,-3.049515001475811005e-02,1.060079932212829590e+00,-4.968193173408508301e-01,-2.946001477539539337e-02
9.375246167182922363e-01,2.859627902507781982e-01,4.633975923061370850e-01,2.854457683861255646e-02,9.958600997924804688e-02,3.364404663443565369e-03,9.946137666702270508e-01,1.314906030893325806e-01,3.585290536284446716e-02,-3.859018981456756592e-01,-8.289023041725158691e-01,1.062765792012214661e-01,-1.901935577392578125e+00,-4.745924472808837891e-01,9.053984284400939941e-01,1.329433768987655640e-01,1.984115719795227051e+00,-9.113678932189941406e-01,-2.749141864478588104e-02,-2.079181745648384094e-02,1.133512854576110840e+00,-6.882692575454711914e-01,1.643781065940856934e-01,-9.166219234466552734e-01,-9.833413362503051758e-02,-2.132884785532951355e-02,1.162568092346191406e+00,-5.196520090103149414e-01,-2.785200066864490509e-02
9.401268362998962402e-01,2.859227061271667480e-01,4.554370045661926270e-01,2.782016620039939880e-02,1.110393702983856201e-01,1.883161603473126888e-03,9.934247732162475586e-01,1.284722834825515747e-01,1.950116455554962158e-02,-4.224893450736999512e-01,-8.406317830085754395e-01,1.291292160749435425e-01,-1.901014208793640137e+00,-5.117384195327758789e-01,9.060173630714416504e-01,1.408802866935729980e-01,1.982369422912597656e+00,-9.685038924217224121e-01,-2.814454212784767151e-02,-2.634445577859878540e-02,1.199596762657165527e+00,-7.366068363189697266e-01,1.725018173456192017e-01,-9.718976616859436035e-01,-9.747585654258728027e-02,-1.886246353387832642e-02,1.220948576927185059e+00,-5.594436526298522949e-01,-4.052085429430007935e-02
9.448748826980590820e-01,2.860227227210998535e-01,4.479049146175384521e-01,2.840305306017398834e-02,1.214818358421325684e-01,-2.707833118620328605e-05,9.921872019767761230e-01,1.279613673686981201e-01,3.079532878473401070e-03,-4.448745250701904297e-01,-8.664748072624206543e-01,1.525327116250991821e-01,-1.887191891670227051e+00,-5.258120894432067871e-01,9.109138250350952148e-01,1.462299078702926636e-01,1.971714854240417480e+00,-1.013843774795532227e+00,-2.977819554507732391e-02,-2.683521062135696411e-02,1.259576201438903809e+00,-7.860354781150817871e-01,1.823704391717910767e-01,-1.015615582466125488e+00,-9.425274282693862915e-02,-1.131192315369844437e-02,1.274743795394897461e+00,-6.121961474418640137e-01,-6.248417124152183533e-02
9.514743685722351074e-01,2.861061394214630127e-01,4.406376779079437256e-01,2.847550995647907257e-02,1.282294541597366333e-01,-1.753520919010043144e-03,9.913340806961059570e-01,1.215313971042633057e-01,-1.524385064840316772e-02,-4.482419788837432861e-01,-8.904605507850646973e-01,1.663403362035751343e-01,-1.860721468925476074e+00,-5.116232633590698242e-01,9.222032427787780762e-01,1.425630897283554077e-01,1.952954769134521484e+00,-1.043571949005126953e+00,-2.729713171720504761e-02,-2.535578608512878418e-02,1.316407799720764160e+00,-8.269031047821044922e-01,1.913349628448486328e-01,-1.048655867576599121e+00,-9.284498542547225952e-02,-6.379121914505958557e-03,1.330260515213012695e+00,-6.419237852096557617e-01,-6.997977942228317261e-02
9.583788514137268066e-01,2.862820029258728027e-01,4.374734163284301758e-01,2.773748151957988739e-02,1.346662491559982300e-01,-3.892617067322134972e-03,9.904950857162475586e-01,1.232780665159225464e-01,-4.178625717759132385e-02,-4.296809434890747070e-01,-9.196202754974365234e-01,1.723325699567794800e-01,-1.828155994415283203e+00,-4.717662334442138672e-01,9.346120953559875488e-01,1.304879337549209595e-01,1.928890347480773926e+00,-1.053436160087585449e+00,-2.487218007445335388e-02,-2.517373301088809967e-02,1.339823842048645020e+00,-8.542712330818176270e-01,1.994418799877166748e-01,-1.056852817535400391e+00,-9.365990757942199707e-02,-1.006035041064023972e-02,1.349120974540710449e+00,-6.696619391441345215e-01,-8.170634508132934570e-02
9.672493934631347656e-01,2.860045731067657471e-01,4.375787973403930664e-01,2.832218632102012634e-02,1.412336081266403198e-01,-4.182759672403335571e-03,9.895622134208679199e-01,1.139518171548843384e-01,-8.688931167125701904e-02,-3.914528787136077881e-01,-9.477904438972473145e-01,1.811963766813278198e-01,-1.795208454132080078e+00,-4.049246907234191895e-01,9.434534311294555664e-01,1.154394894838333130e-01,1.903371691703796387e+00,-1.039437055587768555e+00,-2.429244853556156158e-02,-2.184639126062393188e-02,1.330392241477966309e+00,-8.698289990425109863e-01,2.089477777481079102e-01,-1.046562552452087402e+00,-8.923732489347457886e-02,-7.861694321036338806e-03,1.348492741584777832e+00,-6.955094933509826660e-01,-1.007145792245864868e-01
9.785493612289428711e-01,2.852845489978790283e-01,4.423477649688720703e-01,2.751238271594047546e-02,1.463740766048431396e-01,-3.304620273411273956e-03,9.888411164283752441e-01,1.112881228327751160e-01,-1.568547636270523071e-01,-3.264162838459014893e-01,-9.487146735191345215e-01,1.823891103267669678e-01,-1.772040843963623047e+00,-3.001767098903656006e-01,9.438562393188476562e-01,9.268278628587722778e-02,1.882209897041320801e+00,-9.974694848060607910e-01,-2.004476636648178101e-02,-2.110316790640354156e-02,1.289421558380126953e+00,-8.700000047683715820e-01,2.040492594242095947e-01,-1.005618095397949219e+00,-8.904344588518142700e-02,-1.688197255134582520e-02,1.313957333564758301e+00,-7.086316943168640137e-01,-1.109726205468177795e-01
9.949576854705810547e-01,2.848697900772094727e-01,4.541321694850921631e-01,2.633945830166339874e-02,1.440468430519104004e-01,-3.368183504790067673e-03,9.892145395278930664e-01,1.021999195218086243e-01,-2.253075838088989258e-01,-2.096673846244812012e-01,-9.271625280380249023e-01,1.753769814968109131e-01,-1.763856172561645508e+00,-1.429090350866317749e-01,9.381182193756103516e-01,7.652603089809417725e-02,1.862519741058349609e+00,-8.861286044120788574e-01,-1.550683286041021347e-02,-1.620106771588325500e-02,1.183158159255981445e+00,-8.700000047683715820e-01,1.959841549396514893e-01,-9.003644585609436035e-01,-8.441657572984695435e-02,-2.732489444315433502e-02,1.218567371368408203e+00,-7.091902494430541992e-01,-1.032157391309738159e-01
1.017830491065979004e+00,2.860742807388305664e-01,4.708487093448638916e-01,2.535176277160644531e-02,1.292605847120285034e-01,-3.544039791449904442e-03,9.912801980972290039e-01,8.856236934661865234e-02,-2.402255833148956299e-01,-5.722745880484580994e-02,-8.972153067588806152e-01,1.677885502576828003e-01,-1.723817229270935059e+00,3.732887655496597290e-02,9.347339272499084473e-01,7.650254666805267334e-02,1.789993643760681152e+00,-7.077294588088989258e-01,-1.587808690965175629e-02,-8.005375973880290985e-03,1.033389329910278320e+00,-8.358344435691833496e-01,1.802855432033538818e-01,-7.160096168518066406e-01,-9.065219014883041382e-02,-4.537071287631988525e-02,1.054481029510498047e+00,-6.696133017539978027e-01,-7.094959169626235962e-02
1.032009124755859375e+00,2.909986972808837891e-01,5.017592310905456543e-01,3.028115071356296539e-02,1.108990162611007690e-01,-2.594382269307971001e-03,9.933668375015258789e-01,7.298415154218673706e-02,-2.058956772089004517e-01,1.034038513898849487e-01,-9.026701450347900391e-01,1.826410144567489624e-01,-1.633403420448303223e+00,1.897783875465393066e-01,9.435999989509582520e-01,9.910450875759124756e-02,1.634403347969055176e+00,-4.772406518459320068e-01,-2.843545936048030853e-02,1.353524066507816315e-02,7.331494092941284180e-01,-6.386797428131103516e-01,1.230151653289794922e-01,-4.475384354591369629e-01,-1.136077791452407837e-01,-7.138271629810333252e-02,6.943746805191040039e-01,-4.395533204078674316e-01,1.675642095506191254e-02
1.057657957077026367e+00,2.896696031093597412e-01,5.147547721862792969e-01,2.861587703227996826e-02,8.602715283632278442e-02,-1.433404395356774330e-03,9.958807229995727539e-01,6.702958792448043823e-02,-1.871494650840759277e-01,1.943865865468978882e-01,-9.177585244178771973e-01,2.396843731403350830e-01,-1.463113188743591309e+00,2.413845956325531006e-01,1.019379019737243652e+00,1.544284969568252563e-01,1.375880360603332520e+00,-2.632499635219573975e-01,-2.105911448597908020e-02,1.639747805893421173e-02,5.291464924812316895e-01,-3.722748160362243652e-01,3.927330300211906433e-02,-2.727594971656799316e-01,-9.746783971786499023e-02,-6.623667478561401367e-02,5.702312588691711426e-01,-1.734660416841506958e-01,9.993900358676910400e-02
1.063924431800842285e+00,2.898229062557220459e-01,5.381523966789245605e-01,3.471028804779052734e-02,8.487050980329513550e-02,-5.221102852374315262e-03,9.957735538482666016e-01,7.058712840080261230e-02,-1.863265186548233032e-01,2.751389741897583008e-01,-9.887599349021911621e-01,2.347787171602249146e-01,-1.266010761260986328e+00,2.620431780815124512e-01,1.064120054244995117e+00,1.711313128471374512e-01,1.093676805496215820e+00,-1.781734824180603027e-01,-2.225888334214687347e-02,4.427711293101310730e-02,3.259397149085998535e-01,9.419852495193481445e-02,1.471071504056453705e-02,-1.596380472183227539e-01,-1.175716221332550049e-01,-8.086868375539779663e-02,3.367989659309387207e-01,3.291013538837432861e-01,1.493553817272186279e-01
1.098315000534057617e+00,2.873075306415557861e-01,5.578198432922363281e-01,3.350943326950073242e-02,7.098300009965896606e-02,3.714150981977581978e-03,9.969075918197631836e-01,5.570530518889427185e-02,-1.723019331693649292e-01,3.624483346939086914e-01,-1.036668419837951660e+00,1.818265467882156372e-01,-1.072424888610839844e+00,2.994605898857116699e-01,1.153005123138427734e+00,1.247205212712287903e-01,8.259567618370056152e-01,-1.182607337832450867e-01,-1.895791478455066681e-02,4.474371671676635742e-02,3.328126966953277588e-01,3.119575977325439453e-01,-2.811313793063163757e-02,-1.770256608724594116e-01,-1.385026872158050537e-01,-1.440209448337554932e-01,5.240387320518493652e-01,3.449999988079071045e-01,1.725075244903564453e-01
1.119629383087158203e+00,2.899664640426635742e-01,5.887191891670227051e-01,3.206111490726470947e-02,5.770510062575340271e-02,-5.248218309134244919e-03,9.978049397468566895e-01,7.579769194126129150e-02,-1.462167203426361084e-01,4.337765276432037354e-01,-1.092690348625183105e+00,1.139836087822914124e-01,-8.699539899826049805e-01,3.293108642101287842e-01,1.207746148109436035e+00,9.988982230424880981e-02,5.845710635185241699e-01,-1.539111584424972534e-01,-8.455702662467956543e-02,-3.871168941259384155e-02,4.500832259654998779e-01,2.664828002452850342e-01,-3.333649784326553345e-02,-1.986063122749328613e-01,-1.339383721351623535e-01,-1.245692297816276550e-01,6.025421023368835449e-01,3.449999988079071045e-01,1.417631506919860840e-01
1.146112561225891113e+00,2.916651666164398193e-01,6.080204844474792480e-01,3.275747969746589661e-02,3.985253348946571350e-02,-9.750345721840858459e-03,9.986208677291870117e-01,7.681412249803543091e-02,-9.729471802711486816e-02,4.948126077651977539e-01,-1.155343890190124512e+00,3.882241621613502502e-02,-6.553676128387451172e-01,3.612399101257324219e-01,1.254701852798461914e+00,3.651364147663116455e-02,3.226668238639831543e-01,-1.701688617467880249e-01,-1.518884152173995972e-01,-1.057257577776908875e-01,5.568219423294067383e-01,2.474599629640579224e-01,-6.356205046176910400e-02,-2.153394222259521484e-01,-1.503733545541763306e-01,-1.430215239524841309e-01,6.934419870376586914e-01,3.449999988079071045e-01,1.550673097372055054e-01
1.171019673347473145e+00,2.939254641532897949e-01,6.246945858001708984e-01,2.750988304615020752e-02,2.526291273534297943e-02,-1.266454346477985382e-02,9.992219805717468262e-01,8.384728431701660156e-02,-5.219068378210067749e-02,5.426497459411621094e-01,-1.184313058853149414e+00,-3.752686455845832825e-02,-4.620979130268096924e-01,3.989623785018920898e-01,1.276800870895385742e+00,-3.825227916240692139e-02,1.123234331607818604e-01,-1.813129037618637085e-01,-1.717416346073150635e-01,-1.323082149028778076e-01,5.873835086822509766e-01,2.459123581647872925e-01,-8.509962260723114014e-02,-2.156540155410766602e-01,-1.545280367136001587e-01,-1.696984469890594482e-01,6.716790199279785156e-01,3.449999988079071045e-01,1.538383513689041138e-01
1.191668987274169922e+00,2.950130701065063477e-01,6.410161256790161133e-01,2.240885421633720398e-02,2.272930368781089783e-02,-1.834500394761562347e-02,9.993221163749694824e-01,9.162102639675140381e-02,-3.382696583867073059e-02,5.807917118072509766e-01,-1.198991775512695312e+00,-1.227265000343322754e-01,-3.408814370632171631e-01,4.504876136779785156e-01,1.279866933822631836e+00,-7.618457823991775513e-02,3.299570828676223755e-02,-2.231139987707138062e-01,-1.537628471851348877e-01,-1.319066882133483887e-01,5.584515333175659180e-01,2.088626325130462646e-01,-6.229800730943679810e-02,-2.270046919584274292e-01,-1.419922113418579102e-01,-1.808149367570877075e-01,5.458369851112365723e-01,3.449413478374481201e-01,1.344724893569946289e-01
1.218562006950378418e+00,2.953255474567413330e-01,6.469382047653198242e-01,1.360727380961179733e-02,6.400978658348321915e-03,-2.741369605064392090e-02,9.995110630989074707e-01,1.004865393042564392e-01,-9.859711863100528717e-03,6.457656621932983398e-01,-1.186972260475158691e+00,-1.882396638393402100e-01,-2.815194129943847656e-01,5.420557856559753418e-01,1.290997028350830078e+00,-1.049626097083091736e-01,5.625379085540771484e-02,-2.430365830659866333e-01,-9.298998117446899414e-02,-8.864089846611022949e-02,5.636578798294067383e-01,1.053291633725166321e-01,-3.140415251255035400e-02,-2.522892355918884277e-01,-1.265815645456314087e-01,-1.643910855054855347e-01,5.096167922019958496e-01,2.678075432777404785e-01,1.452801227569580078e-01
1.247526645660400391e+00,2.912536561489105225e-01,6.492159962654113770e-01,1.310178916901350021e-02,-1.159946084953844547e-03,-2.633325010538101196e-02,9.995666742324829102e-01,1.030593514442443848e-01,1.527413632720708847e-02,7.301434874534606934e-01,-1.187412738800048828e+00,-2.232342660427093506e-01,-3.027126193046569824e-01,6.422503590583801270e-01,1.292551398277282715e+00,-1.402999907732009888e-01,1.246147379279136658e-01,-2.545348107814788818e-01,-3.997146710753440857e-02,-3.983867913484573364e-02,5.107603669166564941e-01,4.368069022893905640e-02,-7.684790994971990585e-03,-2.685931026935577393e-01,-1.136708408594131470e-01,-1.699532717466354370e-01,4.459843337535858154e-01,1.744892150163650513e-01,1.362870782613754272e-01
1.274415254592895508e+00,2.887399494647979736e-01,6.447569727897644043e-01,1.269136741757392883e-02,-4.849736578762531281e-03,-2.507973276078701019e-02,9.995931386947631836e-01,1.014761850237846375e-01,3.577260300517082214e-02,8.198330402374267578e-01,-1.184047460556030273e+00,-2.452423274517059326e-01,-3.684977293014526367e-01,7.230325937271118164e-01,1.286615490913391113e+00,-1.779239922761917114e-01,1.846635639667510986e-01,-2.768577635288238525e-01,3.065619850531220436e-03,5.265619140118360519e-03,4.528413116931915283e-01,1.725578308105468750e-02,3.799141617491841316e-03,-2.947261333465576172e-01,-9.862603992223739624e-02,-1.626981049776077271e-01,3.858439922332763672e-01,1.168190464377403259e-01,1.372068524360656738e-01
1.299806594848632812e+00,2.875340878963470459e-01,6.331421136856079102e-01,1.297518145292997360e-02,-8.417161181569099426e-03,-2.479802817106246948e-02,9.995728135108947754e-01,1.115441918373107910e-01,6.301302462816238403e-02,8.949465155601501465e-01,-1.180212259292602539e+00,-2.581163942813873291e-01,-4.413722753524780273e-01,7.807465195655822754e-01,1.276637911796569824e+00,-2.094057351350784302e-01,2.368882596492767334e-01,-2.979656755924224854e-01,3.252338990569114685e-02,3.602267429232597351e-02,3.944176435470581055e-01,3.265643958002328873e-03,9.886787272989749908e-03,-3.238168358802795410e-01,-8.727709203958511353e-02,-1.456055343151092529e-01,3.350168168544769287e-01,1.038912832736968994e-01,1.532884687185287476e-01
1.323566436767578125e+00,2.866691648960113525e-01,6.124643683433532715e-01,1.370315812528133392e-02,-6.588277872651815414e-03,-2.347224019467830658e-02,9.996088743209838867e-01,1.157232746481895447e-01,6.269568204879760742e-02,9.430633783340454102e-01,-1.164889216423034668e+00,-2.681163847446441650e-01,-5.239746570587158203e-01,7.987728118896484375e-01,1.261388778686523438e+00,-2.142873555421829224e-01,2.632687985897064209e-01,-3.358190357685089111e-01,5.023478716611862183e-02,3.736303374171257019e-02,3.443015515804290771e-01,1.720844395458698273e-02,7.250063586980104446e-03,-3.655261099338531494e-01,-7.741917669773101807e-02,-1.232693642377853394e-01,2.999674379825592041e-01,1.564715802669525146e-01,1.805696189403533936e-01
1.347214221954345703e+00,2.859613001346588135e-01,5.846381783485412598e-01,1.724771596491336823e-02,-1.311990246176719666e-02,-2.327177673578262329e-02,9.994942545890808105e-01,1.161086261272430420e-01,8.299468457698822021e-02,9.715883731842041016e-01,-1.146085858345031738e+00,-2.577428221702575684e-01,-5.872674584388732910e-01,8.059971928596496582e-01,1.246382117271423340e+00,-2.285624742507934570e-01,2.742817103862762451e-01,-3.594641983509063721e-01,4.811212792992591858e-02,9.415114298462867737e-03,3.273782134056091309e-01,1.065220031887292862e-02,7.638544775545597076e-03,-3.884440064430236816e-01,-8.157949894666671753e-02,-1.174337565898895264e-01,3.049067556858062744e-01,2.216267585754394531e-01,2.172954082489013672e-01
1.369309902191162109e+00,2.862163782119750977e-01,5.498331189155578613e-01,1.946591027081012726e-02,-2.882111445069313049e-02,-2.166536264121532440e-02,9.991601705551147461e-01,1.118648275732994080e-01,1.268222332000732422e-01,9.802849888801574707e-01,-1.120175361633300781e+00,-2.350712120532989502e-01,-6.644661426544189453e-01,8.021458387374877930e-01,1.236493825912475586e+00,-2.239898592233657837e-01,2.770887911319732666e-01,-3.756353557109832764e-01,3.290871158242225647e-02,-3.258172422647476196e-02,3.691468834877014160e-01,-3.099142806604504585e-03,-4.653874784708023071e-03,-3.964101076126098633e-01,-8.177104592323303223e-02,-9.844712913036346436e-02,3.617147207260131836e-01,2.589836716651916504e-01,2.173563987016677856e-01
1.390365004539489746e+00,2.872944474220275879e-01,5.192227363586425781e-01,1.587198488414287567e-02,-4.926596209406852722e-02,-2.157356217503547668e-02,9.984264969825744629e-01,1.046517565846443176e-01,1.753355860710144043e-01,9.699279069900512695e-01,-1.080498456954956055e+00,-2.043543756008148193e-01,-7.373318076133728027e-01,7.836880087852478027e-01,1.233373641967773438e+00,-2.000185251235961914e-01,2.906008660793304443e-01,-4.004286825656890869e-01,1.217766571789979935e-02,-5.775794386863708496e-02,5.108468532562255859e-01,-1.527614593505859375e-01,6.661080569028854370e-02,-4.260808229446411133e-01,-6.645664572715759277e-02,-8.604363352060317993e-02,5.318921804428100586e-01,4.809439554810523987e-02,9.857615828514099121e-02
1.412088751792907715e+00,2.851310670375823975e-01,4.986257255077362061e-01,9.617090225219726562e-03,-7.860240340232849121e-02,-2.172728069126605988e-02,9.966228604316711426e-01,1.074282154440879822e-01,2.318269759416580200e-01,8.981837630271911621e-01,-1.049256801605224609e+00,-1.473547369241714478e-01,-7.669584751129150391e-01,7.450644373893737793e-01,1.228003382682800293e+00,-1.309311985969543457e-01,3.084843158721923828e-01,-4.621430039405822754e-01,2.513660863041877747e-02,-2.249930612742900848e-02,8.280600905418395996e-01,-5.295832157135009766e-01,1.435254663228988647e-01,-4.715788066387176514e-01,-6.919665634632110596e-02,-1.150435283780097961e-01,8.094342947006225586e-01,-3.722307682037353516e-01,-3.371253237128257751e-02
1.426205515861511230e+00,2.841446697711944580e-01,4.758978188037872314e-01,5.824774503707885742e-03,-8.237278461456298828e-02,-1.874883845448493958e-02,9.964081645011901855e-01,1.219936236739158630e-01,2.695039808750152588e-01,6.861916184425354004e-01,-1.040063738822937012e+00,-9.422910958528518677e-02,-7.029703855514526367e-01,5.808638930320739746e-01,1.243574380874633789e+00,-7.937793433666229248e-02,2.399011701345443726e-01,-5.642561316490173340e-01,1.575710251927375793e-02,-4.992691799998283386e-02,1.073443293571472168e+00,-6.969782710075378418e-01,1.930987387895584106e-01,-5.689317584037780762e-01,-6.566289812326431274e-02,-9.413436800241470337e-02,1.049200296401977539e+00,-5.399988889694213867e-01,-1.120360195636749268e-01
1.437719225883483887e+00,2.860307991504669189e-01,4.616136848926544189e-01,5.340303294360637665e-03,-1.010560765862464905e-01,-1.750286854803562164e-02,9.947124123573303223e-01,1.165051758289337158e-01,3.331528604030609131e-01,5.076684355735778809e-01,-1.079220533370971680e+00,-4.462637007236480713e-02,-6.698453426361083984e-01,4.622301757335662842e-01,1.260424613952636719e+00,-5.621334537863731384e-03,2.762342393398284912e-01,-5.889778733253479004e-01,8.739951066672801971e-03,-4.653249680995941162e-02,1.224585056304931641e+00,-7.344294786453247070e-01,2.131201773881912231e-01,-5.799996852874755859e-01,-9.766440093517303467e-02,-1.080297157168388367e-01,1.180811643600463867e+00,-5.779825448989868164e-01,-1.266424059867858887e-01
1.444037556648254395e+00,2.878444790840148926e-01,4.577122926712036133e-01,6.024244241416454315e-03,-1.066784039139747620e-01,-1.146616134792566299e-02,9.942092299461364746e-01,1.027547717094421387e-01,3.551927506923675537e-01,3.597828745841979980e-01,-1.124197244644165039e+00,6.682924926280975342e-02,-7.341601252555847168e-01,3.793474435806274414e-01,1.250509381294250488e+00,1.098594740033149719e-01,4.566555321216583252e-01,-5.938637256622314453e-01,-1.127609983086585999e-03,-5.215783417224884033e-02,1.269903302192687988e+00,-7.265890240669250488e-01,1.867917627096176147e-01,-5.627374053001403809e-01,-1.108752042055130005e-01,-1.048911809921264648e-01,1.205032467842102051e+00,-6.029441952705383301e-01,-1.237220838665962219e-01
1.446242332458496094e+00,2.884746789932250977e-01,4.602432250976562500e-01,8.287867531180381775e-03,-9.621132910251617432e-02,-1.435924042016267776e-02,9.952228665351867676e-01,9.935276955366134644e-02,3.293710350990295410e-01,2.470789402723312378e-01,-1.124218583106994629e+00,1.807864159345626831e-01,-8.753168582916259766e-01,2.783502042293548584e-01,1.187454581260681152e+00,2.359326332807540894e-01,6.957941651344299316e-01,-6.008672714233398438e-01,-2.104148268699645996e-03,-4.623258113861083984e-02,1.252667188644409180e+00,-7.199821472167968750e-01,1.672922074794769287e-01,-5.765979290008544922e-01,-1.151583939790725708e-01,-1.009837910532951355e-01,1.191901206970214844e+00,-5.901926755905151367e-01,-1.053031533956527710e-01
1.448160886764526367e+00,2.893811166286468506e-01,4.685142338275909424e-01,1.025627180933952332e-02,-9.185461699962615967e-02,-1.933857239782810211e-02,9.955317974090576172e-01,1.029602140188217163e-01,3.210396468639373779e-01,1.813838481903076172e-01,-1.069053769111633301e+00,2.410192191600799561e-01,-1.036215782165527344e+00,1.717339307069778442e-01,1.121248245239257812e+00,2.956724166870117188e-01,9.028357863426208496e-01,-5.575660467147827148e-01,5.522838328033685684e-03,-2.978943102061748505e-02,1.183382630348205566e+00,-7.343800663948059082e-01,1.610651612281799316e-01,-5.479428172111511230e-01,-1.104098781943321228e-01,-9.379991888999938965e-02,1.133436918258666992e+00,-5.753509998321533203e-01,-8.714361488819122314e-02
1.450150728225708008e+00,2.909525036811828613e-01,4.787172079086303711e-01,1.128568872809410095e-02,-8.639660477638244629e-02,-1.758905872702598572e-02,9.960415959358215332e-01,9.078540652990341187e-02,2.867267429828643799e-01,1.299454271793365479e-01,-1.022451877593994141e+00,2.753569781780242920e-01,-1.187496304512023926e+00,8.196721225976943970e-02,1.076066374778747559e+00,2.923336327075958252e-01,1.071111083030700684e+00,-5.033661127090454102e-01,9.369879961013793945e-03,-1.447666343301534653e-02,1.088126301765441895e+00,-7.229917645454406738e-01,1.452798992395401001e-01,-5.018095970153808594e-01,-1.134827658534049988e-01,-1.000968590378761292e-01,1.048899412155151367e+00,-5.589122772216796875e-01,-7.713599503040313721e-02
1.451567649841308594e+00,2.899033129215240479e-01,4.898674786090850830e-01,1.342417392879724503e-02,-7.382901757955551147e-02,-1.911078020930290222e-02,9.969974160194396973e-01,1.006059348583221436e-01,2.616629600524902344e-01,7.727799564599990845e-02,-9.899977445602416992e-01,2.786580920219421387e-01,-1.296053051948547363e+00,-1.413222029805183411e-02,1.058076858520507812e+00,2.834882140159606934e-01,1.191735148429870605e+00,-4.796722829341888428e-01,5.988809280097484589e-04,-2.635385096073150635e-02,9.991497993469238281e-01,-6.985232234001159668e-01,1.831035614013671875e-01,-4.731163382530212402e-01,-1.057279407978057861e-01,-1.019575595855712891e-01,9.585198760032653809e-01,-5.314091444015502930e-01,-7.195673137903213501e-02
1.453158259391784668e+00,2.919199466705322266e-01,4.985854625701904297e-01,1.455282699316740036e-02,-6.389274448156356812e-02,-1.723517104983329773e-02,9.977018237113952637e-01,9.993179887533187866e-02,2.391127198934555054e-01,2.442618086934089661e-02,-9.699111580848693848e-01,2.928213179111480713e-01,-1.364021301269531250e+00,-9.947591274976730347e-02,1.044127583503723145e+00,2.802148759365081787e-01,1.274893522262573242e+00,-4.412173926830291748e-01,-7.507529109716415405e-03,-1.859394088387489319e-02,9.039156436920166016e-01,-6.493537425994873047e-01,1.420128047466278076e-01,-4.388669729232788086e-01,-1.073536947369575500e-01,-1.065049171447753906e-01,8.728147745132446289e-01,-4.981248676776885986e-01,-6.212909147143363953e-02
1.454410791397094727e+00,2.922528982162475586e-01,5.074608325958251953e-01,1.638991013169288635e-02,-5.414881184697151184e-02,-1.774248294532299042e-02,9.982407093048095703e-01,1.007372587919235229e-01,2.147813886404037476e-01,-2.491246350109577179e-02,-9.559631943702697754e-01,2.953591346740722656e-01,-1.400582909584045410e+00,-1.704123318195343018e-01,1.041987180709838867e+00,2.827003896236419678e-01,1.336581587791442871e+00,-4.065648019313812256e-01,-1.414746604859828949e-02,-2.300130762159824371e-02,8.124622702598571777e-01,-6.214331984519958496e-01,1.448104679584503174e-01,-4.091454446315765381e-01,-1.024253591895103455e-01,-1.034255474805831909e-01,7.889978885650634766e-01,-4.667519032955169678e-01,-6.036794185638427734e-02
1.455421805381774902e+00,2.931658625602722168e-01,5.139682292938232422e-01,1.733962446451187134e-02,-4.411856085062026978e-02,-1.846788823604583740e-02,9.987050890922546387e-01,1.025899425148963928e-01,1.923149377107620239e-01,-7.625314593315124512e-02,-9.396240115165710449e-01,2.811624705791473389e-01,-1.411718606948852539e+00,-2.327366024255752563e-01,1.042971611022949219e+00,2.819098830223083496e-01,1.390803456306457520e+00,-3.735969960689544678e-01,-1.509763952344655991e-02,-1.630867086350917816e-02,7.253948450088500977e-01,-5.898630619049072266e-01,1.431899517774581909e-01,-3.870406150817871094e-01,-9.838931262493133545e-02,-1.012292876839637756e-01,7.144375443458557129e-01,-4.401488006114959717e-01,-5.662908405065536499e-02
1.456541419029235840e+00,2.937965095043182373e-01,5.190207362174987793e-01,2.081439085304737091e-02,-3.424040228128433228e-02,-1.772548630833625793e-02,9.990396499633789062e-01,9.932342171669006348e-02,1.795977503061294556e-01,-1.146138459444046021e-01,-9.343502521514892578e-01,2.714867889881134033e-01,-1.418447136878967285e+00,-2.975658476352691650e-01,1.043318867683410645e+00,2.701187133789062500e-01,1.418625950813293457e+00,-3.556917607784271240e-01,-2.362810820341110229e-02,-1.401519030332565308e-02,6.616910696029663086e-01,-5.874608755111694336e-01,1.510460972785949707e-01,-3.741495311260223389e-01,-1.043379381299018860e-01,-1.015212312340736389e-01,6.585295200347900391e-01,-4.151692092418670654e-01,-4.591018334031105042e-02
1.457431912422180176e+00,2.953147888183593750e-01,5.214052200317382812e-01,2.211011201143264771e-02,-2.839949913322925568e-02,-1.633523590862751007e-02,9.992185831069946289e-01,1.036668419837951660e-01,1.794375628232955933e-01,-1.392329335212707520e-01,-9.314921498298645020e-01,2.604867517948150635e-01,-1.412389397621154785e+00,-3.509819209575653076e-01,1.041599392890930176e+00,2.642298936843872070e-01,1.427056670188903809e+00,-3.378966748714447021e-01,-2.898566797375679016e-02,-8.470488712191581726e-03,6.141622662544250488e-01,-5.763899087905883789e-01,1.373168081045150757e-01,-3.636740446090698242e-01,-1.093404144048690796e-01,-1.048634424805641174e-01,6.206817626953125000e-01,-3.950443565845489502e-01,-3.925731033086776733e-02
1.458839178085327148e+00,2.955607175827026367e-01,5.230408310890197754e-01,2.380243502557277679e-02,-2.150571532547473907e-02,-1.624803058803081512e-02,9.993532896041870117e-01,1.017484366893768311e-01,1.739058196544647217e-01,-1.660047024488449097e-01,-9.289045333862304688e-01,2.391428351402282715e-01,-1.385679721832275391e+00,-3.982495069503784180e-01,1.036591529846191406e+00,2.562095224857330322e-01,1.411797046661376953e+00,-3.317962884902954102e-01,-3.235511109232902527e-02,-6.597275845706462860e-03,5.812540650367736816e-01,-5.720560550689697266e-01,1.389320790767669678e-01,-3.643926978111267090e-01,-1.139374226331710815e-01,-1.093500554561614990e-01,5.985873341560363770e-01,-3.774925470352172852e-01,-2.907020039856433868e-02
1.460266470909118652e+00,2.963016629219055176e-01,5.238413214683532715e-01,2.404021471738815308e-02,-1.632032543420791626e-02,-1.705538481473922729e-02,9.994322657585144043e-01,9.424778074026107788e-02,1.739853173494338989e-01,-1.795937120914459229e-01,-9.343408346176147461e-01,2.277889549732208252e-01,-1.336514830589294434e+00,-4.251616597175598145e-01,1.046408057212829590e+00,2.579518556594848633e-01,1.378616690635681152e+00,-3.294234275817871094e-01,-3.386827185750007629e-02,-4.331555217504501343e-03,5.626559853553771973e-01,-5.634697675704956055e-01,1.388807594776153564e-01,-3.620317280292510986e-01,-1.158031225204467773e-01,-1.116575151681900024e-01,5.784634947776794434e-01,-3.654443323612213135e-01,-2.166403457522392273e-02
1.461839914321899414e+00,2.967930734157562256e-01,5.243628621101379395e-01,2.505407296121120453e-02,-1.229930948466062546e-02,-1.931473240256309509e-02,9.994238018989562988e-01,6.111294776201248169e-02,1.599780470132827759e-01,-1.783476620912551880e-01,-9.476639628410339355e-01,2.237022519111633301e-01,-1.262313127517700195e+00,-4.237527847290039062e-01,1.066256284713745117e+00,2.520175874233245850e-01,1.334579706192016602e+00,-3.279558718204498291e-01,-3.481897339224815369e-02,1.659955712966620922e-03,5.495361089706420898e-01,-5.424700379371643066e-01,1.434905380010604858e-01,-3.608193099498748779e-01,-1.170833855867385864e-01,-1.086551845073699951e-01,5.622847676277160645e-01,-3.534779250621795654e-01,-1.619111932814121246e-02
1.464727520942687988e+00,2.973830997943878174e-01,5.253196358680725098e-01,2.496721595525741577e-02,-9.406757541000843048e-03,-1.785408519208431244e-02,9.994845390319824219e-01,6.979022920131683350e-02,1.652213633060455322e-01,-1.705859154462814331e-01,-9.740546345710754395e-01,2.346677482128143311e-01,-1.169825434684753418e+00,-3.923636078834533691e-01,1.080729722976684570e+00,2.547026276588439941e-01,1.278052568435668945e+00,-3.182933330535888672e-01,-3.767850995063781738e-02,4.762492317240685225e-04,5.308785438537597656e-01,-5.320289731025695801e-01,1.366697698831558228e-01,-3.499806821346282959e-01,-1.187888085842132568e-01,-1.141183823347091675e-01,5.440344810485839844e-01,-3.444521725177764893e-01,-1.523808296769857407e-02
1.467493534088134766e+00,2.973605394363403320e-01,5.263534188270568848e-01,2.514070644974708557e-02,-1.069330703467130661e-02,-1.850842311978340149e-02,9.994553923606872559e-01,3.995414078235626221e-02,1.569311320781707764e-01,-1.778583973646163940e-01,-9.987463951110839844e-01,2.324609905481338501e-01,-1.020529031753540039e+00,-3.545590043067932129e-01,1.103019714355468750e+00,2.587518095970153809e-01,1.183124423027038574e+00,-2.992302477359771729e-01,-3.848551213741302490e-02,5.922670825384557247e-04,5.133205056190490723e-01,-5.233281850814819336e-01,1.405939608812332153e-01,-3.328876495361328125e-01,-1.173875257372856140e-01,-1.108675897121429443e-01,5.287373661994934082e-01,-3.368678987026214600e-01,-1.388205029070377350e-02
1.470260858535766602e+00,2.974594235420227051e-01,5.278627872467041016e-01,2.610670588910579681e-02,-8.387388661503791809e-03,-1.950485073029994965e-02,9.994336366653442383e-01,5.032365769147872925e-02,1.586633175611495972e-01,-1.582155078649520874e-01,-1.044572472572326660e+00,2.429088056087493896e-01,-8.730928897857666016e-01,-3.118074238300323486e-01,1.125437140464782715e+00,2.603609561920166016e-01,1.064015388488769531e+00,-2.849093973636627197e-01,-3.998674452304840088e-02,3.161079948768019676e-03,4.884085655212402344e-01,-5.122286081314086914e-01,1.363496035337448120e-01,-3.201357722282409668e-01,-1.192256137728691101e-01,-1.135292425751686096e-01,5.072193145751953125e-01,-3.248894810676574707e-01,-4.656286910176277161e-03
1.472572088241577148e+00,2.966802120208740234e-01,5.300276875495910645e-01,2.741331420838832855e-02,-5.955549422651529312e-03,-2.024228312075138092e-02,9.994014501571655273e-01,7.377129793167114258e-02,1.733042150735855103e-01,-1.447196602821350098e-01,-1.098207712173461914e+00,2.813420593738555908e-01,-7.038757205009460449e-01,-2.935022115707397461e-01,1.150356411933898926e+00,2.746852636337280273e-01,8.989298939704895020e-01,-2.768889367580413818e-01,-4.054906591773033142e-02,-7.083034142851829529e-03,4.685637950897216797e-01,-5.029606819152832031e-01,1.732938885688781738e-01,-3.065072298049926758e-01,-1.186884790658950806e-01,-1.135266721248626709e-01,4.820203483104705811e-01,-3.090674281120300293e-01,-4.152259323745965958e-03
1.476032018661499023e+00,2.971097528934478760e-01,5.303730964660644531e-01,2.476038224995136261e-02,-7.666602265089750290e-03,-1.986165158450603485e-02,9.994667172431945801e-01,3.580415248870849609e-02,1.587547212839126587e-01,-1.332278847694396973e-01,-1.136019825935363770e+00,3.121621608734130859e-01,-5.165128707885742188e-01,-2.457776218652725220e-01,1.190529465675354004e+00,2.719110250473022461e-01,7.195414304733276367e-01,-2.562288343906402588e-01,-3.540617972612380981e-02,4.697555268649011850e-04,4.538314044475555420e-01,-4.809371531009674072e-01,1.427325159311294556e-01,-2.836717963218688965e-01,-1.116193607449531555e-01,-1.128282994031906128e-01,4.616920948028564453e-01,-2.993458807468414307e-01,-4.903232678771018982e-03
1.479154706001281738e+00,2.978251874446868896e-01,5.311527252197265625e-01,2.517209202051162720e-02,-7.043000776320695877e-03,-2.047090232372283936e-02,9.994487166404724121e-01,6.029008887708187103e-03,1.533229053020477295e-01,-1.091246753931045532e-01,-1.181635260581970215e+00,3.361653685569763184e-01,-3.432842791080474854e-01,-2.090041637420654297e-01,1.222790241241455078e+00,2.783064544200897217e-01,5.098065733909606934e-01,-2.406003922224044800e-01,-3.692559897899627686e-02,8.817999623715877533e-03,4.369107782840728760e-01,-4.717257916927337646e-01,1.279263198375701904e-01,-2.712630331516265869e-01,-1.135421097278594971e-01,-1.132401227951049805e-01,4.486967623233795166e-01,-2.898216247558593750e-01,3.545421408489346504e-03
1.482315301895141602e+00,2.968858480453491211e-01,5.315948724746704102e-01,2.316990867257118225e-02,-2.173656830564141273e-03,-2.065470442175865173e-02,9.995157718658447266e-01,-3.643191605806350708e-02,1.488277763128280640e-01,-7.717748731374740601e-02,-1.212666630744934082e+00,3.415880501270294189e-01,-2.185971587896347046e-01,-1.777546852827072144e-01,1.264120101928710938e+00,2.552986145019531250e-01,3.001216351985931396e-01,-2.417317032814025879e-01,-3.018277883529663086e-02,2.917871577665209770e-03,4.295006990432739258e-01,-4.557510614395141602e-01,1.387455761432647705e-01,-2.707024514675140381e-01,-1.069578304886817932e-01,-1.175602227449417114e-01,4.397889673709869385e-01,-2.813518941402435303e-01,1.397695392370223999e-03
1.486405611038208008e+00,2.967886328697204590e-01,5.320622324943542480e-01,2.170660346746444702e-02,-5.978194996714591980e-03,-2.289067767560482025e-02,9.994844198226928711e-01,-1.268033534288406372e-01,1.490836441516876221e-01,-6.275955121964216232e-03,-1.239962220191955566e+00,3.303061425685882568e-01,-1.600267291069030762e-01,-1.145235672593116760e-01,1.292287945747375488e+00,2.190831452608108521e-01,1.334247440099716187e-01,-2.195530235767364502e-01,-2.397022955119609833e-02,1.383278146386146545e-02,4.221966862678527832e-01,-4.480810761451721191e-01,1.307026147842407227e-01,-2.450919151306152344e-01,-1.023052632808685303e-01,-1.172650605440139771e-01,4.247733950614929199e-01,-2.717390656471252441e-01,1.082614413462579250e-03
1.489307999610900879e+00,2.965456247329711914e-01,5.327162742614746094e-01,2.234836108982563019e-02,-4.481715150177478790e-03,-2.574300020933151245e-02,9.994087219238281250e-01,-2.216172516345977783e-01,1.132849007844924927e-01,6.974986195564270020e-02,-1.261602640151977539e+00,2.755201458930969238e-01,-1.690144240856170654e-01,-4.258069768548011780e-02,1.306478261947631836e+00,1.645033955574035645e-01,4.783628880977630615e-02,-2.107769101858139038e-01,-2.629893086850643158e-02,1.192597392946481705e-02,4.147139191627502441e-01,-4.459437727928161621e-01,1.322615593671798706e-01,-2.371294647455215454e-01,-1.019729226827621460e-01,-1.147283464670181274e-01,4.119462668895721436e-01,-2.627785205841064453e-01,1.994315069168806076e-03
1.493817090988159180e+00,2.960462868213653564e-01,5.335029959678649902e-01,2.084764651954174042e-02,-9.818329475820064545e-03,-2.819715067744255066e-02,9.993367195129394531e-01,-3.549906015396118164e-01,1.018568277359008789e-01,1.608112901449203491e-01,-1.278241157531738281e+00,2.052400261163711548e-01,-2.017751336097717285e-01,6.779300421476364136e-02,1.319446682929992676e+00,8.763112127780914307e-02,5.026166886091232300e-02,-1.772372275590896606e-01,-2.115239016711711884e-02,1.868917793035507202e-02,3.975495100021362305e-01,-4.473665654659271240e-01,1.245995908975601196e-01,-2.068926542997360229e-01,-9.621374309062957764e-02,-1.134585589170455933e-01,3.963619768619537354e-01,-2.624789476394653320e-01,1.344521180726587772e-03
1.496586918830871582e+00,2.954045534133911133e-01,5.338789224624633789e-01,2.108854055404663086e-02,-1.099937222898006439e-02,-2.767653949558734894e-02,9.993339180946350098e-01,-4.919876754283905029e-01,8.546567708253860474e-02,2.318737357854843140e-01,-1.298040270805358887e+00,1.377317458391189575e-01,-2.350785285234451294e-01,1.654282957315444946e-01,1.326796054840087891e+00,1.616525091230869293e-02,7.630679011344909668e-02,-1.670491397380828857e-01,-2.086461707949638367e-02,1.490713283419609070e-02,3.928650021553039551e-01,-4.381046891212463379e-01,1.252761036157608032e-01,-1.924483329057693481e-01,-9.536617249250411987e-02,-1.126387417316436768e-01,3.863302469253540039e-01,-2.552257478237152100e-01,1.099543645977973938e-03
1.499466300010681152e+00,2.943247854709625244e-01,5.343758463859558105e-01,2.044965885579586029e-02,-1.366884168237447739e-02,-2.009720169007778168e-02,9.994953870773315430e-01,-6.376169919967651367e-01,7.738111913204193115e-02,2.823845148086547852e-01,-1.312917470932006836e+00,1.094082295894622803e-01,-2.587519288063049316e-01,2.514601945877075195e-01,1.338698148727416992e+00,-6.148498132824897766e-02,1.033705398440361023e-01,-1.518882364034652710e-01,-2.025272697210311890e-02,2.495730295777320862e-03,3.802511394023895264e-01,-4.238667786121368408e-01,1.173122152686119080e-01,-1.692020744085311890e-01,-9.587994962930679321e-02,-1.347152143716812134e-01,3.747327029705047607e-01,-2.498137354850769043e-01,5.995451938360929489e-03
1.500970125198364258e+00,2.938853204250335693e-01,5.348441600799560547e-01,1.995962113142013550e-02,-1.196127291768789291e-02,-1.718223094940185547e-02,9.995815753936767578e-01,-7.535408139228820801e-01,7.343179732561111450e-02,3.144638538360595703e-01,-1.326331377029418945e+00,8.875197917222976685e-02,-2.778204977512359619e-01,2.997255921363830566e-01,1.348989367485046387e+00,-1.301173716783523560e-01,1.176662445068359375e-01,-1.528087407350540161e-01,-1.879592984914779663e-02,1.042168223648332059e-04,3.788185715675354004e-01,-4.142365157604217529e-01,1.201130822300910950e-01,-1.621733754873275757e-01,-9.381395578384399414e-02,-1.420832425355911255e-01,3.621670901775360107e-01,-2.441033124923706055e-01,8.575005456805229187e-03
1.502207994461059570e+00,2.929810881614685059e-01,5.354040861129760742e-01,1.943847909569740295e-02,-1.359699480235576630e-02,-1.577910408377647400e-02,9.995940327644348145e-01,-8.193857669830322266e-01,8.014401048421859741e-02,3.351604640483856201e-01,-1.327384829521179199e+00,1.196149885654449463e-01,-2.891522049903869629e-01,3.396728038787841797e-01,1.351564764976501465e+00,-1.463974267244338989e-01,1.388413608074188232e-01,-1.435053199529647827e-01,-1.526360493153333664e-02,-2.572273602709174156e-03,3.725328445434570312e-01,-4.077717661857604980e-01,1.147499382495880127e-01,-1.497755646705627441e-01,-9.049107134342193604e-02,-1.446601301431655884e-01,3.525337278842926025e-01,-2.375204414129257202e-01,2.534220460802316666e-03
1.502676963806152344e+00,2.921811342239379883e-01,5.353596806526184082e-01,1.991568505764007568e-02,-1.680192910134792328e-02,-1.742167957127094269e-02,9.995086789131164551e-01,-8.530176281929016113e-01,8.521136641502380371e-02,3.493390083312988281e-01,-1.325206160545349121e+00,1.461948007345199585e-01,-3.015156984329223633e-01,3.623987138271331787e-01,1.350424766540527344e+00,-1.643487364053726196e-01,1.488060504198074341e-01,-1.331115812063217163e-01,-1.408581156283617020e-02,-6.449369830079376698e-04,3.699860870838165283e-01,-4.066978096961975098e-01,1.078347712755203247e-01,-1.441274881362915039e-01,-9.089183062314987183e-02,-1.438483297824859619e-01,3.556156456470489502e-01,-2.241444140672683716e-01,3.354687010869383812e-03
1.502751827239990234e+00,2.918514609336853027e-01,5.356057286262512207e-01,2.028550952672958374e-02,-1.769648678600788116e-02,-2.160127274692058563e-02,9.994041919708251953e-01,-8.805463314056396484e-01,8.880097419023513794e-02,3.520571291446685791e-01,-1.316909432411193848e+00,1.693437397480010986e-01,-3.213987946510314941e-01,3.664604723453521729e-01,1.341673016548156738e+00,-1.544502675533294678e-01,1.580960005521774292e-01,-1.258917748928070068e-01,-1.219546794891357422e-02,7.998767308890819550e-03,3.641605973243713379e-01,-4.032347500324249268e-01,1.056910455226898193e-01,-1.451901346445083618e-01,-8.982756733894348145e-02,-1.353174000978469849e-01,3.576407432556152344e-01,-2.219862192869186401e-01,7.391956634819507599e-03
1.502190947532653809e+00,2.911653518676757812e-01,5.357051491737365723e-01,2.042827568948268890e-02,-1.819269917905330658e-02,-2.607664465904235840e-02,9.992855787277221680e-01,-8.960812687873840332e-01,8.452603965997695923e-02,3.477447628974914551e-01,-1.303520679473876953e+00,1.905452162027359009e-01,-3.448138833045959473e-01,3.630881905555725098e-01,1.335358142852783203e+00,-1.395020484924316406e-01,1.805788576602935791e-01,-1.195198893547058105e-01,-9.144775569438934326e-03,1.647914387285709381e-02,3.569015264511108398e-01,-4.026037454605102539e-01,1.056836917996406555e-01,-1.457511484622955322e-01,-8.674766868352890015e-02,-1.262419074773788452e-01,3.544132709503173828e-01,-2.153082340955734253e-01,4.658906720578670502e-03
1.500837087631225586e+00,2.909589111804962158e-01,5.357160568237304688e-01,2.051532454788684845e-02,-1.699367910623550415e-02,-2.686380967497825623e-02,9.992840886116027832e-01,-9.192055463790893555e-01,8.006995916366577148e-02,3.244732916355133057e-01,-1.288328528404235840e+00,2.034219652414321899e-01,-3.553622364997863770e-01,3.467730283737182617e-01,1.326112747192382812e+00,-1.146234124898910522e-01,2.092150896787643433e-01,-1.226399540901184082e-01,-8.213904686272144318e-03,1.928850449621677399e-02,3.530014157295227051e-01,-3.988377749919891357e-01,1.057484820485115051e-01,-1.518084108829498291e-01,-8.641073107719421387e-02,-1.283080726861953735e-01,3.548314869403839111e-01,-2.203154414892196655e-01,9.785774163901805878e-03
1.498579382896423340e+00,2.908485233783721924e-01,5.356264710426330566e-01,2.099795266985893250e-02,-1.348394434899091721e-02,-2.480955421924591064e-02,9.993807077407836914e-01,-9.516688585281372070e-01,7.803370058536529541e-02,2.942249774932861328e-01,-1.274565815925598145e+00,2.076388299465179443e-01,-3.760596215724945068e-01,3.186425566673278809e-01,1.321467757225036621e+00,-1.133599206805229187e-01,2.364307045936584473e-01,-1.375331282615661621e-01,-1.067224051803350449e-02,1.469758711755275726e-02,3.561494648456573486e-01,-3.998670876026153564e-01,1.083914488554000854e-01,-1.652936488389968872e-01,-8.815445750951766968e-02,-1.318759620189666748e-01,3.584827482700347900e-01,-2.244799882173538208e-01,9.913348592817783356e-03
1.497767925262451172e+00,2.904582023620605469e-01,5.359147787094116211e-01,2.023286186158657074e-02,-1.600914634764194489e-02,-3.383194655179977417e-02,9.990944862365722656e-01,-9.584591984748840332e-01,7.939745485782623291e-02,2.890433669090270996e-01,-1.261729478836059570e+00,1.764033287763595581e-01,-4.051034748554229736e-01,2.906879782676696777e-01,1.314916610717773438e+00,-1.055388599634170532e-01,2.491677254438400269e-01,-1.241124868392944336e-01,-4.052342381328344345e-03,3.378391265869140625e-02,3.475074470043182373e-01,-4.087689220905303955e-01,1.063388139009475708e-01,-1.626992523670196533e-01,-8.052194118499755859e-02,-1.157316714525222778e-01,3.528389930725097656e-01,-2.250300496816635132e-01,1.199739146977663040e-02
1.496030211448669434e+00,2.895954251289367676e-01,5.360448956489562988e-01,1.969912275671958923e-02,-1.643658615648746490e-02,-3.862037882208824158e-02,9.989245533943176270e-01,-9.759846925735473633e-01,8.026753365993499756e-02,2.778996229171752930e-01,-1.248437762260437012e+00,1.527594029903411865e-01,-4.432597160339355469e-01,2.752172648906707764e-01,1.318991661071777344e+00,-1.067660376429557800e-01,2.920732796192169189e-01,-1.219477355480194092e-01,1.219254481839016080e-04,3.452142328023910522e-02,3.423335254192352295e-01,-4.074754118919372559e-01,1.062350496649742126e-01,-1.604141294956207275e-01,-7.331863045692443848e-02,-1.013681665062904358e-01,3.413766324520111084e-01,-2.230869382619857788e-01,5.761180073022842407e-03
1.494539141654968262e+00,2.889856100082397461e-01,5.362077951431274414e-01,1.950040273368358612e-02,-1.593837328255176544e-02,-4.210821166634559631e-02,9.987955689430236816e-01,-9.984477162361145020e-01,8.054293692111968994e-02,2.620981633663177490e-01,-1.233922600746154785e+00,1.380510628223419189e-01,-4.850403666496276855e-01,2.642886340618133545e-01,1.332724690437316895e+00,-1.182257607579231262e-01,3.485118448734283447e-01,-1.212013438344001770e-01,3.294381080195307732e-03,3.933451697230339050e-02,3.365010917186737061e-01,-4.088566601276397705e-01,1.073926463723182678e-01,-1.628104746341705322e-01,-6.836030632257461548e-02,-9.272391349077224731e-02,3.349547684192657471e-01,-2.243504971265792847e-01,8.260985836386680603e-03
1.492980480194091797e+00,2.888206541538238525e-01,5.363820195198059082e-01,1.893263868987560272e-02,-1.690732128918170929e-02,-4.790640249848365784e-02,9.985292553901672363e-01,-9.999998211860656738e-01,8.011992275714874268e-02,2.479021996259689331e-01,-1.217055439949035645e+00,1.250596046447753906e-01,-5.218887925148010254e-01,2.393988370895385742e-01,1.331163644790649414e+00,-8.976391702890396118e-02,3.911891579627990723e-01,-1.170590668916702271e-01,8.182321675121784210e-03,5.465497449040412903e-02,3.323020637035369873e-01,-4.129392206668853760e-01,1.033551394939422607e-01,-1.609415560960769653e-01,-6.293512135744094849e-02,-8.098170906305313110e-02,3.247237801551818848e-01,-2.218156903982162476e-01,5.486604757606983185e-03
1.490971326828002930e+00,2.887001037597656250e-01,5.365180373191833496e-01,1.815018989145755768e-02,-1.673640124499797821e-02,-5.493475869297981262e-02,9.981846809387207031e-01,-1.000000000000000000e+00,7.969344407320022583e-02,2.367770820856094360e-01,-1.198744177818298340e+00,1.053998544812202454e-01,-5.628759860992431641e-01,2.170986086130142212e-01,1.322157859802246094e+00,-4.297123104333877563e-02,4.437728524208068848e-01,-1.152397021651268005e-01,1.368194166570901871e-02,7.309732586145401001e-02,3.282704651355743408e-01,-4.180312454700469971e-01,1.014685705304145813e-01,-1.649862676858901978e-01,-5.694610998034477234e-02,-6.762041151523590088e-02,3.175002038478851318e-01,-2.159586250782012939e-01,6.645972374826669693e-03
1.487574458122253418e+00,2.887976467609405518e-01,5.362861156463623047e-01,1.835132203996181488e-02,-1.537618041038513184e-02,-5.987131968140602112e-02,9.979189634323120117e-01,-1.000000000000000000e+00,7.939889281988143921e-02,2.115987986326217651e-01,-1.185854911804199219e+00,1.134895980358123779e-01,-5.932318568229675293e-01,1.895063668489456177e-01,1.309135317802429199e+00,1.422952674329280853e-02,4.933882057666778564e-01,-1.228485181927680969e-01,1.611554808914661407e-02,8.221819251775741577e-02,3.267821073532104492e-01,-4.144719541072845459e-01,9.910359978675842285e-02,-1.833093017339706421e-01,-5.428098142147064209e-02,-5.526568368077278137e-02,3.267974555492401123e-01,-2.099338769912719727e-01,7.973776198923587799e-03
1.485383510589599609e+00,2.881312072277069092e-01,5.362918376922607422e-01,1.796920225024223328e-02,-1.207756437361240387e-02,-6.466231495141983032e-02,9.976723194122314453e-01,-1.000000000000000000e+00,7.237295806407928467e-02,1.927340477705001831e-01,-1.169891953468322754e+00,1.073568388819694519e-01,-6.261070966720581055e-01,1.757268607616424561e-01,1.302471280097961426e+00,3.795873746275901794e-02,5.588020086288452148e-01,-1.359876543283462524e-01,2.104945853352546692e-02,8.693636953830718994e-02,3.334356248378753662e-01,-4.246473610401153564e-01,1.083739772439002991e-01,-1.971846073865890503e-01,-4.908024519681930542e-02,-4.789731651544570923e-02,3.268582820892333984e-01,-2.093827873468399048e-01,5.517350509762763977e-03
1.481831312179565430e+00,2.891211509704589844e-01,5.363762974739074707e-01,1.920090988278388977e-02,-1.119772344827651978e-02,-6.407794356346130371e-02,9.976973533630371094e-01,-1.000000000000000000e+00,6.569311767816543579e-02,1.639463752508163452e-01,-1.160771250724792480e+00,1.336984038352966309e-01,-6.525660157203674316e-01,1.513809710741043091e-01,1.298286437988281250e+00,6.492193788290023804e-02,5.994735360145568848e-01,-1.492390781641006470e-01,1.728881523013114929e-02,8.825169503688812256e-02,3.386394977569580078e-01,-4.245902001857757568e-01,1.087369993329048157e-01,-2.100507915019989014e-01,-5.264947190880775452e-02,-4.352202266454696655e-02,3.337361514568328857e-01,-2.098613381385803223e-01,8.099449798464775085e-03
1.480489134788513184e+00,2.904801070690155029e-01,5.361274480819702148e-01,1.770304143428802490e-02,-1.276603061705827713e-02,-6.734205782413482666e-02,9.974911808967590332e-01,-1.000000000000000000e+00,5.597085878252983093e-02,1.525707244873046875e-01,-1.146197557449340820e+00,1.396239697933197021e-01,-6.776365637779235840e-01,1.426981836557388306e-01,1.301860094070434570e+00,7.985505461692810059e-02,6.434087753295898438e-01,-1.419078558683395386e-01,1.759543269872665405e-02,9.591574221849441528e-02,3.303409814834594727e-01,-4.323425590991973877e-01,9.681642800569534302e-02,-2.115506231784820557e-01,-5.020878091454505920e-02,-3.912109881639480591e-02,3.350933492183685303e-01,-2.159753292798995972e-01,1.402424369007349014e-02
1.476532340049743652e+00,2.909351289272308350e-01,5.359494686126708984e-01,1.713358424603939056e-02,-1.025076303631067276e-02,-6.970714032649993896e-02,9.973676800727844238e-01,-1.000000000000000000e+00,5.632174015045166016e-02,1.279403865337371826e-01,-1.131806612014770508e+00,1.583685427904129028e-01,-6.876504421234130859e-01,1.276626586914062500e-01,1.291489005088806152e+00,9.641257673501968384e-02,6.804032325744628906e-01,-1.589355617761611938e-01,2.065797895193099976e-02,9.836059063673019409e-02,3.405124843120574951e-01,-4.458521008491516113e-01,1.020134761929512024e-01,-2.269142568111419678e-01,-4.728846997022628784e-02,-3.528244793415069580e-02,3.352793753147125244e-01,-2.173292636871337891e-01,1.195238903164863586e-02
1.474394440650939941e+00,2.929831445217132568e-01,5.356366634368896484e-01,1.557614747434854507e-02,-1.021335460245609283e-02,-7.319632917642593384e-02,9.971436262130737305e-01,-1.000000000000000000e+00,4.543304443359375000e-02,1.119624823331832886e-01,-1.124861717224121094e+00,1.700808256864547729e-01,-6.958258152008056641e-01,1.130812466144561768e-01,1.294344067573547363e+00,1.141041964292526245e-01,6.972170472145080566e-01,-1.595952808856964111e-01,2.039834670722484589e-02,1.059162467718124390e-01,3.368180394172668457e-01,-4.563816189765930176e-01,1.040211915969848633e-01,-2.351386547088623047e-01,-4.478146880865097046e-02,-2.327132225036621094e-02,3.392676115036010742e-01,-2.148264199495315552e-01,1.365078892558813095e-02
1.471596360206604004e+00,2.952260076999664307e-01,5.361789464950561523e-01,1.468051131814718246e-02,-7.799942046403884888e-03,-7.781557738780975342e-02,9.968291521072387695e-01,-1.000000000000000000e+00,3.929605334997177124e-02,9.890686720609664917e-02,-1.116991877555847168e+00,1.755915433168411255e-01,-7.021396160125732422e-01,1.024758592247962952e-01,1.291475415229797363e+00,1.247985288500785828e-01,7.189760804176330566e-01,-1.625121831893920898e-01,1.954650692641735077e-02,1.168277338147163391e-01,3.309900760650634766e-01,-4.894547164440155029e-01,1.135377213358879089e-01,-2.456287145614624023e-01,-4.418006166815757751e-02,-1.706873811781406403e-02,3.346268236637115479e-01,-2.296581864356994629e-01,1.579590328037738800e-02
1.468817114830017090e+00,2.982368767261505127e-01,5.371628403663635254e-01,1.495400816202163696e-02,-8.190436288714408875e-03,-8.450601994991302490e-02,9.962770938873291016e-01,-1.000000000000000000e+00,2.362430095672607422e-02,8.646548539400100708e-02,-1.117541670799255371e+00,1.919897645711898804e-01,-7.054384946823120117e-01,9.482342749834060669e-02,1.290837764739990234e+00,1.397137641906738281e-01,7.245610356330871582e-01,-1.503205299377441406e-01,1.124089770019054413e-02,1.269457191228866577e-01,3.131830990314483643e-01,-5.489099025726318359e-01,1.198669001460075378e-01,-2.578758299350738525e-01,-4.647373408079147339e-02,-4.851938690990209579e-03,3.446086049079895020e-01,-2.635874450206756592e-01,2.293833158910274506e-02
1.465286970138549805e+00,3.014838993549346924e-01,5.370766520500183105e-01,1.586770638823509216e-02,-5.703626200556755066e-03,-8.996547758579254150e-02,9.958021640777587891e-01,-1.000000000000000000e+00,8.304799906909465790e-03,7.242234051227569580e-02,-1.117550969123840332e+00,2.112582921981811523e-01,-7.132934331893920898e-01,8.443053066730499268e-02,1.283933758735656738e+00,1.502115875482559204e-01,7.277446985244750977e-01,-1.587254554033279419e-01,5.001117475330829620e-03,1.323960721492767334e-01,3.136864006519317627e-01,-5.941241979598999023e-01,1.439167708158493042e-01,-2.839714288711547852e-01,-5.064193531870841980e-02,1.018569711595773697e-02,3.622786402702331543e-01,-2.972150444984436035e-01,2.199958078563213348e-02
1.462206840515136719e+00,3.059344589710235596e-01,5.360080599784851074e-01,1.696982420980930328e-02,-3.594035981222987175e-03,-1.018090993165969849e-01,9.946526885032653809e-01,-1.000000000000000000e+00,-1.217007287777960300e-03,5.873476341366767883e-02,-1.131052374839782715e+00,2.215231060981750488e-01,-7.058305144309997559e-01,7.347860187292098999e-02,1.282723546028137207e+00,1.532505154609680176e-01,7.137385010719299316e-01,-1.825763732194900513e-01,8.767739200266078115e-05,1.526361107826232910e-01,3.415065407752990723e-01,-6.109905838966369629e-01,1.541157513856887817e-01,-3.221466243267059326e-01,-5.120345950126647949e-02,3.382598608732223511e-02,3.945154249668121338e-01,-2.999148368835449219e-01,2.845405973494052887e-02
1.458737373352050781e+00,3.101070523262023926e-01,5.366743803024291992e-01,1.791288331151008606e-02,-3.766757145058363676e-04,-1.176158115267753601e-01,9.928975105285644531e-01,-1.000000000000000000e+00,-1.054862607270479202e-02,3.960845619440078735e-02,-1.148593306541442871e+00,2.484557479619979858e-01,-6.768203377723693848e-01,5.867890268564224243e-02,1.289129376411437988e+00,1.511133164167404175e-01,6.723442673683166504e-01,-1.856907457113265991e-01,-2.151871332898736000e-03,1.892476230859756470e-01,3.309684097766876221e-01,-6.173396110534667969e-01,1.628957688808441162e-01,-3.533111512660980225e-01,-4.888066649436950684e-02,5.434190854430198669e-02,4.055273532867431641e-01,-2.908474802970886230e-01,4.053995758295059204e-02
1.455647706985473633e+00,3.147118985652923584e-01,5.383171439170837402e-01,1.697191409766674042e-02,3.778123063966631889e-03,-1.401906609535217285e-01,9.899718761444091797e-01,-1.000000000000000000e+00,-2.616684325039386749e-02,3.269474953413009644e-02,-1.171651005744934082e+00,2.585313022136688232e-01,-6.567327976226806641e-01,5.245321244001388550e-02,1.304904580116271973e+00,1.586080640554428101e-01,6.338919997215270996e-01,-1.747486442327499390e-01,2.147731283912435174e-04,2.429406940937042236e-01,2.980662286281585693e-01,-6.196970939636230469e-01,1.588238775730133057e-01,-3.717876970767974854e-01,-4.696901142597198486e-02,6.241184100508689880e-02,3.871126770973205566e-01,-2.849735319614410400e-01,6.200766190886497498e-02
1.453157901763916016e+00,3.183889687061309814e-01,5.398465991020202637e-01,1.384577434509992599e-02,4.851342644542455673e-03,-1.680166721343994141e-01,9.856749773025512695e-01,-1.000000000000000000e+00,-3.131698817014694214e-02,3.702140226960182190e-02,-1.193124651908874512e+00,2.867448329925537109e-01,-6.479454636573791504e-01,5.406953394412994385e-02,1.316741704940795898e+00,1.629897505044937134e-01,6.072356700897216797e-01,-1.531173735857009888e-01,9.296453557908535004e-03,3.086172044277191162e-01,2.679060101509094238e-01,-6.149913072586059570e-01,1.468379795551300049e-01,-3.814407587051391602e-01,-6.497527658939361572e-02,6.964054424315690994e-03,3.688607811927795410e-01,-2.890964448451995850e-01,8.390600234270095825e-02
1.448495388031005859e+00,3.183757960796356201e-01,5.409439802169799805e-01,7.372308988124132156e-03,2.858394291251897812e-03,-2.055217027664184570e-01,9.786205887794494629e-01,-1.000000000000000000e+00,-3.530875593423843384e-02,4.288506880402565002e-02,-1.207347869873046875e+00,3.233078718185424805e-01,-6.407914161682128906e-01,7.369893789291381836e-02,1.331145286560058594e+00,1.494374275207519531e-01,6.159884929656982422e-01,-1.285511553287506104e-01,3.390312567353248596e-02,3.885758519172668457e-01,2.502329647541046143e-01,-6.160570383071899414e-01,1.363368928432464600e-01,-3.871953487396240234e-01,-1.056407913565635681e-01,-1.564588248729705811e-01,3.758798837661743164e-01,-3.052476942539215088e-01,8.142260462045669556e-02
1.438661098480224609e+00,3.181684613227844238e-01,5.406724810600280762e-01,8.830772130750119686e-04,2.140581142157316208e-03,-2.522930204868316650e-01,9.676480889320373535e-01,-1.000000000000000000e+00,-3.155013546347618103e-02,4.213808104395866394e-02,-1.217924475669860840e+00,3.515234291553497314e-01,-6.338506340980529785e-01,7.277233898639678955e-02,1.333020687103271484e+00,1.321694701910018921e-01,5.944962501525878906e-01,-1.247403994202613831e-01,6.050533056259155273e-02,4.686399102210998535e-01,2.526336014270782471e-01,-6.131541132926940918e-01,1.404963433742523193e-01,-3.900698125362396240e-01,-1.593112349510192871e-01,-3.901805281639099121e-01,4.089375734329223633e-01,-3.149782419204711914e-01,4.545409604907035828e-02
1.429750680923461914e+00,3.234297037124633789e-01,5.387721657752990723e-01,-1.174820703454315662e-03,6.370415794663131237e-04,-3.017407357692718506e-01,9.533891081809997559e-01,-1.000000000000000000e+00,-2.005879767239093781e-02,4.142879694700241089e-02,-1.224267482757568359e+00,3.719125092029571533e-01,-6.325942277908325195e-01,9.054273366928100586e-02,1.327696204185485840e+00,1.266813725233078003e-01,6.005693078041076660e-01,-1.252334862947463989e-01,6.584056466817855835e-02,5.415148735046386719e-01,2.604030072689056396e-01,-6.157998442649841309e-01,1.748064905405044556e-01,-3.849955797195434570e-01,-2.077673971652984619e-01,-5.504556894302368164e-01,4.604050219058990479e-01,-2.957351803779602051e-01,-1.771118678152561188e-02
1.426203966140747070e+00,3.313715457916259766e-01,5.360026955604553223e-01,-2.425832441076636314e-03,-2.566146897152066231e-03,-3.466580510139465332e-01,9.379849433898925781e-01,-1.000000000000000000e+00,-2.991710556671023369e-03,3.484141826629638672e-02,-1.230968713760375977e+00,3.892803788185119629e-01,-6.320936083793640137e-01,1.025015562772750854e-01,1.318815469741821289e+00,1.030449792742729187e-01,5.985456109046936035e-01,-1.157319247722625732e-01,6.222273036837577820e-02,6.078892350196838379e-01,2.663899064064025879e-01,-6.177068948745727539e-01,2.208909243345260620e-01,-3.704918324947357178e-01,-2.592530548572540283e-01,-6.543666720390319824e-01,5.306038856506347656e-01,-2.713692784309387207e-01,-5.445582047104835510e-02
1.427129387855529785e+00,3.393576443195343018e-01,5.338883996009826660e-01,-2.621312625706195831e-03,-6.054546684026718140e-03,-3.873442411422729492e-01,9.219115376472473145e-01,-1.000000000000000000e+00,1.095387898385524750e-02,2.572396583855152130e-02,-1.239270210266113281e+00,3.867277503013610840e-01,-6.193326711654663086e-01,1.145462617278099060e-01,1.308079123497009277e+00,7.356934249401092529e-02,5.961096286773681641e-01,-1.025591045618057251e-01,5.101699009537696838e-02,6.695106029510498047e-01,2.746010422706604004e-01,-6.383874416351318359e-01,2.650455832481384277e-01,-3.511795699596405029e-01,-2.920938134193420410e-01,-7.009467482566833496e-01,5.743806958198547363e-01,-2.560454905033111572e-01,-7.360979914665222168e-02
1.430210709571838379e+00,3.450476825237274170e-01,5.304819345474243164e-01,-1.936543034389615059e-03,-1.222956366837024689e-02,-4.289350211620330811e-01,9.032504558563232422e-01,-1.000000000000000000e+00,3.389017656445503235e-02,2.545444294810295105e-02,-1.251672863960266113e+00,3.513636291027069092e-01,-5.947290658950805664e-01,1.208244040608406067e-01,1.289763450622558594e+00,4.461280629038810730e-02,5.788689851760864258e-01,-8.651188760995864868e-02,3.989095240831375122e-02,7.354568243026733398e-01,2.986928820610046387e-01,-6.509717702865600586e-01,2.992925345897674561e-01,-3.224776387214660645e-01,-3.033491373062133789e-01,-7.246025800704956055e-01,5.747479200363159180e-01,-2.355329543352127075e-01,-6.237988919019699097e-02
1.429647564888000488e+00,3.455055952072143555e-01,5.288777947425842285e-01,-8.799023926258087158e-04,-2.262373641133308411e-02,-4.680032432079315186e-01,8.834366798400878906e-01,-1.000000000000000000e+00,6.027725711464881897e-02,4.266033321619033813e-02,-1.269979357719421387e+00,2.919473648071289062e-01,-5.630038976669311523e-01,1.211099177598953247e-01,1.267781257629394531e+00,3.515889123082160950e-02,5.521947145462036133e-01,-6.929974257946014404e-02,4.772935435175895691e-02,8.126445412635803223e-01,3.467392623424530029e-01,-6.723762154579162598e-01,3.010423779487609863e-01,-2.955222725868225098e-01,-2.586415112018585205e-01,-6.871018409729003906e-01,5.099181532859802246e-01,-2.615594863891601562e-01,-5.113213136792182922e-02
1.430139541625976562e+00,3.412299156188964844e-01,5.276942253112792969e-01,-2.898387378081679344e-03,-3.325508162379264832e-02,-5.012819766998291016e-01,8.646398186683654785e-01,-1.000000000000000000e+00,1.032771766185760498e-01,6.921022385358810425e-02,-1.278320312500000000e+00,2.497624903917312622e-01,-5.261628627777099609e-01,1.186536625027656555e-01,1.249987840652465820e+00,3.177629038691520691e-02,5.164145827293395996e-01,-5.545940995216369629e-02,8.975891023874282837e-02,8.762133717536926270e-01,4.347579479217529297e-01,-6.879865527153015137e-01,3.050276935100555420e-01,-2.790287733078002930e-01,-2.146972268819808960e-01,-6.034841537475585938e-01,4.769150614738464355e-01,-2.851884663105010986e-01,-6.309771537780761719e-02
1.432089328765869141e+00,3.310661911964416504e-01,5.251466631889343262e-01,-1.134024094790220261e-02,-4.166682064533233643e-02,-5.400625467300415039e-01,8.405163288116455078e-01,-1.000000000000000000e+00,1.557450741529464722e-01,1.107093170285224915e-01,-1.270334362983703613e+00,2.233591377735137939e-01,-4.891431629657745361e-01,1.139611452817916870e-01,1.245123744010925293e+00,3.764643892645835876e-02,4.776726365089416504e-01,-4.587082192301750183e-02,1.807593405246734619e-01,9.110079407691955566e-01,5.764209628105163574e-01,-6.681730151176452637e-01,3.125946819782257080e-01,-2.695978879928588867e-01,-1.783609092235565186e-01,-5.221361517906188965e-01,4.897731542587280273e-01,-2.883000373840332031e-01,-5.349553376436233521e-02
1.431791782379150391e+00,3.181337118148803711e-01,5.232219099998474121e-01,-1.194452773779630661e-02,-4.815833643078804016e-02,-5.821102261543273926e-01,8.115946054458618164e-01,-1.000000000000000000e+00,2.039929032325744629e-01,1.469034254550933838e-01,-1.270447611808776855e+00,2.222858667373657227e-01,-4.540168046951293945e-01,9.546744078397750854e-02,1.224060654640197754e+00,6.258709728717803955e-02,4.525329172611236572e-01,-6.479903310537338257e-02,2.672330737113952637e-01,8.958811163902282715e-01,7.363799214363098145e-01,-6.438462138175964355e-01,3.230963647365570068e-01,-2.699958384037017822e-01,-1.486038267612457275e-01,-4.313721060752868652e-01,4.946613609790802002e-01,-2.991660833358764648e-01,-6.616179645061492920e-02
1.433157324790954590e+00,3.030057847499847412e-01,5.201656818389892578e-01,-1.482556853443384171e-02,-5.360570922493934631e-02,-6.284295320510864258e-01,7.758755683898925781e-01,-1.000000000000000000e+00,2.555526494979858398e-01,1.805516481399536133e-01,-1.270475506782531738e+00,2.479643225669860840e-01,-4.253674447536468506e-01,7.504979521036148071e-02,1.204349517822265625e+00,7.700337469577789307e-02,4.428859055042266846e-01,-1.191576495766639709e-01,2.969319820404052734e-01,7.699009180068969727e-01,8.753346204757690430e-01,-6.084500551223754883e-01,3.162348866462707520e-01,-2.651275098323822021e-01,-1.170219108462333679e-01,-3.311809003353118896e-01,4.981879889965057373e-01,-3.056274056434631348e-01,-6.710527837276458740e-02
1.438733696937561035e+00,2.893876433372497559e-01,5.187884569168090820e-01,-2.285587415099143982e-02,-5.333629623055458069e-02,-6.809140443801879883e-01,7.300609350204467773e-01,-1.000000000000000000e+00,2.919918894767761230e-01,2.151358723640441895e-01,-1.251093149185180664e+00,2.775878906250000000e-01,-4.029431939125061035e-01,6.554594635963439941e-02,1.203128099441528320e+00,8.744101971387863159e-02,4.643130600452423096e-01,-1.988120675086975098e-01,2.354775518178939819e-01,5.789390802383422852e-01,9.513838887214660645e-01,-6.124591827392578125e-01,2.677161395549774170e-01,-2.576892375946044922e-01,-7.615553587675094604e-02,-2.226400375366210938e-01,4.865652024745941162e-01,-2.957419753074645996e-01,-4.606568813323974609e-02
1.438311934471130371e+00,2.777317464351654053e-01,5.185376405715942383e-01,-2.893429435789585114e-02,-4.897006228566169739e-02,-7.258846759796142578e-01,6.854605674743652344e-01,-1.000000000000000000e+00,3.112830221652984619e-01,2.397326529026031494e-01,-1.233486294746398926e+00,3.002827763557434082e-01,-3.922263085842132568e-01,7.445025444030761719e-02,1.203798770904541016e+00,1.054030507802963257e-01,5.013653039932250977e-01,-2.680655121803283691e-01,1.305178403854370117e-01,3.702252209186553955e-01,9.589241743087768555e-01,-5.834350585937500000e-01,1.771785467863082886e-01,-2.438617497682571411e-01,-2.526185661554336548e-02,-1.266299337148666382e-01,4.538164734840393066e-01,-2.782214283943176270e-01,-3.640443831682205200e-02
1.436204195022583008e+00,2.735382616519927979e-01,5.214348435401916504e-01,-2.718163095414638519e-02,-4.680972546339035034e-02,-7.653716206550598145e-01,6.413082480430603027e-01,-1.000000000000000000e+00,3.150298595428466797e-01,2.464294731616973877e-01,-1.237526535987854004e+00,3.148459792137145996e-01,-3.642868697643280029e-01,7.910977303981781006e-02,1.191245079040527344e+00,1.144156828522682190e-01,5.311656594276428223e-01,-3.125640451908111572e-01,-5.096234846860170364e-03,1.665831208229064941e-01,9.003851413726806641e-01,-5.430019497871398926e-01,1.184663474559783936e-01,-2.401805073022842407e-01,9.638297371566295624e-03,-3.307054564356803894e-02,4.110981523990631104e-01,-2.438703477382659912e-01,-2.109219506382942200e-02
1.435269236564636230e+00,2.706714272499084473e-01,5.246358513832092285e-01,-2.348177507519721985e-02,-4.761445149779319763e-02,-7.985102534294128418e-01,5.996356010437011719e-01,-1.000000000000000000e+00,3.088300526142120361e-01,2.556883394718170166e-01,-1.251843690872192383e+00,3.109826147556304932e-01,-3.520437180995941162e-01,9.724492579698562622e-02,1.176914691925048828e+00,1.154006645083427429e-01,5.723620057106018066e-01,-3.235031664371490479e-01,-1.191704794764518738e-01,-2.542932890355587006e-02,8.265826106071472168e-01,-5.295997262001037598e-01,9.474126249551773071e-02,-2.410150021314620972e-01,3.461767360568046570e-02,6.098753586411476135e-02,3.806310594081878662e-01,-2.127099484205245972e-01,-2.607554895803332329e-03
1.433937549591064453e+00,2.671481072902679443e-01,5.263109207153320312e-01,-2.203421480953693390e-02,-4.801327362656593323e-02,-8.307030200958251953e-01,5.542036890983581543e-01,-9.806708097457885742e-01,3.027045130729675293e-01,2.592056989669799805e-01,-1.255678176879882812e+00,2.943886220455169678e-01,-3.363628685474395752e-01,9.746027737855911255e-02,1.163264155387878418e+00,1.308382898569107056e-01,5.831384062767028809e-01,-3.018025457859039307e-01,-1.913658976554870605e-01,-2.044434547424316406e-01,7.531399726867675781e-01,-5.385029911994934082e-01,1.002803519368171692e-01,-2.499167919158935547e-01,6.781422346830368042e-02,1.620745062828063965e-01,3.766078054904937744e-01,-1.948692649602890015e-01,8.087077178061008453e-03
1.431448221206665039e+00,2.659485042095184326e-01,5.262719988822937012e-01,-2.135376259684562683e-02,-4.620960354804992676e-02,-8.659145832061767578e-01,4.975948631763458252e-01,-8.875020742416381836e-01,3.030169606208801270e-01,2.725128233432769775e-01,-1.251424074172973633e+00,2.597227394580841064e-01,-3.388369381427764893e-01,8.456065505743026733e-02,1.154326915740966797e+00,1.662630587816238403e-01,5.868042111396789551e-01,-2.578656077384948730e-01,-2.240285277366638184e-01,-3.581676781177520752e-01,6.696172356605529785e-01,-5.335567593574523926e-01,8.578264713287353516e-02,-2.732888162136077881e-01,1.182036921381950378e-01,2.773292362689971924e-01,3.948900401592254639e-01,-1.789207011461257935e-01,1.187258213758468628e-02
1.433066487312316895e+00,2.652953267097473145e-01,5.246227383613586426e-01,-2.053430490195751190e-02,-4.171868786215782166e-02,-8.952076435089111328e-01,4.432168006896972656e-01,-7.905715703964233398e-01,2.999700009822845459e-01,2.743998169898986816e-01,-1.248051524162292480e+00,2.305756509304046631e-01,-3.344836533069610596e-01,7.067961990833282471e-02,1.146680474281311035e+00,1.905799806118011475e-01,5.934717059135437012e-01,-2.104535698890686035e-01,-2.241732478141784668e-01,-4.526045322418212891e-01,5.808522105216979980e-01,-4.865712225437164307e-01,8.632542192935943604e-02,-3.057199716567993164e-01,1.624812036752700806e-01,3.744713366031646729e-01,4.228941798210144043e-01,-1.760164350271224976e-01,2.694876492023468018e-02
1.438252449035644531e+00,2.639828622341156006e-01,5.252196192741394043e-01,-1.791090890765190125e-02,-3.914243727922439575e-02,-9.173948168754577637e-01,3.956435322761535645e-01,-7.060107588768005371e-01,3.025332391262054443e-01,2.697953879833221436e-01,-1.251301646232604980e+00,2.092939019203186035e-01,-3.500929176807403564e-01,5.550204217433929443e-02,1.140796184539794922e+00,1.860809326171875000e-01,5.961377024650573730e-01,-1.848752945661544800e-01,-2.106418907642364502e-01,-4.203714132308959961e-01,5.331285595893859863e-01,-5.133941769599914551e-01,9.710009396076202393e-02,-3.398388624191284180e-01,1.885007321834564209e-01,4.524542093276977539e-01,4.496747255325317383e-01,-1.866867989301681519e-01,6.582982093095779419e-02
1.447220325469970703e+00,2.605969309806823730e-01,5.264847278594970703e-01,-1.721311174333095551e-02,-3.656318783760070801e-02,-9.316619038581848145e-01,3.610718548297882080e-01,-6.466818451881408691e-01,3.169914484024047852e-01,2.437096685171127319e-01,-1.238887310028076172e+00,2.215394079685211182e-01,-3.208080232143402100e-01,5.198232084512710571e-02,1.140193104743957520e+00,1.305363178253173828e-01,5.815122723579406738e-01,-1.653392761945724487e-01,-1.888582557439804077e-01,-3.180767893791198730e-01,4.815244972705841064e-01,-5.373901128768920898e-01,1.230180710554122925e-01,-3.580403327941894531e-01,1.884670704603195190e-01,5.002363324165344238e-01,4.473634660243988037e-01,-2.001547962427139282e-01,1.023059114813804626e-01
1.455098152160644531e+00,2.598056793212890625e-01,5.284843444824218750e-01,-1.456570345908403397e-02,-3.391856700181961060e-02,-9.414337873458862305e-01,3.351712822914123535e-01,-6.148226261138916016e-01,3.156278431415557861e-01,2.075964957475662231e-01,-1.222091436386108398e+00,2.715391218662261963e-01,-3.268970847129821777e-01,6.678350269794464111e-02,1.136609196662902832e+00,4.236400127410888672e-02,5.740728378295898438e-01,-1.547356247901916504e-01,-1.867611259222030640e-01,-2.742071747779846191e-01,4.401016831398010254e-01,-5.612087845802307129e-01,1.607006192207336426e-01,-3.822941482067108154e-01,1.616049557924270630e-01,4.823641777038574219e-01,4.260509312152862549e-01,-2.046270370483398438e-01,1.164448484778404236e-01
1.461818337440490723e+00,2.601310610771179199e-01,5.299386382102966309e-01,-1.574889943003654480e-02,-3.250933066010475159e-02,-9.503854513168334961e-01,3.089701533317565918e-01,-5.779950618743896484e-01,3.312841355800628662e-01,1.689623743295669556e-01,-1.194692254066467285e+00,3.344277143478393555e-01,-3.028786182403564453e-01,1.082293018698692322e-01,1.135016441345214844e+00,-4.754251614212989807e-02,5.888774394989013672e-01,-1.579729318618774414e-01,-1.920969337224960327e-01,-2.317927926778793335e-01,4.376184642314910889e-01,-5.577108263969421387e-01,1.742573380470275879e-01,-4.086495935916900635e-01,1.115965545177459717e-01,3.934880495071411133e-01,4.089736938476562500e-01,-2.088909149169921875e-01,9.587452560663223267e-02
1.466801047325134277e+00,2.632657885551452637e-01,5.320640206336975098e-01,-1.985971443355083466e-02,-3.082917816936969757e-02,-9.600079655647277832e-01,2.775605916976928711e-01,-5.411114692687988281e-01,3.421400487422943115e-01,1.543614566326141357e-01,-1.164917707443237305e+00,3.731552958488464355e-01,-3.292015492916107178e-01,1.584379225969314575e-01,1.144595623016357422e+00,-9.860533475875854492e-02,6.072803139686584473e-01,-1.408279240131378174e-01,-1.726397722959518433e-01,-1.724976897239685059e-01,4.085109531879425049e-01,-5.466823577880859375e-01,1.642334759235382080e-01,-4.389892220497131348e-01,4.838033020496368408e-02,2.419760525226593018e-01,4.188959896564483643e-01,-2.318921387195587158e-01,6.583204120397567749e-02
1.470281004905700684e+00,2.670119404792785645e-01,5.323707461357116699e-01,-2.260427363216876984e-02,-3.053418174386024475e-02,-9.682217240333557129e-01,2.471910119056701660e-01,-5.054181218147277832e-01,3.640411496162414551e-01,1.469007730484008789e-01,-1.131762027740478516e+00,3.907287716865539551e-01,-3.873851001262664795e-01,1.985986381769180298e-01,1.161780476570129395e+00,-1.322350203990936279e-01,6.214939951896667480e-01,-1.293932348489761353e-01,-1.529606580734252930e-01,-1.142826825380325317e-01,3.901549279689788818e-01,-5.520234704017639160e-01,1.548100262880325317e-01,-4.679547846317291260e-01,-1.361670158803462982e-02,9.942897409200668335e-02,4.686635136604309082e-01,-2.364338487386703491e-01,5.120545253157615662e-02
1.474784851074218750e+00,2.686418890953063965e-01,5.319358706474304199e-01,-2.070401236414909363e-02,-2.984239719808101654e-02,-9.738203883171081543e-01,2.243983000516891479e-01,-4.887658059597015381e-01,3.766118586063385010e-01,1.291994601488113403e-01,-1.097186803817749023e+00,3.977796733379364014e-01,-4.556559324264526367e-01,2.187594473361968994e-01,1.178681373596191406e+00,-1.546886712312698364e-01,6.211701631546020508e-01,-1.331475526094436646e-01,-1.450580507516860962e-01,-7.019296288490295410e-02,3.788273930549621582e-01,-5.460178256034851074e-01,1.569586247205734253e-01,-4.901107847690582275e-01,-5.873060226440429688e-02,2.197918295860290527e-02,5.357984900474548340e-01,-2.253319174051284790e-01,4.256366938352584839e-02
1.480618953704833984e+00,2.694579958915710449e-01,5.311784148216247559e-01,-1.904821768403053284e-02,-2.976226806640625000e-02,-9.790294170379638672e-01,2.006308287382125854e-01,-4.584077894687652588e-01,3.920751810073852539e-01,1.199417635798454285e-01,-1.069666624069213867e+00,3.665009140968322754e-01,-5.230911374092102051e-01,2.355762720108032227e-01,1.194655776023864746e+00,-1.684324592351913452e-01,6.185478568077087402e-01,-1.394094824790954590e-01,-1.418043822050094604e-01,-2.600387856364250183e-02,3.696911036968231201e-01,-5.322747230529785156e-01,1.697454750537872314e-01,-5.105726718902587891e-01,-8.641125261783599854e-02,-8.795299567282199860e-03,6.170142292976379395e-01,-2.139123678207397461e-01,4.408893734216690063e-02
1.484205007553100586e+00,2.702648937702178955e-01,5.304607748985290527e-01,-2.121560461819171906e-02,-2.807634137570858002e-02,-9.833739399909973145e-01,1.781498342752456665e-01,-4.267994761466979980e-01,4.051255881786346436e-01,1.340800970792770386e-01,-1.045001626014709473e+00,3.349030017852783203e-01,-5.980772376060485840e-01,2.588846087455749512e-01,1.212926268577575684e+00,-1.646627634763717651e-01,6.231238245964050293e-01,-1.306634098291397095e-01,-1.307112276554107666e-01,1.479277666658163071e-02,3.570560812950134277e-01,-5.251150131225585938e-01,1.756988167762756348e-01,-5.056040883064270020e-01,-1.141355633735656738e-01,-5.098009854555130005e-02,6.923156976699829102e-01,-2.138406336307525635e-01,3.933626040816307068e-02
1.489268660545349121e+00,2.706898450851440430e-01,5.293810963630676270e-01,-1.924736239016056061e-02,-2.662301436066627502e-02,-9.868781566619873047e-01,1.580892801284790039e-01,-3.985892832279205322e-01,4.134254753589630127e-01,1.232235282659530640e-01,-1.040646195411682129e+00,3.031984567642211914e-01,-6.437932848930358887e-01,2.704004943370819092e-01,1.223203301429748535e+00,-1.487274169921875000e-01,6.274345517158508301e-01,-1.385448575019836426e-01,-1.247495561838150024e-01,5.120744928717613220e-02,3.519232869148254395e-01,-5.173627734184265137e-01,1.801975667476654053e-01,-4.985594153404235840e-01,-1.601540744304656982e-01,-1.065458953380584717e-01,7.526280283927917480e-01,-2.161758244037628174e-01,4.018662869930267334e-02
1.493619084358215332e+00,2.713527679443359375e-01,5.281293392181396484e-01,-1.902883872389793396e-02,-2.540200762450695038e-02,-9.897010326385498047e-01,1.395868062973022461e-01,-3.689716160297393799e-01,4.202807545661926270e-01,1.168052032589912415e-01,-1.039166092872619629e+00,2.844079732894897461e-01,-6.804999113082885742e-01,2.760901153087615967e-01,1.232326149940490723e+00,-1.376882940530776978e-01,6.262932419776916504e-01,-1.400969177484512329e-01,-1.175822615623474121e-01,8.524484932422637939e-02,3.452728092670440674e-01,-5.129975080490112305e-01,1.821031868457794189e-01,-4.758244752883911133e-01,-2.099597156047821045e-01,-1.635329872369766235e-01,7.958390116691589355e-01,-2.128019779920578003e-01,3.730588778853416443e-02
1.497852087020874023e+00,2.732853293418884277e-01,5.271372795104980469e-01,-1.636257581412792206e-02,-2.306579798460006714e-02,-9.921859502792358398e-01,1.215207502245903015e-01,-3.339574337005615234e-01,4.179095029830932617e-01,1.138341799378395081e-01,-1.041149258613586426e+00,2.555274665355682373e-01,-7.100657224655151367e-01,2.706151306629180908e-01,1.243805527687072754e+00,-1.262287348508834839e-01,6.277046203613281250e-01,-1.493834704160690308e-01,-1.049142405390739441e-01,1.189528033137321472e-01,3.420254886150360107e-01,-5.109862089157104492e-01,1.790926158428192139e-01,-4.444103240966796875e-01,-2.400548905134201050e-01,-2.103176563978195190e-01,8.018946647644042969e-01,-2.088212221860885620e-01,3.351291269063949585e-02
1.501705408096313477e+00,2.750411629676818848e-01,5.253662467002868652e-01,-9.710874408483505249e-03,-2.219732105731964111e-02,-9.942309260368347168e-01,1.044883877038955688e-01,-2.952506244182586670e-01,4.005900621414184570e-01,1.124878972768783569e-01,-1.046383380889892578e+00,2.325953394174575806e-01,-7.389698028564453125e-01,2.567941844463348389e-01,1.249296307563781738e+00,-1.084843203425407410e-01,6.353241205215454102e-01,-1.700550615787506104e-01,-9.820901602506637573e-02,1.472290754318237305e-01,3.444111347198486328e-01,-5.097914338111877441e-01,1.859879940748214722e-01,-4.091743528842926025e-01,-2.612030208110809326e-01,-2.615771293640136719e-01,7.642416357994079590e-01,-1.839472651481628418e-01,5.408832803368568420e-02
1.503697991371154785e+00,2.804466784000396729e-01,5.270580649375915527e-01,-4.649301117751747370e-04,-1.988615095615386963e-02,-9.958411455154418945e-01,8.890839666128158569e-02,-2.554512917995452881e-01,3.756296336650848389e-01,1.146331727504730225e-01,-1.057471990585327148e+00,2.014963030815124512e-01,-7.695962190628051758e-01,2.308707982301712036e-01,1.250001668930053711e+00,-8.148321509361267090e-02,6.508032679557800293e-01,-1.976948380470275879e-01,-7.958265393972396851e-02,1.746534705162048340e-01,3.487279117107391357e-01,-5.089492797851562500e-01,1.699947565793991089e-01,-3.830257356166839600e-01,-2.302787452936172485e-01,-2.780894935131072998e-01,6.841901540756225586e-01,-2.434834092855453491e-01,5.408770963549613953e-02
1.505264878273010254e+00,2.859745919704437256e-01,5.296255350112915039e-01,8.611610159277915955e-03,-1.712590828537940979e-02,-9.969087839126586914e-01,7.619296014308929443e-02,-2.076732665300369263e-01,3.475117683410644531e-01,1.144623309373855591e-01,-1.070774674415588379e+00,1.743635833263397217e-01,-7.975641489028930664e-01,1.998667716979980469e-01,1.249796509742736816e+00,-4.838425666093826294e-02,6.696098446846008301e-01,-2.313721925020217896e-01,-5.528409779071807861e-02,2.015603333711624146e-01,3.671731650829315186e-01,-5.083228349685668945e-01,1.584092527627944946e-01,-3.624207675457000732e-01,-1.762067824602127075e-01,-2.665235996246337891e-01,5.922870039939880371e-01,-3.140684068202972412e-01,3.408687561750411987e-02
1.506787657737731934e+00,2.894623279571533203e-01,5.312176346778869629e-01,1.343053858727216721e-02,-1.456273067742586136e-02,-9.979357719421386719e-01,6.108796596527099609e-02,-1.589179784059524536e-01,3.276642262935638428e-01,1.228794902563095093e-01,-1.080785989761352539e+00,1.473540961742401123e-01,-8.316834568977355957e-01,1.737450361251831055e-01,1.248077034950256348e+00,-8.720055222511291504e-03,6.960366368293762207e-01,-2.513149678707122803e-01,-3.320241346955299377e-02,2.303963750600814819e-01,3.831152319908142090e-01,-5.097131133079528809e-01,1.495216041803359985e-01,-3.410344123840332031e-01,-1.404142975807189941e-01,-2.577350735664367676e-01,5.210019350051879883e-01,-3.537876307964324951e-01,2.142380364239215851e-02
1.508071780204772949e+00,2.901305258274078369e-01,5.310636758804321289e-01,1.871300861239433289e-02,-1.234583836048841476e-02,-9.988163709640502930e-01,4.316567629575729370e-02,-1.067431494593620300e-01,3.105549514293670654e-01,1.330059319734573364e-01,-1.085909128189086914e+00,1.091419085860252380e-01,-8.747156262397766113e-01,1.420621573925018311e-01,1.242369771003723145e+00,4.283206537365913391e-02,7.366480231285095215e-01,-2.773751616477966309e-01,-1.318034809082746506e-02,2.633326351642608643e-01,4.131475389003753662e-01,-5.116580724716186523e-01,1.483525335788726807e-01,-3.546101152896881104e-01,-1.135884895920753479e-01,-2.197408229112625122e-01,4.982658326625823975e-01,-3.483887612819671631e-01,1.718366146087646484e-02
1.508150935173034668e+00,2.911591827869415283e-01,5.310834646224975586e-01,1.999684982001781464e-02,-1.019820012152194977e-02,-9.993762969970703125e-01,2.725953795015811920e-02,-6.592304259538650513e-02,3.039925694465637207e-01,1.468993127346038818e-01,-1.093610644340515137e+00,8.003091067075729370e-02,-9.250797629356384277e-01,1.248286142945289612e-01,1.230980634689331055e+00,8.801391720771789551e-02,7.988495230674743652e-01,-2.979956567287445068e-01,4.893837030977010727e-03,2.749285101890563965e-01,4.519467651844024658e-01,-5.161939859390258789e-01,1.497182250022888184e-01,-3.702090680599212646e-01,-9.601319581270217896e-02,-1.949240416288375854e-01,5.033651590347290039e-01,-3.651219308376312256e-01,2.243882603943347931e-02
1.507440567016601562e+00,2.957758903503417969e-01,5.306997299194335938e-01,2.171044610440731049e-02,-9.820601902902126312e-03,-9.996426105499267578e-01,1.211827155202627182e-02,-3.439783304929733276e-02,2.965911328792572021e-01,1.555853933095932007e-01,-1.096705198287963867e+00,6.339994817972183228e-02,-9.937954545021057129e-01,1.080103293061256409e-01,1.211532473564147949e+00,1.197981908917427063e-01,8.774229288101196289e-01,-3.227741420269012451e-01,1.443346124142408371e-02,2.434850931167602539e-01,4.915038049221038818e-01,-5.178804397583007812e-01,1.334281116724014282e-01,-3.869317173957824707e-01,-7.779677212238311768e-02,-1.733353137969970703e-01,5.158218741416931152e-01,-3.911438286304473877e-01,9.547611698508262634e-03
1.506704092025756836e+00,2.994154095649719238e-01,5.293611884117126465e-01,2.146423794329166412e-02,-1.266131363809108734e-02,-9.996560215950012207e-01,-8.176390081644058228e-03,3.968183416873216629e-03,3.040448129177093506e-01,1.700084954500198364e-01,-1.096315026283264160e+00,3.972987458109855652e-02,-1.075514197349548340e+00,9.333799034357070923e-02,1.185442209243774414e+00,1.527107656002044678e-01,9.720222353935241699e-01,-3.399351239204406738e-01,9.427110489923506975e-05,1.856818646192550659e-01,5.163273215293884277e-01,-5.322465896606445312e-01,1.260558515787124634e-01,-4.101668298244476318e-01,-6.467539817094802856e-02,-1.357903480529785156e-01,5.441897511482238770e-01,-3.952865302562713623e-01,-1.856658491306006908e-03
1.505480527877807617e+00,3.023005425930023193e-01,5.294759273529052734e-01,2.360867522656917572e-02,-1.325723621994256973e-02,-9.995712041854858398e-01,-1.114569418132305145e-02,3.653161111287772655e-04,2.979944050312042236e-01,1.603354811668395996e-01,-1.089256644248962402e+00,4.464441910386085510e-02,-1.163411378860473633e+00,8.282506465911865234e-02,1.165582180023193359e+00,1.459001749753952026e-01,1.070704340934753418e+00,-3.489110767841339111e-01,-1.984461583197116852e-02,1.167012080550193787e-01,5.125413537025451660e-01,-5.487701296806335449e-01,1.185373142361640930e-01,-4.174910783767700195e-01,-5.835598707199096680e-02,-1.309085637331008911e-01,5.518797039985656738e-01,-4.043191075325012207e-01,-1.359805651009082794e-02
1.504955410957336426e+00,3.030321300029754639e-01,5.286768674850463867e-01,2.805791236460208893e-02,-1.363208144903182983e-02,-9.994072318077087402e-01,-1.456539053469896317e-02,4.512284882366657257e-03,2.890700697898864746e-01,1.512829959392547607e-01,-1.068809986114501953e+00,4.335371404886245728e-02,-1.258848190307617188e+00,6.556808203458786011e-02,1.136970996856689453e+00,1.408094912767410278e-01,1.171879291534423828e+00,-3.616650700569152832e-01,-1.602553017437458038e-02,1.223582848906517029e-01,5.225049257278442383e-01,-5.586341619491577148e-01,1.178236380219459534e-01,-4.385232031345367432e-01,-5.670938268303871155e-02,-1.256433129310607910e-01,5.706121921539306641e-01,-4.159973859786987305e-01,-1.519407518208026886e-02
1.504655480384826660e+00,3.031336665153503418e-01,5.269296169281005859e-01,3.363926708698272705e-02,-1.485143695026636124e-02,-9.992264509201049805e-01,-1.393849682062864304e-02,6.903587374836206436e-03,2.809583246707916260e-01,1.412691473960876465e-01,-1.060557961463928223e+00,4.260700941085815430e-02,-1.362403273582458496e+00,5.366842821240425110e-02,1.114812970161437988e+00,1.210065335035324097e-01,1.275342583656311035e+00,-3.825815320014953613e-01,-1.813798770308494568e-02,1.221725568175315857e-01,5.344374179840087891e-01,-5.516921281814575195e-01,1.225113645195960999e-01,-4.618713557720184326e-01,-6.041579693555831909e-02,-1.234232485294342041e-01,5.890343785285949707e-01,-4.117871224880218506e-01,-1.371522247791290283e-02
1.504155755043029785e+00,3.030890226364135742e-01,5.253255367279052734e-01,3.835370391607284546e-02,-1.602816954255104065e-02,-9.990203380584716797e-01,-1.518237590789794922e-02,8.678789250552654266e-03,2.761380374431610107e-01,1.284727901220321655e-01,-1.044468402862548828e+00,4.334715753793716431e-02,-1.463227272033691406e+00,4.129207134246826172e-02,1.092882633209228516e+00,1.060233414173126221e-01,1.376022458076477051e+00,-4.036032557487487793e-01,-1.847037300467491150e-02,1.225965470075607300e-01,5.536096692085266113e-01,-5.550654530525207520e-01,1.235364153981208801e-01,-4.886853694915771484e-01,-6.225482746958732605e-02,-1.186160445213317871e-01,6.138568520545959473e-01,-4.128928482532501221e-01,-2.870329888537526131e-03
1.503447413444519043e+00,3.021735250949859619e-01,5.237001180648803711e-01,4.630767181515693665e-02,-1.737330481410026550e-02,-9.986947178840637207e-01,-1.275377161800861359e-02,3.309432649984955788e-03,2.680679857730865479e-01,1.092240363359451294e-01,-1.029467701911926270e+00,4.143971204757690430e-02,-1.562362790107727051e+00,3.075345605611801147e-02,1.076056957244873047e+00,8.263441175222396851e-02,1.476900339126586914e+00,-4.317171871662139893e-01,-2.386556379497051239e-02,1.189500316977500916e-01,5.718250870704650879e-01,-5.638144016265869141e-01,1.223674565553665161e-01,-5.190165042877197266e-01,-6.906346976757049561e-02,-1.166536137461662292e-01,6.377567052841186523e-01,-4.182727634906768799e-01,-1.999980886466801167e-04
1.502794742584228516e+00,3.015617132186889648e-01,5.218156576156616211e-01,5.499435588717460632e-02,-1.864577271044254303e-02,-9.982422590255737305e-01,-1.184907834976911545e-02,4.505387041717767715e-03,2.622777223587036133e-01,8.985997736454010010e-02,-1.018428206443786621e+00,3.528117761015892029e-02,-1.656023025512695312e+00,2.372457273304462433e-02,1.062803149223327637e+00,6.267010420560836792e-02,1.575350403785705566e+00,-4.627504348754882812e-01,-2.662816457450389862e-02,1.193283498287200928e-01,5.930202007293701172e-01,-5.735914111137390137e-01,1.255688667297363281e-01,-5.548011064529418945e-01,-7.596933096647262573e-02,-1.143675297498703003e-01,6.676420569419860840e-01,-4.234686493873596191e-01,2.444146433845162392e-03
1.501841306686401367e+00,3.003775179386138916e-01,5.188784599304199219e-01,6.417455524206161499e-02,-2.010672353208065033e-02,-9.976710081100463867e-01,-1.139846816658973694e-02,4.785194993019104004e-03,2.517764270305633545e-01,7.579761743545532227e-02,-1.007046818733215332e+00,2.118192426860332489e-02,-1.745625615119934082e+00,1.759056933224201202e-02,1.051078200340270996e+00,4.536782950162887573e-02,1.669683814048767090e+00,-5.024724006652832031e-01,-3.164602816104888916e-02,1.180446594953536987e-01,6.284025311470031738e-01,-5.894449353218078613e-01,1.360233724117279053e-01,-5.942450165748596191e-01,-8.340566605329513550e-02,-1.092488095164299011e-01,7.008163332939147949e-01,-4.273519515991210938e-01,6.949588656425476074e-03
1.501016855239868164e+00,2.995511889457702637e-01,5.149697661399841309e-01,7.960480451583862305e-02,-1.960237137973308563e-02,-9.965558052062988281e-01,-1.246280595660209656e-02,9.430755861103534698e-03,2.267470806837081909e-01,6.038359180092811584e-02,-9.893582463264465332e-01,-1.865585334599018097e-03,-1.837946295738220215e+00,4.227750934660434723e-03,1.038749098777770996e+00,2.599550411105155945e-02,1.762287735939025879e+00,-5.665284991264343262e-01,-2.963148616254329681e-02,1.166355386376380920e-01,6.838965415954589844e-01,-6.159557700157165527e-01,1.437911242246627808e-01,-6.603522300720214844e-01,-8.788041770458221436e-02,-1.054099202156066895e-01,7.557894587516784668e-01,-4.538972377777099609e-01,8.420996018685400486e-04
1.500587701797485352e+00,2.991698384284973145e-01,5.102592110633850098e-01,9.611658751964569092e-02,-2.016921527683734894e-02,-9.950858354568481445e-01,-1.260857935994863510e-02,1.206057425588369370e-02,1.946463733911514282e-01,3.589137643575668335e-02,-9.833086729049682617e-01,-1.425275206565856934e-02,-1.919876575469970703e+00,-1.964632049202919006e-02,1.030592918395996094e+00,1.428519189357757568e-02,1.841054558753967285e+00,-6.342599391937255859e-01,-2.890978381037712097e-02,1.143893003463745117e-01,7.397109866142272949e-01,-6.411777138710021973e-01,1.565364301204681396e-01,-7.318595051765441895e-01,-9.309038519859313965e-02,-9.857558459043502808e-02,8.152989745140075684e-01,-4.787507355213165283e-01,-9.326545521616935730e-03
1.499637126922607422e+00,2.980604171752929688e-01,5.034916996955871582e-01,1.117522791028022766e-01,-2.070306427776813507e-02,-9.934257268905639648e-01,-1.371779199689626694e-02,1.437914557754993439e-02,1.587794274091720581e-01,1.272908039391040802e-02,-9.736228585243225098e-01,-3.186387196183204651e-02,-1.991243720054626465e+00,-4.279662668704986572e-02,1.020706772804260254e+00,5.671487655490636826e-03,1.914567470550537109e+00,-7.114261984825134277e-01,-3.123261593282222748e-02,1.110479533672332764e-01,8.159098029136657715e-01,-6.760566234588623047e-01,1.829855442047119141e-01,-8.080118894577026367e-01,-9.971202909946441650e-02,-9.202444553375244141e-02,8.848550319671630859e-01,-5.062265396118164062e-01,-1.160327903926372528e-02
1.497831940650939941e+00,2.980065345764160156e-01,4.940796494483947754e-01,1.286371648311614990e-01,-2.045334689319133759e-02,-9.913586974143981934e-01,-1.555706374347209930e-02,2.772696502506732941e-02,1.205956116318702698e-01,-1.909442804753780365e-02,-9.683864116668701172e-01,-3.490183874964714050e-02,-2.054270744323730469e+00,-8.073736727237701416e-02,1.021490693092346191e+00,7.403664756566286087e-03,1.978188157081604004e+00,-8.006715774536132812e-01,-2.321162447333335876e-02,1.118335500359535217e-01,9.124570488929748535e-01,-7.169473171234130859e-01,1.994432210922241211e-01,-8.975447416305541992e-01,-1.023816466331481934e-01,-8.488521724939346313e-02,9.749269485473632812e-01,-5.416284203529357910e-01,-2.343443408608436584e-02
1.494861245155334473e+00,2.980841398239135742e-01,4.836604297161102295e-01,1.393138617277145386e-01,-2.034987881779670715e-02,-9.898508191108703613e-01,-1.931055448949337006e-02,3.585007041692733765e-02,8.398859947919845581e-02,-5.364852771162986755e-02,-9.692327380180358887e-01,-2.938483282923698425e-02,-2.097853660583496094e+00,-1.135212555527687073e-01,1.009303331375122070e+00,1.031493674963712692e-02,2.019388437271118164e+00,-8.700844645500183105e-01,-1.388651505112648010e-02,1.144168823957443237e-01,1.004715800285339355e+00,-7.597619891166687012e-01,2.121319025754928589e-01,-9.667240381240844727e-01,-1.034600883722305298e-01,-7.845719903707504272e-02,1.056041717529296875e+00,-5.637833476066589355e-01,-2.553978376090526581e-02
1.490436196327209473e+00,2.980551719665527344e-01,4.714300334453582764e-01,1.444446146488189697e-01,-2.048409730195999146e-02,-9.891293048858642578e-01,-1.842197030782699585e-02,3.450629860162734985e-02,6.015363708138465881e-02,-9.779878705739974976e-02,-9.718860387802124023e-01,-5.204558838158845901e-03,-2.124217271804809570e+00,-1.512400209903717041e-01,1.003488183021545410e+00,1.208228245377540588e-02,2.042169809341430664e+00,-9.320659041404724121e-01,-9.979944676160812378e-03,1.109028682112693787e-01,1.109301686286926270e+00,-8.041039109230041504e-01,2.304684519767761230e-01,-1.024926304817199707e+00,-1.109892502427101135e-01,-7.238515466451644897e-02,1.150285959243774414e+00,-5.846462249755859375e-01,-3.349955379962921143e-02
1.483450889587402344e+00,2.986159026622772217e-01,4.592030942440032959e-01,1.474982351064682007e-01,-2.229045517742633820e-02,-9.886782765388488770e-01,-1.620878838002681732e-02,3.803871572017669678e-02,3.604076802730560303e-02,-1.436600089073181152e-01,-9.734734296798706055e-01,9.198065963573753834e-04,-2.141620874404907227e+00,-1.698456108570098877e-01,9.817740321159362793e-01,-2.485968358814716339e-02,2.059521436691284180e+00,-9.780558943748474121e-01,-1.306796073913574219e-02,1.058124750852584839e-01,1.207000494003295898e+00,-8.490632772445678711e-01,2.515396475791931152e-01,-1.073537230491638184e+00,-1.193625405430793762e-01,-6.010668724775314331e-02,1.246670365333557129e+00,-6.154343485832214355e-01,-8.731196075677871704e-02
1.479099631309509277e+00,3.004684448242187500e-01,4.514976441860198975e-01,1.430987566709518433e-01,-2.381667867302894592e-02,-9.893020391464233398e-01,-1.539475750178098679e-02,3.253437951207160950e-02,-2.403750550001859665e-03,-1.935257017612457275e-01,-9.791949987411499023e-01,2.634925954043865204e-02,-2.133854627609252930e+00,-1.783219128847122192e-01,9.850960969924926758e-01,-1.879252865910530090e-02,2.059358835220336914e+00,-9.916825294494628906e-01,-7.243979256600141525e-03,1.048850491642951965e-01,1.261311173439025879e+00,-8.699998259544372559e-01,2.649112343788146973e-01,-1.089918017387390137e+00,-1.234734281897544861e-01,-5.864086374640464783e-02,1.308622002601623535e+00,-6.396102905273437500e-01,-1.182036697864532471e-01
1.473692893981933594e+00,3.033107519149780273e-01,4.477014839649200439e-01,1.415252536535263062e-01,-2.683375030755996704e-02,-9.894977211952209473e-01,-1.203599106520414352e-02,3.629508242011070251e-02,-5.973570048809051514e-02,-2.441398799419403076e-01,-9.863735437393188477e-01,7.072871923446655273e-02,-2.101052999496459961e+00,-1.695817112922668457e-01,9.844800233840942383e-01,-1.771265827119350433e-02,2.040444135665893555e+00,-9.866623878479003906e-01,-9.539514780044555664e-03,1.008116751909255981e-01,1.273689627647399902e+00,-8.700000047683715820e-01,2.734939455986022949e-01,-1.090873241424560547e+00,-1.239093095064163208e-01,-5.778544768691062927e-02,1.344595909118652344e+00,-6.539227962493896484e-01,-1.560655683279037476e-01
1.461136102676391602e+00,3.052940666675567627e-01,4.494598805904388428e-01,1.407729387283325195e-01,-2.803055942058563232e-02,-9.895970225334167480e-01,-9.747761301696300507e-03,4.550522938370704651e-02,-1.224729344248771667e-01,-2.708889245986938477e-01,-9.744066596031188965e-01,1.314558684825897217e-01,-2.032147884368896484e+00,-1.318529248237609863e-01,9.673290252685546875e-01,-2.040683291852474213e-02,1.977536201477050781e+00,-9.386190772056579590e-01,-1.398942898958921432e-02,9.758785367012023926e-02,1.246308922767639160e+00,-8.700000047683715820e-01,2.741611301898956299e-01,-1.049747586250305176e+00,-1.255348026752471924e-01,-6.643225252628326416e-02,1.341070294380187988e+00,-6.804823875427246094e-01,-1.743480861186981201e-01
1.437517046928405762e+00,3.056141734123229980e-01,4.573702216148376465e-01,1.365508884191513062e-01,-2.677828073501586914e-02,-9.902440905570983887e-01,-7.310451939702033997e-03,2.825081907212734222e-02,-1.811267584562301636e-01,-2.752030193805694580e-01,-9.459121227264404297e-01,2.113358974456787109e-01,-1.897711396217346191e+00,-5.494226515293121338e-02,9.640878438949584961e-01,-6.110275629907846451e-03,1.851408243179321289e+00,-8.242860436439514160e-01,-1.837303489446640015e-02,9.678994119167327881e-02,1.175778865814208984e+00,-8.700000047683715820e-01,2.479796111583709717e-01,-9.341254234313964844e-01,-1.265782415866851807e-01,-8.518145978450775146e-02,1.271759271621704102e+00,-6.802871227264404297e-01,-1.638636291027069092e-01
1.409136295318603516e+00,3.011341691017150879e-01,4.724338054656982422e-01,1.155094206333160400e-01,-2.502267993986606598e-02,-9.929850101470947266e-01,-3.489907132461667061e-03,1.493511069566011429e-02,-1.832359135150909424e-01,-2.367650717496871948e-01,-9.305079579353332520e-01,3.045437932014465332e-01,-1.695003032684326172e+00,4.750698059797286987e-02,9.697901606559753418e-01,3.669922426342964172e-02,1.637061119079589844e+00,-6.316098570823669434e-01,-3.432099893689155579e-02,1.031723842024803162e-01,1.051434755325317383e+00,-8.200283050537109375e-01,1.912420988082885742e-01,-7.269318699836730957e-01,-1.482200622558593750e-01,-1.165113598108291626e-01,1.122624874114990234e+00,-6.130396127700805664e-01,-9.364911913871765137e-02
1.388347268104553223e+00,2.972323298454284668e-01,4.956877231597900391e-01,8.494427800178527832e-02,-2.431519888341426849e-02,-9.960798621177673340e-01,4.257928114384412766e-03,-1.196979079395532608e-02,-1.483126282691955566e-01,-1.983926743268966675e-01,-9.726034998893737793e-01,4.261372685432434082e-01,-1.409193277359008789e+00,9.157234430313110352e-02,1.032517313957214355e+00,1.101301610469818115e-01,1.318465113639831543e+00,-4.042198359966278076e-01,-4.888952523469924927e-02,9.723045676946640015e-02,8.219363689422607422e-01,-5.983846187591552734e-01,1.108414232730865479e-01,-4.870177507400512695e-01,-1.627423763275146484e-01,-1.631574928760528564e-01,9.013293385505676270e-01,-3.899365961551666260e-01,1.686103455722332001e-02
1.379658341407775879e+00,2.938741743564605713e-01,5.241982936859130859e-01,7.359458506107330322e-02,-2.757981792092323303e-02,-9.969008564949035645e-01,3.444213652983307838e-03,1.788400229997932911e-03,-1.231540068984031677e-01,-1.447248309850692749e-01,-1.033127427101135254e+00,4.579694569110870361e-01,-1.115106821060180664e+00,7.350089401006698608e-02,1.070770859718322754e+00,1.640884578227996826e-01,9.650073647499084473e-01,-2.617431282997131348e-01,-6.485101580619812012e-02,9.771503508090972900e-02,5.689762234687805176e-01,-1.797070652246475220e-01,6.599684059619903564e-02,-2.989075183868408203e-01,-1.441860049962997437e-01,-1.645503640174865723e-01,5.982903838157653809e-01,7.783029973506927490e-02,8.910719305276870728e-02
1.352453112602233887e+00,2.961225211620330811e-01,5.420274734497070312e-01,5.361102148890495300e-02,-2.704171463847160339e-02,-9.981272816658020020e-01,1.168375834822654724e-02,1.008880553854396567e-05,-1.224887073040008545e-01,-7.311291992664337158e-02,-1.075817227363586426e+00,4.733154177665710449e-01,-8.678466081619262695e-01,4.257043823599815369e-02,1.155117034912109375e+00,1.891799122095108032e-01,5.819941759109497070e-01,-1.479200273752212524e-01,-4.415350779891014099e-02,1.060940846800804138e-01,4.536783993244171143e-01,1.735409945249557495e-01,6.718479096889495850e-02,-1.970985531806945801e-01,-1.550540030002593994e-01,-1.903028488159179688e-01,5.449064970016479492e-01,3.449907898902893066e-01,9.359271824359893799e-02
1.331985712051391602e+00,2.954591810703277588e-01,5.785927772521972656e-01,3.738733753561973572e-02,-1.965613663196563721e-02,-9.991018176078796387e-01,3.371664090082049370e-03,9.876524098217487335e-03,-1.038225144147872925e-01,1.464931387454271317e-02,-1.114205479621887207e+00,4.306630194187164307e-01,-6.450468301773071289e-01,4.013854265213012695e-02,1.239568591117858887e+00,1.526764184236526489e-01,2.647095918655395508e-01,-1.372682154178619385e-01,-2.801851555705070496e-02,1.243226230144500732e-01,4.740154445171356201e-01,1.755653172731399536e-01,7.807056605815887451e-02,-1.791132539510726929e-01,-1.283675432205200195e-01,-1.603817641735076904e-01,5.049874782562255859e-01,3.432107269763946533e-01,4.590133950114250183e-02
1.306686043739318848e+00,2.939657270908355713e-01,6.058011651039123535e-01,2.100094594061374664e-02,-1.823042519390583038e-02,-9.995897412300109863e-01,-6.851651240140199661e-03,2.458861097693443298e-02,-7.034730911254882812e-02,9.871471673250198364e-02,-1.165590882301330566e+00,3.528462648391723633e-01,-4.392752945423126221e-01,8.655475080013275146e-02,1.275008320808410645e+00,1.190509274601936340e-01,7.688184082508087158e-02,-1.549059003591537476e-01,-5.696407705545425415e-02,8.889175206422805786e-02,5.453973412513732910e-01,1.229053288698196411e-01,8.210647106170654297e-02,-1.855110973119735718e-01,-1.245908960700035095e-01,-1.455061733722686768e-01,5.310471653938293457e-01,3.326075673103332520e-01,3.049324266612529755e-02
1.280352950096130371e+00,2.922229170799255371e-01,6.242309808731079102e-01,7.549421861767768860e-03,-1.745028793811798096e-02,-9.997400641441345215e-01,-1.258155796676874161e-02,3.465837985277175903e-02,-3.939327597618103027e-02,1.874507963657379150e-01,-1.195009350776672363e+00,2.381647229194641113e-01,-3.024157583713531494e-01,1.912678778171539307e-01,1.279209971427917480e+00,8.251659572124481201e-02,5.352319031953811646e-02,-1.667787581682205200e-01,-9.790381789207458496e-02,3.353817388415336609e-02,5.692335367202758789e-01,1.111243739724159241e-01,6.463298946619033813e-02,-1.923509687185287476e-01,-1.312854140996932983e-01,-1.569011658430099487e-01,5.462499856948852539e-01,3.368248939514160156e-01,6.277817487716674805e-02
1.248007655143737793e+00,2.904238998889923096e-01,6.333955526351928711e-01,-1.264339312911033630e-02,-9.423838928341865540e-03,-9.996439218521118164e-01,-2.152566798031330109e-02,4.817667603492736816e-02,-1.544442307204008102e-02,2.799394428730010986e-01,-1.187105059623718262e+00,1.411808282136917114e-01,-2.173261344432830811e-01,3.073160350322723389e-01,1.294279694557189941e+00,5.652593076229095459e-02,9.109796583652496338e-02,-1.685647070407867432e-01,-1.030338630080223083e-01,-1.310853473842144012e-02,6.077032089233398438e-01,2.308867685496807098e-02,4.662515595555305481e-02,-2.323151081800460815e-01,-1.356290578842163086e-01,-1.450021266937255859e-01,6.339081525802612305e-01,2.601425051689147949e-01,6.737700104713439941e-02
1.219385623931884766e+00,2.898057401180267334e-01,6.419433951377868652e-01,-1.518559735268354416e-02,-1.221881620585918427e-02,-9.994429349899291992e-01,-2.708990685641765594e-02,5.978914722800254822e-02,9.280410595238208771e-04,3.752142488956451416e-01,-1.194565176963806152e+00,2.316223084926605225e-02,-1.909703314304351807e-01,4.145941436290740967e-01,1.298410892486572266e+00,-1.167052052915096283e-02,1.504222750663757324e-01,-1.867300868034362793e-01,-9.521041810512542725e-02,-2.822027076035737991e-03,5.558198094367980957e-01,-3.730729594826698303e-02,3.970467671751976013e-02,-2.580167651176452637e-01,-1.555526405572891235e-01,-1.643178910017013550e-01,6.024780273437500000e-01,2.679840922355651855e-01,1.000674143433570862e-01
1.192338228225708008e+00,2.909941375255584717e-01,6.443236470222473145e-01,-1.845259405672550201e-02,-1.553499139845371246e-02,-9.991784691810607910e-01,-3.256588429212570190e-02,6.759721040725708008e-02,2.517506666481494904e-02,4.663433432579040527e-01,-1.197323083877563477e+00,-2.404666505753993988e-02,-2.043270915746688843e-01,4.906971156597137451e-01,1.294724822044372559e+00,-5.806353315711021423e-02,1.977540701627731323e-01,-2.031801044940948486e-01,-6.734047085046768188e-02,3.412106260657310486e-02,4.937072694301605225e-01,-7.316932827234268188e-02,4.758374392986297607e-02,-2.931341826915740967e-01,-1.642464697360992432e-01,-1.650682836771011353e-01,5.606275796890258789e-01,2.679370641708374023e-01,1.074868142604827881e-01
1.165312886238098145e+00,2.924944162368774414e-01,6.405923366546630859e-01,-2.348126471042633057e-02,-1.497568469494581223e-02,-9.990423321723937988e-01,-3.374600782990455627e-02,7.880162447690963745e-02,5.671772733330726624e-02,5.587960481643676758e-01,-1.189634561538696289e+00,-5.812870338559150696e-02,-2.375095933675765991e-01,5.698220729827880859e-01,1.293860793113708496e+00,-9.042354673147201538e-02,2.630833983421325684e-01,-2.110798209905624390e-01,-2.905108407139778137e-02,7.456117123365402222e-02,4.226789772510528564e-01,-6.999564915895462036e-02,3.758851811289787292e-02,-3.239327669143676758e-01,-1.545484811067581177e-01,-1.598917096853256226e-01,5.084491372108459473e-01,2.326031029224395752e-01,1.291229724884033203e-01
1.139434456825256348e+00,2.942641675472259521e-01,6.301652193069458008e-01,-2.688455954194068909e-02,-1.292310096323490143e-02,-9.989085793495178223e-01,-3.594206646084785461e-02,8.024175465106964111e-02,8.465848863124847412e-02,6.383901238441467285e-01,-1.177726507186889648e+00,-1.020112857222557068e-01,-2.720789015293121338e-01,6.318143010139465332e-01,1.289329648017883301e+00,-1.084032580256462097e-01,3.194959461688995361e-01,-2.169969230890274048e-01,9.516799822449684143e-03,1.158346533775329590e-01,3.390551507472991943e-01,-3.282069042325019836e-02,3.312209993600845337e-02,-3.495688736438751221e-01,-1.372632235288619995e-01,-1.499581187963485718e-01,4.405829012393951416e-01,2.302546799182891846e-01,1.325046420097351074e-01
1.114441633224487305e+00,2.953271865844726562e-01,6.112726330757141113e-01,-2.887942269444465637e-02,-1.184229739010334015e-02,-9.989819526672363281e-01,-3.257025778293609619e-02,8.705538511276245117e-02,1.080518364906311035e-01,6.806292533874511719e-01,-1.161495447158813477e+00,-1.205076798796653748e-01,-2.916528284549713135e-01,6.675539612770080566e-01,1.282396793365478516e+00,-1.227182820439338684e-01,3.427049815654754639e-01,-2.408796995878219604e-01,3.607968986034393311e-02,1.444160640239715576e-01,2.797503471374511719e-01,3.631866350769996643e-02,1.900086924433708191e-02,-3.715204894542694092e-01,-1.258009076118469238e-01,-1.443688720464706421e-01,3.740918338298797607e-01,2.599719464778900146e-01,1.547760218381881714e-01
1.087078690528869629e+00,2.982012331485748291e-01,5.846450924873352051e-01,-3.293003141880035400e-02,-1.246856898069381714e-02,-9.990769028663635254e-01,-2.460577711462974548e-02,7.915087789297103882e-02,1.396009176969528198e-01,6.996483206748962402e-01,-1.138617515563964844e+00,-1.325660198926925659e-01,-2.968043088912963867e-01,6.856395006179809570e-01,1.280672073364257812e+00,-1.444067209959030151e-01,3.354351520538330078e-01,-2.577808201313018799e-01,4.676824063062667847e-02,1.405215561389923096e-01,2.288451343774795532e-01,1.016232147812843323e-01,-5.975952837616205215e-03,-3.752844929695129395e-01,-1.103545427322387695e-01,-1.229456067085266113e-01,3.311428129673004150e-01,3.449893593788146973e-01,1.893952488899230957e-01
1.052522063255310059e+00,3.041759431362152100e-01,5.537933111190795898e-01,-4.299020394682884216e-02,-1.353277545422315598e-02,-9.988907575607299805e-01,-1.363686751574277878e-02,7.033178210258483887e-02,1.655239015817642212e-01,7.063682675361633301e-01,-1.111593723297119141e+00,-1.305186599493026733e-01,-3.026162683963775635e-01,6.943446397781372070e-01,1.278925776481628418e+00,-1.534751355648040771e-01,3.139858245849609375e-01,-2.548663020133972168e-01,4.106349870562553406e-02,7.813870906829833984e-02,2.123182117938995361e-01,1.124685704708099365e-01,-3.569818288087844849e-02,-3.778390288352966309e-01,-7.713034749031066895e-02,-5.409866198897361755e-02,3.928966522216796875e-01,3.449999988079071045e-01,1.978907883167266846e-01
1.045369744300842285e+00,3.012712895870208740e-01,5.171071290969848633e-01,-5.512273311614990234e-02,-1.290202792733907700e-02,-9.982778429985046387e-01,-1.537581719458103180e-02,5.390901863574981689e-02,1.865256130695343018e-01,7.027412652969360352e-01,-1.080881476402282715e+00,-1.218727082014083862e-01,-3.155013322830200195e-01,6.965094208717346191e-01,1.271129488945007324e+00,-1.516963094472885132e-01,2.922458350658416748e-01,-3.199410438537597656e-01,1.805265992879867554e-02,3.167248144745826721e-02,2.968749105930328369e-01,9.921555966138839722e-02,-2.876386512070894241e-03,-3.912192881107330322e-01,-5.641141906380653381e-02,-1.122607011348009109e-02,4.128790497779846191e-01,3.447608649730682373e-01,1.427085995674133301e-01
1.025544643402099609e+00,2.980012297630310059e-01,5.024616122245788574e-01,-9.014867246150970459e-02,-7.804239168763160706e-03,-9.958654642105102539e-01,-8.018289692699909210e-03,5.238138511776924133e-02,2.792071402072906494e-01,7.055303454399108887e-01,-1.038958907127380371e+00,-1.047966703772544861e-01,-3.274353742599487305e-01,6.983114480972290039e-01,1.270218610763549805e+00,-1.290594190359115601e-01,2.521857619285583496e-01,-3.784390985965728760e-01,1.706348173320293427e-02,6.789354979991912842e-02,6.463626027107238770e-01,-3.570019304752349854e-01,9.910874068737030029e-02,-4.157486855983734131e-01,-7.056800276041030884e-02,-4.589267075061798096e-02,7.087180614471435547e-01,-1.647303402423858643e-01,3.454740345478057861e-02
1.014197826385498047e+00,3.000093698501586914e-01,4.876518249511718750e-01,-9.147346019744873047e-02,-3.691990626975893974e-03,-9.957954883575439453e-01,3.209565300494432449e-03,4.592477902770042419e-02,3.045395910739898682e-01,5.903698801994323730e-01,-1.028148174285888672e+00,-5.446491017937660217e-02,-3.255763053894042969e-01,6.066431403160095215e-01,1.294000267982482910e+00,-6.318037211894989014e-02,2.127224653959274292e-01,-4.768770039081573486e-01,1.323774922639131546e-02,3.029620647430419922e-02,8.537247180938720703e-01,-5.046396851539611816e-01,1.563272327184677124e-01,-4.793233275413513184e-01,-7.066584378480911255e-02,-5.745481699705123901e-02,8.779382109642028809e-01,-3.451032936573028564e-01,-7.028412818908691406e-02
1.004027724266052246e+00,2.985518574714660645e-01,4.839136600494384766e-01,-1.061314195394515991e-01,-6.537636276334524155e-03,-9.942718744277954102e-01,1.081106159836053848e-02,3.291771188378334045e-02,3.480329811573028564e-01,5.107226371765136719e-01,-1.072040915489196777e+00,5.452308431267738342e-02,-3.562850654125213623e-01,5.551727414131164551e-01,1.304733276367187500e+00,1.490672025829553604e-02,2.651293873786926270e-01,-4.610093832015991211e-01,-2.627692883834242821e-03,2.570697478950023651e-02,9.189850091934204102e-01,-5.452954769134521484e-01,1.565331369638442993e-01,-4.519442319869995117e-01,-8.846188336610794067e-02,-5.876109004020690918e-02,9.364444613456726074e-01,-3.968757987022399902e-01,-7.896339893341064453e-02
9.999086260795593262e-01,2.978269755840301514e-01,4.903613328933715820e-01,-1.057537421584129333e-01,-8.981008082628250122e-03,-9.942003488540649414e-01,1.735425367951393127e-02,1.059062872081995010e-02,3.662567138671875000e-01,4.271346032619476318e-01,-1.115695476531982422e+00,1.365924775600433350e-01,-4.117368459701538086e-01,4.918991625308990479e-01,1.296957373619079590e+00,7.825346291065216064e-02,3.526223599910736084e-01,-4.154208898544311523e-01,-1.538725942373275757e-02,1.938634738326072693e-02,8.585936427116394043e-01,-5.466139912605285645e-01,1.567332595586776733e-01,-4.022937119007110596e-01,-1.029779016971588135e-01,-7.265543937683105469e-02,8.782387971878051758e-01,-3.915789723396301270e-01,-5.816383659839630127e-02
9.982511401176452637e-01,2.977645099163055420e-01,5.014269351959228516e-01,-9.766436368227005005e-02,-1.045697089284658432e-02,-9.949495196342468262e-01,2.068374678492546082e-02,-1.481043989770114422e-03,3.553580343723297119e-01,3.584879338741302490e-01,-1.156132459640502930e+00,1.778773218393325806e-01,-4.862371385097503662e-01,4.043093323707580566e-01,1.287317037582397461e+00,1.120129227638244629e-01,4.056870639324188232e-01,-3.593704104423522949e-01,-1.929664053022861481e-02,1.983302459120750427e-02,7.414703965187072754e-01,-5.045892596244812012e-01,1.401955634355545044e-01,-3.480586409568786621e-01,-1.047912091016769409e-01,-8.589166402816772461e-02,7.667292356491088867e-01,-3.644033372402191162e-01,-2.908526733517646790e-02
9.971152544021606445e-01,2.979711592197418213e-01,5.126513838768005371e-01,-8.603784441947937012e-02,-1.218467392027378082e-02,-9.959890842437744141e-01,2.132420986890792847e-02,-6.514127366244792938e-03,3.246114552021026611e-01,2.944112122058868408e-01,-1.201555967330932617e+00,2.022390663623809814e-01,-5.396051406860351562e-01,3.113286793231964111e-01,1.289760112762451172e+00,1.291043907403945923e-01,4.226745665073394775e-01,-2.974867224693298340e-01,-2.199150994420051575e-02,2.491171658039093018e-02,5.989614129066467285e-01,-4.514738321304321289e-01,1.230683997273445129e-01,-2.955352067947387695e-01,-1.063459515571594238e-01,-1.020222902297973633e-01,6.406902074813842773e-01,-3.150787651538848877e-01,4.408130422234535217e-03
9.960857033729553223e-01,2.979554235935211182e-01,5.215312838554382324e-01,-7.289928197860717773e-02,-1.314049586653709412e-02,-9.970448017120361328e-01,2.036449685692787170e-02,-4.291154618840664625e-05,2.823024690151214600e-01,2.380611300468444824e-01,-1.237927794456481934e+00,2.327489405870437622e-01,-5.803793072700500488e-01,2.246615290641784668e-01,1.289150476455688477e+00,1.454908102750778198e-01,4.193757176399230957e-01,-2.431602925062179565e-01,-2.469268441200256348e-02,2.829788625240325928e-02,4.613899588584899902e-01,-3.924115002155303955e-01,1.138399466872215271e-01,-2.498536407947540283e-01,-1.006449088454246521e-01,-1.095726341009140015e-01,5.156084895133972168e-01,-2.613336741924285889e-01,2.647685445845127106e-02
9.957902431488037109e-01,2.979786098003387451e-01,5.273983478546142578e-01,-5.861946940422058105e-02,-1.368036679923534393e-02,-9.980080723762512207e-01,1.888032816350460052e-02,5.217429250478744507e-03,2.280465811491012573e-01,1.936774849891662598e-01,-1.248824834823608398e+00,2.723038494586944580e-01,-6.387699842453002930e-01,1.455321609973907471e-01,1.284601449966430664e+00,1.699796319007873535e-01,4.294637441635131836e-01,-2.085657566785812378e-01,-2.625866606831550598e-02,3.425214439630508423e-02,3.486711978912353516e-01,-3.462981879711151123e-01,1.041608154773712158e-01,-2.227851599454879761e-01,-9.441617876291275024e-02,-1.121412739157676697e-01,4.139472544193267822e-01,-2.260516881942749023e-01,3.893417492508888245e-02
9.954912662506103516e-01,2.984304130077362061e-01,5.300962328910827637e-01,-4.791816323995590210e-02,-1.329652592539787292e-02,-9.986051321029663086e-01,1.774388551712036133e-02,1.688168011605739594e-02,1.838939934968948364e-01,1.640675812959671021e-01,-1.237231492996215820e+00,3.022866845130920410e-01,-7.134491205215454102e-01,8.942301571369171143e-02,1.278470516204833984e+00,1.817287802696228027e-01,4.643259644508361816e-01,-1.854497939348220825e-01,-2.495950832962989807e-02,3.943532705307006836e-02,2.694928348064422607e-01,-3.214845061302185059e-01,9.865735471248626709e-02,-2.092712819576263428e-01,-8.832178264856338501e-02,-1.164373010396957397e-01,3.507743477821350098e-01,-2.044127583503723145e-01,4.326909035444259644e-02
9.955098032951354980e-01,2.995236814022064209e-01,5.308423638343811035e-01,-3.811873495578765869e-02,-1.200769841670989990e-02,-9.990622997283935547e-01,1.665131747722625732e-02,1.765665598213672638e-02,1.489448696374893188e-01,1.376827657222747803e-01,-1.210973978042602539e+00,3.313042521476745605e-01,-7.965802550315856934e-01,3.688539937138557434e-02,1.272259712219238281e+00,1.889434903860092163e-01,4.985724091529846191e-01,-1.825376152992248535e-01,-1.901024580001831055e-02,4.074446111917495728e-02,2.266523540019989014e-01,-3.106336593627929688e-01,9.604325145483016968e-02,-2.155928015708923340e-01,-8.020776510238647461e-02,-1.144963726401329041e-01,3.211248219013214111e-01,-1.931823641061782837e-01,3.168207779526710510e-02
9.956653118133544922e-01,3.000915944576263428e-01,5.304865241050720215e-01,-3.151241317391395569e-02,-1.142431516200304031e-02,-9.993410110473632812e-01,1.392994914203882217e-02,2.793093025684356689e-02,1.323996782302856445e-01,1.095162481069564819e-01,-1.185333490371704102e+00,3.507357537746429443e-01,-8.587356805801391602e-01,-1.128378510475158691e-02,1.266147732734680176e+00,1.944652795791625977e-01,5.299045443534851074e-01,-1.915203481912612915e-01,-1.419504825025796890e-02,4.413861408829689026e-02,2.179498374462127686e-01,-3.173985481262207031e-01,9.774811565876007080e-02,-2.385323643684387207e-01,-7.571155577898025513e-02,-1.063111871480941772e-01,3.316068947315216064e-01,-1.991305351257324219e-01,3.014575876295566559e-02
9.949681162834167480e-01,3.005166947841644287e-01,5.299490094184875488e-01,-2.838429436087608337e-02,-1.018840633332729340e-02,-9.994584321975708008e-01,1.316688396036624908e-02,3.964870795607566833e-02,1.290571689605712891e-01,8.116036653518676758e-02,-1.161907434463500977e+00,3.618759810924530029e-01,-8.894721865653991699e-01,-4.925223067402839661e-02,1.267261505126953125e+00,1.843037605285644531e-01,5.506847500801086426e-01,-2.031442672014236450e-01,-8.493158034980297089e-03,4.806808754801750183e-02,2.297116518020629883e-01,-3.296108543872833252e-01,9.518413245677947998e-02,-2.559829652309417725e-01,-7.219194620847702026e-02,-1.046547144651412964e-01,3.518993556499481201e-01,-2.101237177848815918e-01,2.788747660815715790e-02
9.932436943054199219e-01,3.008080124855041504e-01,5.295959115028381348e-01,-2.808946929872035980e-02,-8.299077861011028290e-03,-9.995080828666687012e-01,1.121060363948345184e-02,6.018596142530441284e-02,1.274002790451049805e-01,6.442248821258544922e-02,-1.142625808715820312e+00,3.683566153049468994e-01,-8.866634964942932129e-01,-7.274646311998367310e-02,1.272072196006774902e+00,1.812657415866851807e-01,5.681337714195251465e-01,-2.136941850185394287e-01,-2.102063735947012901e-03,4.925203695893287659e-02,2.552809715270996094e-01,-3.502311706542968750e-01,9.748471528291702271e-02,-2.657937109470367432e-01,-6.604629755020141602e-02,-1.003409549593925476e-01,3.730504214763641357e-01,-2.243135273456573486e-01,2.323675714433193207e-02
9.910660982131958008e-01,3.006892204284667969e-01,5.294531583786010742e-01,-2.870198152959346771e-02,-7.563411723822355270e-03,-9.995191693305969238e-01,8.968544192612171173e-03,7.887426018714904785e-02,1.239175871014595032e-01,5.967995896935462952e-02,-1.134359836578369141e+00,3.687483072280883789e-01,-8.701040148735046387e-01,-7.956482470035552979e-02,1.277990341186523438e+00,1.821156442165374756e-01,5.906193852424621582e-01,-2.180159091949462891e-01,9.797171514946967363e-05,4.913967475295066833e-02,2.754069566726684570e-01,-3.645978569984436035e-01,1.007225140929222107e-01,-2.669358253479003906e-01,-6.349287182092666626e-02,-9.583493322134017944e-02,3.841640949249267578e-01,-2.337366342544555664e-01,1.749040558934211731e-02
9.883452653884887695e-01,3.005052804946899414e-01,5.296985507011413574e-01,-3.005085140466690063e-02,-6.286580115556716919e-03,-9.995011091232299805e-01,7.410041987895965576e-03,8.581425249576568604e-02,1.290653496980667114e-01,5.710028484463691711e-02,-1.126307129859924316e+00,3.737433850765228271e-01,-8.454712629318237305e-01,-7.649286836385726929e-02,1.284626483917236328e+00,1.842557042837142944e-01,6.163799762725830078e-01,-2.125475853681564331e-01,2.833939623087644577e-03,4.873431101441383362e-02,2.823962867259979248e-01,-3.690523207187652588e-01,1.036280319094657898e-01,-2.596120834350585938e-01,-5.888505652546882629e-02,-9.083183109760284424e-02,3.856562077999114990e-01,-2.440332621335983276e-01,1.210284046828746796e-02
9.860649704933166504e-01,3.003140389919281006e-01,5.299729704856872559e-01,-3.007879294455051422e-02,-6.740714889019727707e-03,-9.995001554489135742e-01,7.016592659056186676e-03,9.425045549869537354e-02,1.425681561231613159e-01,5.739590525627136230e-02,-1.119609355926513672e+00,3.721707463264465332e-01,-8.272213339805603027e-01,-7.568148523569107056e-02,1.283095359802246094e+00,1.902687996625900269e-01,6.366424560546875000e-01,-2.076664119958877563e-01,1.255124923773109913e-03,4.974462836980819702e-02,2.835332751274108887e-01,-3.746034801006317139e-01,1.073455587029457092e-01,-2.526326477527618408e-01,-6.019257009029388428e-02,-9.029144793748855591e-02,3.824749290943145752e-01,-2.504904270172119141e-01,1.186411548405885696e-02
9.838832616806030273e-01,3.002147078514099121e-01,5.300082564353942871e-01,-2.981952950358390808e-02,-7.156549487262964249e-03,-9.995136857032775879e-01,5.650885868817567825e-03,1.009213030338287354e-01,1.537253856658935547e-01,5.936042219400405884e-02,-1.110762476921081543e+00,3.546259403228759766e-01,-8.054990768432617188e-01,-7.112582027912139893e-02,1.276882290840148926e+00,1.971118450164794922e-01,6.560331583023071289e-01,-2.027394771575927734e-01,9.933714754879474640e-04,5.317683890461921692e-02,2.839130461215972900e-01,-3.817989230155944824e-01,1.060563996434211731e-01,-2.509442269802093506e-01,-6.120567396283149719e-02,-8.910083770751953125e-02,3.860015273094177246e-01,-2.551136612892150879e-01,1.450300961732864380e-02
9.817519783973693848e-01,3.001874387264251709e-01,5.299514532089233398e-01,-2.688706666231155396e-02,-7.493906188756227493e-03,-9.995908141136169434e-01,6.259143818169832230e-03,1.060092970728874207e-01,1.607731878757476807e-01,5.834217742085456848e-02,-1.100322484970092773e+00,3.360143899917602539e-01,-7.873585224151611328e-01,-6.814407557249069214e-02,1.266774654388427734e+00,1.994498670101165771e-01,6.707372069358825684e-01,-2.051907777786254883e-01,-6.113047711551189423e-04,5.072284489870071411e-02,2.843320965766906738e-01,-3.844413459300994873e-01,1.091390475630760193e-01,-2.552896440029144287e-01,-6.294629722833633423e-02,-9.016773849725723267e-02,3.914164006710052490e-01,-2.600667476654052734e-01,1.229446474462747574e-02
9.794121980667114258e-01,3.002426624298095703e-01,5.299495458602905273e-01,-2.480558492243289948e-02,-7.903211750090122223e-03,-9.996419548988342285e-01,6.178471259772777557e-03,1.038361415266990662e-01,1.609896421432495117e-01,6.611941754817962646e-02,-1.094709753990173340e+00,3.198697268962860107e-01,-7.657312154769897461e-01,-5.993890762329101562e-02,1.260623455047607422e+00,1.913200020790100098e-01,6.778521537780761719e-01,-2.029720693826675415e-01,-2.003319794312119484e-03,5.044797807931900024e-02,2.808620631694793701e-01,-3.844874799251556396e-01,1.116097643971443176e-01,-2.528402805328369141e-01,-6.357667595148086548e-02,-9.102195501327514648e-02,3.885827064514160156e-01,-2.642854750156402588e-01,8.604277856647968292e-03
9.769201874732971191e-01,2.997456789016723633e-01,5.300110578536987305e-01,-2.365583553910255432e-02,-9.341772645711898804e-03,-9.996634125709533691e-01,5.122703500092029572e-03,1.046577468514442444e-01,1.629856675863265991e-01,7.846707105636596680e-02,-1.096130728721618652e+00,3.009291589260101318e-01,-7.434360384941101074e-01,-4.393551126122474670e-02,1.258200049400329590e+00,1.915125399827957153e-01,6.781167984008789062e-01,-1.953955888748168945e-01,-6.591711193323135376e-03,5.275813862681388855e-02,2.746331691741943359e-01,-3.867010474205017090e-01,1.130619123578071594e-01,-2.509395778179168701e-01,-6.750678271055221558e-02,-8.804008364677429199e-02,3.898544013500213623e-01,-2.654912769794464111e-01,9.230182506144046783e-03
9.745226502418518066e-01,2.995960414409637451e-01,5.302702784538269043e-01,-2.151766233146190643e-02,-1.040033996105194092e-02,-9.996979236602783203e-01,5.736108869314193726e-03,9.984131157398223877e-02,1.660964190959930420e-01,8.927284926176071167e-02,-1.098231196403503418e+00,2.867460250854492188e-01,-7.261658906936645508e-01,-2.603337168693542480e-02,1.261566877365112305e+00,1.794272959232330322e-01,6.767340302467346191e-01,-1.889186799526214600e-01,-9.547901339828968048e-03,5.387461185455322266e-02,2.643568813800811768e-01,-3.871654272079467773e-01,1.134532094001770020e-01,-2.507757246494293213e-01,-7.073748856782913208e-02,-8.998418599367141724e-02,3.909229934215545654e-01,-2.698293328285217285e-01,1.328687649220228195e-02
9.720705747604370117e-01,2.994066178798675537e-01,5.303692817687988281e-01,-1.901907287538051605e-02,-1.095885224640369415e-02,-9.997471570968627930e-01,4.872558172792196274e-03,9.897750616073608398e-02,1.624892354011535645e-01,1.038718000054359436e-01,-1.100776433944702148e+00,2.692835032939910889e-01,-7.160620093345642090e-01,-1.042260043323040009e-02,1.267675518989562988e+00,1.703849881887435913e-01,6.683792471885681152e-01,-1.884177625179290771e-01,-1.059767790138721466e-02,5.717515200376510620e-02,2.637462019920349121e-01,-3.909121453762054443e-01,1.121075227856636047e-01,-2.500445246696472168e-01,-7.177244126796722412e-02,-8.768961578607559204e-02,3.886280357837677002e-01,-2.706824243068695068e-01,1.366194989532232285e-02
9.695373177528381348e-01,2.991874814033508301e-01,5.304744839668273926e-01,-1.650497317314147949e-02,-1.140532828867435455e-02,-9.997891783714294434e-01,4.372589755803346634e-03,1.011090725660324097e-01,1.598238646984100342e-01,1.190544441342353821e-01,-1.100483775138854980e+00,2.576488852500915527e-01,-7.122201323509216309e-01,7.457653526216745377e-03,1.270113110542297363e+00,1.613830626010894775e-01,6.635859012603759766e-01,-1.895361393690109253e-01,-1.201121509075164795e-02,5.869718641042709351e-02,2.662546336650848389e-01,-3.965883851051330566e-01,1.139925643801689148e-01,-2.492171078920364380e-01,-7.270266860723495483e-02,-8.512471616268157959e-02,3.863275349140167236e-01,-2.744151651859283447e-01,1.242781989276409149e-02
9.672703146934509277e-01,2.989862859249114990e-01,5.304205417633056641e-01,-1.323647703975439072e-02,-1.182135008275508881e-02,-9.998367428779602051e-01,3.401281079277396202e-03,1.017129719257354736e-01,1.615548431873321533e-01,1.302736401557922363e-01,-1.101490259170532227e+00,2.544133961200714111e-01,-7.058845162391662598e-01,2.163224853575229645e-02,1.272677063941955566e+00,1.590441763401031494e-01,6.561003327369689941e-01,-1.922107189893722534e-01,-1.316642016172409058e-02,5.968431383371353149e-02,2.672334909439086914e-01,-3.994112014770507812e-01,1.156408488750457764e-01,-2.533773183822631836e-01,-7.314642518758773804e-02,-8.223737031221389771e-02,3.882903456687927246e-01,-2.768324613571166992e-01,1.335987821221351624e-02
9.646564722061157227e-01,2.988721728324890137e-01,5.302633047103881836e-01,-9.480225853621959686e-03,-1.211940962821245193e-02,-9.998762011528015137e-01,3.299062838777899742e-03,1.025037541985511780e-01,1.547854989767074585e-01,1.429140567779541016e-01,-1.103120923042297363e+00,2.510145306587219238e-01,-7.062647342681884766e-01,4.025580361485481262e-02,1.275496244430541992e+00,1.496688723564147949e-01,6.565774083137512207e-01,-1.967709064483642578e-01,-1.409905776381492615e-02,6.001985445618629456e-02,2.703422307968139648e-01,-4.014401137828826904e-01,1.165812686085700989e-01,-2.563247084617614746e-01,-7.363713532686233521e-02,-8.109396696090698242e-02,3.877112865447998047e-01,-2.775861322879791260e-01,1.372054312378168106e-02
9.622945785522460938e-01,2.987742424011230469e-01,5.302591323852539062e-01,-8.215487934648990631e-03,-1.306023448705673218e-02,-9.998775720596313477e-01,2.609983552247285843e-03,1.034104079008102417e-01,1.595244109630584717e-01,1.546994149684906006e-01,-1.110701322555541992e+00,2.539814710617065430e-01,-7.015470862388610840e-01,5.949505046010017395e-02,1.276075482368469238e+00,1.497797518968582153e-01,6.574880480766296387e-01,-1.924514919519424438e-01,-1.658952422440052032e-02,6.051723286509513855e-02,2.676856219768524170e-01,-4.041017889976501465e-01,1.201111897826194763e-01,-2.544389665126800537e-01,-7.624293118715286255e-02,-8.060288429260253906e-02,3.880295753479003906e-01,-2.791455388069152832e-01,1.353183109313249588e-02
9.598902463912963867e-01,2.987729012966156006e-01,5.303797125816345215e-01,-5.542002618312835693e-03,-1.297226455062627792e-02,-9.998953938484191895e-01,3.190362825989723206e-03,9.602557867765426636e-02,1.586568951606750488e-01,1.639069914817810059e-01,-1.115831255912780762e+00,2.593465745449066162e-01,-7.038170695304870605e-01,7.784431427717208862e-02,1.277290225028991699e+00,1.452864408493041992e-01,6.635976433753967285e-01,-1.950174421072006226e-01,-1.651006378233432770e-02,5.945956334471702576e-02,2.705834805965423584e-01,-4.076295793056488037e-01,1.194647103548049927e-01,-2.539257407188415527e-01,-7.692459970712661743e-02,-8.377503603696823120e-02,3.862515985965728760e-01,-2.849783003330230713e-01,1.677176728844642639e-02
9.576401114463806152e-01,2.987588047981262207e-01,5.303470492362976074e-01,-2.105916617438197136e-03,-1.348888222128152847e-02,-9.999010562896728516e-01,3.391422564163804054e-03,9.377781301736831665e-02,1.564677953720092773e-01,1.701907664537429810e-01,-1.123295545578002930e+00,2.559610307216644287e-01,-7.138916254043579102e-01,8.980650454759597778e-02,1.279818534851074219e+00,1.407273858785629272e-01,6.710622310638427734e-01,-2.000384479761123657e-01,-1.772953011095523834e-02,5.918684974312782288e-02,2.743470072746276855e-01,-4.124341905117034912e-01,1.205596402287483215e-01,-2.590741217136383057e-01,-7.829624414443969727e-02,-8.320028334856033325e-02,3.895870745182037354e-01,-2.893249392509460449e-01,1.532265450805425644e-02
9.554833173751831055e-01,2.986607551574707031e-01,5.300620198249816895e-01,1.499475096352398396e-03,-1.394137460738420486e-02,-9.998941421508789062e-01,3.881244687363505363e-03,8.829537034034729004e-02,1.545793414115905762e-01,1.782891601324081421e-01,-1.126200437545776367e+00,2.528759539127349854e-01,-7.449178695678710938e-01,1.042072549462318420e-01,1.279873490333557129e+00,1.368836313486099243e-01,6.968945264816284180e-01,-2.091000676155090332e-01,-1.904176175594329834e-02,5.854948237538337708e-02,2.844261229038238525e-01,-4.213988184928894043e-01,1.198250353336334229e-01,-2.665037810802459717e-01,-8.060054481029510498e-02,-8.455137908458709717e-02,3.972107768058776855e-01,-2.949884533882141113e-01,1.460749283432960510e-02
9.531612992286682129e-01,2.983788847923278809e-01,5.298299789428710938e-01,3.347319550812244415e-03,-1.398351043462753296e-02,-9.998912215232849121e-01,3.290710737928748131e-03,8.581946045160293579e-02,1.541485637426376343e-01,1.845033615827560425e-01,-1.127005577087402344e+00,2.444493919610977173e-01,-7.798669338226318359e-01,1.161594092845916748e-01,1.280044198036193848e+00,1.371866911649703979e-01,7.322078943252563477e-01,-2.166766077280044556e-01,-1.947398670017719269e-02,5.856198444962501526e-02,3.004385530948638916e-01,-4.371141791343688965e-01,1.203148290514945984e-01,-2.731178998947143555e-01,-8.106887340545654297e-02,-8.205388486385345459e-02,4.100654423236846924e-01,-3.076807260513305664e-01,1.743720099329948425e-02
9.511539936065673828e-01,2.983788847923278809e-01,5.290850400924682617e-01,8.537904359400272369e-03,-1.386987417936325073e-02,-9.998629093170166016e-01,2.979808486998081207e-03,7.752864807844161987e-02,1.561026722192764282e-01,1.813748776912689209e-01,-1.122600913047790527e+00,2.375870198011398315e-01,-8.285659551620483398e-01,1.228549182415008545e-01,1.276709198951721191e+00,1.384960711002349854e-01,7.861130833625793457e-01,-2.408564388751983643e-01,-1.870566047728061676e-02,5.627855286002159119e-02,3.322193324565887451e-01,-4.559881985187530518e-01,1.289102882146835327e-01,-2.956886589527130127e-01,-8.197145909070968628e-02,-8.039835095405578613e-02,4.369560778141021729e-01,-3.198842704296112061e-01,1.690654270350933075e-02
9.493570327758789062e-01,2.983214557170867920e-01,5.278981328010559082e-01,1.237051095813512802e-02,-1.384743582457304001e-02,-9.998243451118469238e-01,2.542259870097041130e-03,7.754484564065933228e-02,1.610707640647888184e-01,1.780244112014770508e-01,-1.118021368980407715e+00,2.280462831258773804e-01,-8.986001014709472656e-01,1.310889422893524170e-01,1.271680593490600586e+00,1.408348232507705688e-01,8.564298748970031738e-01,-2.656229734420776367e-01,-1.874821633100509644e-02,5.480712652206420898e-02,3.674167394638061523e-01,-4.743612110614776611e-01,1.285987943410873413e-01,-3.166028559207916260e-01,-8.293632417917251587e-02,-7.685782015323638916e-02,4.658162295818328857e-01,-3.376880884170532227e-01,1.334505807608366013e-02
9.469473958015441895e-01,2.980409562587738037e-01,5.255622267723083496e-01,1.743075810372829437e-02,-1.318706758320331573e-02,-9.997597932815551758e-01,1.632295781746506691e-03,8.127103745937347412e-02,1.638436019420623779e-01,1.743099540472030640e-01,-1.106489181518554688e+00,2.118635326623916626e-01,-9.895801544189453125e-01,1.362025439739227295e-01,1.260146379470825195e+00,1.470452696084976196e-01,9.489419460296630859e-01,-3.025984466075897217e-01,-1.773291267454624176e-02,5.257963389158248901e-02,4.219129085540771484e-01,-5.002855658531188965e-01,1.343025267124176025e-01,-3.501442968845367432e-01,-8.373624086380004883e-02,-7.354787737131118774e-02,5.131214857101440430e-01,-3.605231344699859619e-01,1.477566454559564590e-02
9.455922842025756836e-01,2.980476915836334229e-01,5.219638943672180176e-01,2.461404167115688324e-02,-1.332937180995941162e-02,-9.996078610420227051e-01,7.537520141340792179e-04,7.624826580286026001e-02,1.634383499622344971e-01,1.616188287734985352e-01,-1.090809106826782227e+00,1.995464861392974854e-01,-1.099956512451171875e+00,1.322614252567291260e-01,1.242982625961303711e+00,1.528502404689788818e-01,1.055377960205078125e+00,-3.554196059703826904e-01,-1.519062835723161697e-02,5.450550466775894165e-02,4.913473427295684814e-01,-5.285893678665161133e-01,1.381762325763702393e-01,-4.004472494125366211e-01,-8.745618164539337158e-02,-7.019206881523132324e-02,5.758209228515625000e-01,-3.845064342021942139e-01,1.574395038187503815e-02
9.449056982994079590e-01,2.981693148612976074e-01,5.168089866638183594e-01,3.333315998315811157e-02,-1.363227516412734985e-02,-9.993513226509094238e-01,1.539373188279569149e-04,7.838283479213714600e-02,1.680296361446380615e-01,1.382849216461181641e-01,-1.074804306030273438e+00,1.796023398637771606e-01,-1.221367239952087402e+00,1.186837404966354370e-01,1.215348720550537109e+00,1.579806804656982422e-01,1.173603534698486328e+00,-4.219018220901489258e-01,-1.362973824143409729e-02,5.188646540045738220e-02,5.739959478378295898e-01,-5.530159473419189453e-01,1.452339589595794678e-01,-4.594084620475769043e-01,-8.984690904617309570e-02,-6.249445304274559021e-02,6.438575387001037598e-01,-4.069967865943908691e-01,1.405685208737850189e-02
9.446909427642822266e-01,2.985423505306243896e-01,5.102791786193847656e-01,4.286631569266319275e-02,-1.326091401278972626e-02,-9.989920258522033691e-01,-1.260805875062942505e-03,7.622323185205459595e-02,1.712295413017272949e-01,1.035419180989265442e-01,-1.060851097106933594e+00,1.586320698261260986e-01,-1.352412104606628418e+00,9.009301662445068359e-02,1.185516119003295898e+00,1.595988571643829346e-01,1.299535512924194336e+00,-4.961117804050445557e-01,-7.555252872407436371e-03,5.246658623218536377e-02,6.656540632247924805e-01,-5.844428539276123047e-01,1.516951173543930054e-01,-5.313372015953063965e-01,-9.124289453029632568e-02,-5.659056082367897034e-02,7.281904220581054688e-01,-4.308242201805114746e-01,8.634673431515693665e-03
9.449353218078613281e-01,2.988938391208648682e-01,5.021761655807495117e-01,5.612673982977867126e-02,-1.383447460830211639e-02,-9.983277320861816406e-01,4.063633095938712358e-04,6.912245601415634155e-02,1.737915724515914917e-01,3.971437364816665649e-02,-1.042670369148254395e+00,1.507999300956726074e-01,-1.478374242782592773e+00,3.875832632184028625e-02,1.147643923759460449e+00,1.540634334087371826e-01,1.424895167350769043e+00,-5.833204984664916992e-01,-7.354586850851774216e-03,4.794914275407791138e-02,7.612161040306091309e-01,-6.220100522041320801e-01,1.596826314926147461e-01,-6.188883781433105469e-01,-9.852408617734909058e-02,-5.353790149092674255e-02,8.260876536369323730e-01,-4.537418484687805176e-01,1.303347526118159294e-03
9.458460807800292969e-01,2.995398342609405518e-01,4.939621090888977051e-01,6.846357882022857666e-02,-1.310487091541290283e-02,-9.975653290748596191e-01,2.110390923917293549e-03,6.682135164737701416e-02,1.866687387228012085e-01,-4.114121943712234497e-02,-1.020212054252624512e+00,1.485491096973419189e-01,-1.591174006462097168e+00,-3.100654296576976776e-02,1.115352749824523926e+00,1.495823413133621216e-01,1.538312554359436035e+00,-6.694303154945373535e-01,-4.931598436087369919e-03,4.017050564289093018e-02,8.553701043128967285e-01,-6.558154821395874023e-01,1.655815839767456055e-01,-6.961583495140075684e-01,-1.001555621623992920e-01,-5.057216063141822815e-02,9.066033363342285156e-01,-4.830035269260406494e-01,-7.927194237709045410e-03
9.462659955024719238e-01,3.003323078155517578e-01,4.850896596908569336e-01,7.976620644330978394e-02,-1.284059695899486542e-02,-9.967248439788818359e-01,3.476900048553943634e-03,6.323616951704025269e-02,2.013175636529922485e-01,-1.360681205987930298e-01,-1.012003898620605469e+00,1.543980240821838379e-01,-1.694949388504028320e+00,-1.162809729576110840e-01,1.082075834274291992e+00,1.520509719848632812e-01,1.642163634300231934e+00,-7.510682344436645508e-01,-3.373608225956559181e-03,3.302789479494094849e-02,9.475277066230773926e-01,-6.904270052909851074e-01,1.710304170846939087e-01,-7.707069516181945801e-01,-1.030551567673683167e-01,-4.764883220195770264e-02,9.885410070419311523e-01,-5.192736983299255371e-01,-1.770251430571079254e-02
9.462447762489318848e-01,3.010527789592742920e-01,4.747517406940460205e-01,9.249722957611083984e-02,-1.309444289654493332e-02,-9.956254363059997559e-01,1.676041749306023121e-03,5.847131460905075073e-02,2.184939086437225342e-01,-2.475719451904296875e-01,-1.000796437263488770e+00,1.657716631889343262e-01,-1.777582645416259766e+00,-2.266192883253097534e-01,1.044488191604614258e+00,1.719438135623931885e-01,1.726233720779418945e+00,-8.354289531707763672e-01,9.166987147182226181e-04,3.139721229672431946e-02,1.042181134223937988e+00,-7.283750772476196289e-01,1.765064448118209839e-01,-8.563120961189270020e-01,-1.025936529040336609e-01,-3.865163400769233704e-02,1.079607129096984863e+00,-5.523018240928649902e-01,-2.118215896189212799e-02
9.454126954078674316e-01,3.015741109848022461e-01,4.648899734020233154e-01,1.027209162712097168e-01,-1.417400315403938293e-02,-9.946082234382629395e-01,1.411441015079617500e-03,6.012998148798942566e-02,2.325201034545898438e-01,-3.562413454055786133e-01,-9.938454627990722656e-01,1.862242221832275391e-01,-1.843940973281860352e+00,-3.439372181892395020e-01,1.010741949081420898e+00,1.979799717664718628e-01,1.788200378417968750e+00,-9.065732955932617188e-01,8.222062024287879467e-04,2.927784807980060577e-02,1.125748991966247559e+00,-7.637870311737060547e-01,1.830302476882934570e-01,-9.258649349212646484e-01,-1.064328402280807495e-01,-3.360039740800857544e-02,1.159459948539733887e+00,-5.881154537200927734e-01,-2.656193636357784271e-02
9.435924887657165527e-01,3.018988668918609619e-01,4.552804529666900635e-01,1.127894669771194458e-01,-1.433020457625389099e-02,-9.935135841369628906e-01,1.998744904994964600e-03,5.425989627838134766e-02,2.338130474090576172e-01,-4.620105922222137451e-01,-9.888918399810791016e-01,2.188078612089157104e-01,-1.890236973762512207e+00,-4.617952406406402588e-01,9.848580956459045410e-01,2.217638343572616577e-01,1.827708244323730469e+00,-9.725388288497924805e-01,3.974637482315301895e-03,2.812018617987632751e-02,1.204917192459106445e+00,-8.003616929054260254e-01,1.839170008897781372e-01,-9.877395629882812500e-01,-1.113055646419525146e-01,-3.072642534971237183e-02,1.231140494346618652e+00,-6.209078431129455566e-01,-3.308330848813056946e-02
9.402254223823547363e-01,3.025530576705932617e-01,4.477049708366394043e-01,1.212770566344261169e-01,-1.689253747463226318e-02,-9.924708604812622070e-01,2.842057496309280396e-03,4.673958197236061096e-02,2.368587255477905273e-01,-5.433009266853332520e-01,-9.854432940483093262e-01,2.383178174495697021e-01,-1.918223500251770020e+00,-5.576859116554260254e-01,9.448860883712768555e-01,2.322881966829299927e-01,1.857658147811889648e+00,-1.018247842788696289e+00,-8.306223899126052856e-04,2.712848596274852753e-02,1.263661861419677734e+00,-8.349087834358215332e-01,1.919478923082351685e-01,-1.033410072326660156e+00,-1.156797632575035095e-01,-2.168681286275386810e-02,1.287932753562927246e+00,-6.488608717918395996e-01,-6.403350830078125000e-02
9.357602000236511230e-01,3.034938275814056396e-01,4.405227899551391602e-01,1.293604671955108643e-01,-1.826549135148525238e-02,-9.914203286170959473e-01,4.236407112330198288e-03,4.270251467823982239e-02,2.184467762708663940e-01,-6.175511479377746582e-01,-9.847567081451416016e-01,2.632198035717010498e-01,-1.921281576156616211e+00,-6.403352022171020508e-01,9.284752607345581055e-01,2.502076625823974609e-01,1.863219738006591797e+00,-1.056556820869445801e+00,-6.706877611577510834e-04,2.556874230504035950e-02,1.315200448036193848e+00,-8.632752895355224609e-01,1.931241601705551147e-01,-1.073066353797912598e+00,-1.201885268092155457e-01,-1.840941980481147766e-02,1.342343091964721680e+00,-6.821945309638977051e-01,-7.949658483266830444e-02
9.322504997253417969e-01,3.051787316799163818e-01,4.361851513385772705e-01,1.377334594726562500e-01,-2.042072266340255737e-02,-9.902409911155700684e-01,5.939881782978773117e-03,3.632715716958045959e-02,1.895258873701095581e-01,-6.736307740211486816e-01,-9.823341965675354004e-01,2.840335965156555176e-01,-1.901433229446411133e+00,-6.987497806549072266e-01,9.197542667388916016e-01,2.626130580902099609e-01,1.856428265571594238e+00,-1.082183599472045898e+00,-2.414780436083674431e-03,2.445934340357780457e-02,1.336233615875244141e+00,-8.700000047683715820e-01,2.017517536878585815e-01,-1.103748679161071777e+00,-1.233056187629699707e-01,-1.741633936762809753e-02,1.377647161483764648e+00,-7.007970809936523438e-01,-1.005036979913711548e-01
9.265725016593933105e-01,3.064420223236083984e-01,4.351436495780944824e-01,1.448291093111038208e-01,-2.236895821988582611e-02,-9.891710877418518066e-01,8.046024478971958160e-03,3.240245580673217773e-02,1.386566907167434692e-01,-7.035628557205200195e-01,-9.791985154151916504e-01,2.876264452934265137e-01,-1.872591018676757812e+00,-7.193545699119567871e-01,9.035017490386962891e-01,2.614586651325225830e-01,1.843521475791931152e+00,-1.085056781768798828e+00,-3.351343562826514244e-03,2.510650828480720520e-02,1.333036661148071289e+00,-8.700000047683715820e-01,2.050532102584838867e-01,-1.107646703720092773e+00,-1.252055019140243530e-01,-1.839612051844596863e-02,1.385573387145996094e+00,-7.069077491760253906e-01,-1.203725263476371765e-01
9.160623550415039062e-01,3.077755570411682129e-01,4.369857609272003174e-01,1.525524705648422241e-01,-2.455966547131538391e-02,-9.879572987556457520e-01,8.060602471232414246e-03,2.951672859489917755e-02,6.415876001119613647e-02,-7.191448211669921875e-01,-9.682835340499877930e-01,2.899753153324127197e-01,-1.840647220611572266e+00,-7.036327719688415527e-01,8.833261132240295410e-01,2.527078986167907715e-01,1.831652641296386719e+00,-1.060725688934326172e+00,-5.994798615574836731e-03,2.601195126771926880e-02,1.307217597961425781e+00,-8.700000047683715820e-01,2.122059762477874756e-01,-1.089369177818298340e+00,-1.246632263064384460e-01,-2.003201097249984741e-02,1.373724699020385742e+00,-7.171263098716735840e-01,-1.405995488166809082e-01
9.005703926086425781e-01,3.079224526882171631e-01,4.436056315898895264e-01,1.620882004499435425e-01,-2.630544640123844147e-02,-9.864001274108886719e-01,7.084344979375600815e-03,3.703756630420684814e-02,-3.761605545878410339e-02,-7.069873809814453125e-01,-9.534335136413574219e-01,3.049432635307312012e-01,-1.817342162132263184e+00,-6.344308853149414062e-01,8.482172489166259766e-01,2.414932698011398315e-01,1.825280904769897461e+00,-1.003355264663696289e+00,-1.054427865892648697e-02,3.236175701022148132e-02,1.242821693420410156e+00,-8.700000047683715820e-01,2.159705907106399536e-01,-1.039401531219482422e+00,-1.257982552051544189e-01,-2.619636058807373047e-02,1.325216293334960938e+00,-7.209126949310302734e-01,-1.453471928834915161e-01
8.755686283111572266e-01,3.073685467243194580e-01,4.562923312187194824e-01,1.659222990274429321e-01,-2.562109567224979401e-02,-9.857900738716125488e-01,5.592353641986846924e-03,4.051210358738899231e-02,-1.278830468654632568e-01,-6.347487568855285645e-01,-9.146053791046142578e-01,3.331027030944824219e-01,-1.779552221298217773e+00,-4.926724731922149658e-01,8.224171400070190430e-01,2.070074528455734253e-01,1.799224972724914551e+00,-8.750497698783874512e-01,-6.738816853612661362e-03,4.499684646725654602e-02,1.125213265419006348e+00,-8.700000047683715820e-01,2.055195868015289307e-01,-9.182512164115905762e-01,-1.262007802724838257e-01,-4.375987127423286438e-02,1.212700247764587402e+00,-7.202261090278625488e-01,-1.263660341501235962e-01
8.453681468963623047e-01,3.038251399993896484e-01,4.753165841102600098e-01,1.465937644243240356e-01,-2.414591796696186066e-02,-9.888648390769958496e-01,8.574494160711765289e-03,3.481807559728622437e-02,-1.497883200645446777e-01,-4.854718148708343506e-01,-8.713458180427551270e-01,3.824858963489532471e-01,-1.692674636840820312e+00,-2.535142004489898682e-01,8.313925862312316895e-01,1.548516899347305298e-01,1.724319577217102051e+00,-6.534970402717590332e-01,-1.750822551548480988e-02,4.950139299035072327e-02,9.436021447181701660e-01,-8.254518508911132812e-01,1.689286679029464722e-01,-6.888156533241271973e-01,-1.386581659317016602e-01,-7.530416548252105713e-02,1.018306493759155273e+00,-6.467742323875427246e-01,-6.000753492116928101e-02
8.266130685806274414e-01,2.975371479988098145e-01,5.047334432601928711e-01,1.186794713139533997e-01,-2.895913645625114441e-02,-9.923861026763916016e-01,1.569544523954391479e-02,2.282278053462505341e-02,-1.070121973752975464e-01,-3.163457512855529785e-01,-8.861806988716125488e-01,4.536010324954986572e-01,-1.523712515830993652e+00,-2.874022722244262695e-02,8.655713200569152832e-01,1.403842121362686157e-01,1.555211901664733887e+00,-3.952792882919311523e-01,-4.197658598423004150e-02,5.381607636809349060e-02,6.383275389671325684e-01,-5.756878852844238281e-01,1.078064218163490295e-01,-3.959162235260009766e-01,-1.578196585178375244e-01,-1.141251027584075928e-01,6.724517345428466797e-01,-3.378767967224121094e-01,7.058422267436981201e-02
7.999291419982910156e-01,2.982452511787414551e-01,5.144519805908203125e-01,8.950728923082351685e-02,-2.631972171366214752e-02,-9.955154061317443848e-01,1.564502157270908356e-02,2.418790757656097412e-02,-8.204825967550277710e-02,-1.720439940690994263e-01,-9.241176247596740723e-01,4.998555779457092285e-01,-1.299341320991516113e+00,5.557271465659141541e-02,9.443374872207641602e-01,2.025482058525085449e-01,1.287843585014343262e+00,-2.193209528923034668e-01,-3.319692611694335938e-02,4.657353460788726807e-02,5.078251361846923828e-01,-2.533527612686157227e-01,4.689082875847816467e-02,-2.703373432159423828e-01,-1.432794034481048584e-01,-9.233699738979339600e-02,6.380987167358398438e-01,-1.098191482014954090e-03,1.445438265800476074e-01
7.757953405380249023e-01,3.002839088439941406e-01,5.321608185768127441e-01,7.581097632646560669e-02,-3.157619759440422058e-02,-9.964411854743957520e-01,1.898957230150699615e-02,1.986169815063476562e-02,-4.221646860241889954e-02,-2.575182914733886719e-02,-9.620765447616577148e-01,4.728714823722839355e-01,-1.102266669273376465e+00,1.342794895172119141e-01,1.024662137031555176e+00,2.021193802356719971e-01,1.012088537216186523e+00,-1.350119113922119141e-01,-3.067748434841632843e-02,6.552005559206008911e-02,4.171949923038482666e-01,1.807409226894378662e-01,4.285262897610664368e-02,-1.879057884216308594e-01,-1.561238318681716919e-01,-1.039871424436569214e-01,6.003772020339965820e-01,3.449998199939727783e-01,1.842477172613143921e-01
7.479435205459594727e-01,2.994777560234069824e-01,5.598758459091186523e-01,5.841936171054840088e-02,-2.302794530987739563e-02,-9.978796839714050293e-01,1.711737550795078278e-02,2.842098660767078400e-02,-1.227395702153444290e-02,1.069686785340309143e-01,-9.882991909980773926e-01,4.347091019153594971e-01,-9.288473725318908691e-01,1.954080909490585327e-01,1.133416414260864258e+00,1.782981604337692261e-01,7.570015192031860352e-01,-1.229831427335739136e-01,-6.352140754461288452e-02,-1.793116517364978790e-02,4.795502424240112305e-01,3.052934706211090088e-01,1.882759667932987213e-02,-2.113557755947113037e-01,-1.128337010741233826e-01,-5.677600577473640442e-02,7.008484601974487305e-01,3.449985682964324951e-01,1.209966018795967102e-01
7.207195162773132324e-01,2.967903912067413330e-01,5.876175761222839355e-01,4.179492592811584473e-02,-1.943481713533401489e-02,-9.988762736320495605e-01,1.103142835199832916e-02,3.420330584049224854e-02,1.791429333388805389e-02,2.445935606956481934e-01,-1.044527173042297363e+00,3.516276180744171143e-01,-7.804618477821350098e-01,2.618509829044342041e-01,1.219778537750244141e+00,1.216442808508872986e-01,5.405348539352416992e-01,-1.602454781532287598e-01,-1.122920364141464233e-01,-5.635743215680122375e-02,5.916597843170166016e-01,2.519605457782745361e-01,-6.625032518059015274e-03,-2.185465544462203979e-01,-1.169456541538238525e-01,-7.167772948741912842e-02,7.083231806755065918e-01,3.448935747146606445e-01,1.120070070028305054e-01
6.938343048095703125e-01,2.937918901443481445e-01,6.070960760116577148e-01,2.751435153186321259e-02,-1.581827551126480103e-02,-9.994652271270751953e-01,7.872712798416614532e-03,4.042156785726547241e-02,3.532871976494789124e-02,3.754073083400726318e-01,-1.097933769226074219e+00,2.297945618629455566e-01,-6.648318767547607422e-01,3.237139284610748291e-01,1.281464099884033203e+00,5.047186464071273804e-02,3.452814221382141113e-01,-1.960827857255935669e-01,-1.161498948931694031e-01,-3.270684555172920227e-02,6.536610722541809082e-01,2.418457567691802979e-01,-1.711211539804935455e-02,-2.297106683254241943e-01,-1.499291062355041504e-01,-1.396785676479339600e-01,6.720637679100036621e-01,3.435556888580322266e-01,1.315692365169525146e-01
6.638789176940917969e-01,2.943804562091827393e-01,6.197016835212707520e-01,1.664960198104381561e-02,-1.179959252476692200e-02,-9.997836351394653320e-01,4.031483549624681473e-03,4.745779931545257568e-02,4.726042225956916809e-02,4.895921051502227783e-01,-1.140700697898864746e+00,1.109248772263526917e-01,-5.723739266395568848e-01,3.717300295829772949e-01,1.323282003402709961e+00,-4.008875414729118347e-02,1.750330179929733276e-01,-2.240718752145767212e-01,-9.351260960102081299e-02,-9.501594118773937225e-03,6.572898030281066895e-01,2.311553210020065308e-01,-1.618517935276031494e-02,-2.459544986486434937e-01,-1.402061730623245239e-01,-1.450337767601013184e-01,6.065184473991394043e-01,3.150189518928527832e-01,9.528194367885589600e-02
6.263270378112792969e-01,2.935006022453308105e-01,6.203067898750305176e-01,-6.541621405631303787e-03,-6.473512854427099228e-03,-9.999440908432006836e-01,-5.203357432037591934e-03,4.857179522514343262e-02,6.426319479942321777e-02,5.744296908378601074e-01,-1.180060744285583496e+00,6.988480221480131149e-03,-4.733046591281890869e-01,4.305491745471954346e-01,1.338958263397216797e+00,-1.131618395447731018e-01,7.852967828512191772e-02,-2.403462380170822144e-01,-5.435439571738243103e-02,2.233869209885597229e-02,6.975651979446411133e-01,1.255505681037902832e-01,-1.396976504474878311e-02,-2.815554440021514893e-01,-1.397659033536911011e-01,-1.367495805025100708e-01,6.328693032264709473e-01,2.128349244594573975e-01,1.145419254899024963e-01
5.921454429626464844e-01,2.964370846748352051e-01,6.223332285881042480e-01,-1.309308316558599472e-02,-8.041080087423324585e-03,-9.998579025268554688e-01,-6.933147087693214417e-03,5.465464293956756592e-02,6.368330121040344238e-02,6.458296179771423340e-01,-1.217740535736083984e+00,-7.534320652484893799e-02,-4.117393791675567627e-01,4.935068488121032715e-01,1.346877098083496094e+00,-1.539588123559951782e-01,7.467680424451828003e-02,-2.555850744247436523e-01,-2.354210615158081055e-02,5.129728466272354126e-02,6.309057474136352539e-01,7.529734075069427490e-02,3.202595282346010208e-03,-3.076323568820953369e-01,-1.240662485361099243e-01,-1.297152340412139893e-01,5.615096688270568848e-01,1.624983847141265869e-01,1.125582009553909302e-01
5.588017106056213379e-01,2.982298731803894043e-01,6.180607080459594727e-01,-2.014884166419506073e-02,-8.922675624489784241e-03,-9.997031688690185547e-01,-1.039383094757795334e-02,6.348657608032226562e-02,6.264916807413101196e-02,7.102729678153991699e-01,-1.238632202148437500e+00,-1.189580708742141724e-01,-3.869180679321289062e-01,5.586851835250854492e-01,1.349176406860351562e+00,-1.876464635133743286e-01,1.141356527805328369e-01,-2.626531720161437988e-01,-9.574090945534408092e-04,7.672017067670822144e-02,5.444628000259399414e-01,3.901050239801406860e-02,1.754738576710224152e-02,-3.289369940757751465e-01,-1.055089980363845825e-01,-1.148939654231071472e-01,4.907067716121673584e-01,1.389576792716979980e-01,1.251936703920364380e-01
5.273048281669616699e-01,2.988171577453613281e-01,6.061667203903198242e-01,-2.618090994656085968e-02,-9.530418552458286285e-03,-9.995317459106445312e-01,-1.265180669724941254e-02,7.338359951972961426e-02,6.318854540586471558e-02,7.736294269561767578e-01,-1.244072794914245605e+00,-1.372939944267272949e-01,-4.007304906845092773e-01,6.120986938476562500e-01,1.348773837089538574e+00,-2.091902643442153931e-01,1.708006262779235840e-01,-2.723412215709686279e-01,1.187561079859733582e-02,9.024529904127120972e-02,4.550595581531524658e-01,3.592219948768615723e-02,1.784874126315116882e-02,-3.500856459140777588e-01,-8.847733587026596069e-02,-9.643207490444183350e-02,4.236320853233337402e-01,1.532704681158065796e-01,1.564761996269226074e-01
4.975183904170989990e-01,2.992318570613861084e-01,5.864350795745849609e-01,-3.328658640384674072e-02,-1.007381081581115723e-02,-9.992697834968566895e-01,-1.582411676645278931e-02,7.697436213493347168e-02,6.739081442356109619e-02,8.257607221603393555e-01,-1.240541458129882812e+00,-1.450418084859848022e-01,-4.258478581905364990e-01,6.472948193550109863e-01,1.338910341262817383e+00,-2.109893113374710083e-01,2.166308909654617310e-01,-2.778351604938507080e-01,1.505766995251178741e-02,8.539459854364395142e-02,3.615114390850067139e-01,6.820788234472274780e-02,1.822586171329021454e-02,-3.648056685924530029e-01,-7.417048513889312744e-02,-7.654877007007598877e-02,3.663424849510192871e-01,2.118349075317382812e-01,1.820473670959472656e-01
4.681019484996795654e-01,3.000257313251495361e-01,5.591421127319335938e-01,-4.358348622918128967e-02,-1.235133223235607147e-02,-9.988252520561218262e-01,-1.720520108938217163e-02,8.086065948009490967e-02,9.273295849561691284e-02,8.539298772811889648e-01,-1.226446390151977539e+00,-1.368315964937210083e-01,-4.401837885379791260e-01,6.572755575180053711e-01,1.320975780487060547e+00,-2.154918462038040161e-01,2.316428720951080322e-01,-2.848894298076629639e-01,8.419543504714965820e-03,6.262762099504470825e-02,3.012270927429199219e-01,9.365079551935195923e-02,1.200261898338794708e-02,-3.741658627986907959e-01,-6.786141544580459595e-02,-6.251467764377593994e-02,3.457046449184417725e-01,2.812009751796722412e-01,1.993309408426284790e-01
4.395719766616821289e-01,3.009246587753295898e-01,5.252560377120971680e-01,-5.874625965952873230e-02,-1.492826081812381744e-02,-9.980518817901611328e-01,-1.478242781013250351e-02,7.228156924247741699e-02,1.229297071695327759e-01,8.650677204132080078e-01,-1.201046586036682129e+00,-1.196211874485015869e-01,-4.517350792884826660e-01,6.603555679321289062e-01,1.299904704093933105e+00,-2.052073925733566284e-01,2.458526939153671265e-01,-2.951058447360992432e-01,1.294116955250501633e-03,4.630677774548530579e-02,3.071026206016540527e-01,1.102136075496673584e-01,1.551400218158960342e-02,-3.722266554832458496e-01,-5.932028219103813171e-02,-3.324734047055244446e-02,3.725192248821258545e-01,3.449735939502716064e-01,1.832273900508880615e-01
4.149188995361328125e-01,2.997464537620544434e-01,5.082638263702392578e-01,-8.943402022123336792e-02,-1.290387380868196487e-02,-9.957705140113830566e-01,-1.661819964647293091e-02,7.135933637619018555e-02,1.803577840328216553e-01,8.874664902687072754e-01,-1.159066915512084961e+00,-9.253549575805664062e-02,-4.730557501316070557e-01,6.796339750289916992e-01,1.279837131500244141e+00,-1.797526627779006958e-01,2.728974819183349609e-01,-3.352627158164978027e-01,-6.144317332655191422e-03,4.902880266308784485e-02,5.999514460563659668e-01,-2.911670207977294922e-01,1.061103120446205139e-01,-3.985906839370727539e-01,-5.207597836852073669e-02,-2.756806276738643646e-02,6.111715435981750488e-01,-4.991929233074188232e-02,4.159262031316757202e-02
3.981863260269165039e-01,3.007327914237976074e-01,4.904136955738067627e-01,-9.717060625553131104e-02,-8.943031542003154755e-03,-9.951140284538269043e-01,-1.503178663551807404e-02,7.850967347621917725e-02,2.171804308891296387e-01,7.681143879890441895e-01,-1.135358452796936035e+00,-5.037597194314002991e-02,-4.044102430343627930e-01,6.016517281532287598e-01,1.266530156135559082e+00,-1.270595937967300415e-01,2.612105011940002441e-01,-4.284035861492156982e-01,7.972945459187030792e-03,5.253755301237106323e-02,8.568791151046752930e-01,-4.914280474185943604e-01,1.594227850437164307e-01,-4.779120683670043945e-01,-4.868302121758460999e-02,-3.559702634811401367e-02,8.452512621879577637e-01,-2.914944887161254883e-01,-4.595986753702163696e-02
3.853012919425964355e-01,3.005336523056030273e-01,4.838347733020782471e-01,-1.082535684108734131e-01,-1.095267385244369507e-02,-9.940085411071777344e-01,-1.040249504148960114e-02,6.968704611063003540e-02,2.551148831844329834e-01,6.381697058677673340e-01,-1.133864760398864746e+00,1.382504124194383621e-02,-3.635391592979431152e-01,5.339636802673339844e-01,1.268831372261047363e+00,-6.314569711685180664e-02,2.894684076309204102e-01,-4.167730510234832764e-01,-1.012231688946485519e-02,3.765709698200225830e-02,9.390423297882080078e-01,-6.084617376327514648e-01,1.928763687610626221e-01,-4.764418005943298340e-01,-5.788467079401016235e-02,-2.883443050086498260e-02,9.406428337097167969e-01,-3.701921403408050537e-01,-7.003502547740936279e-02
3.772754073143005371e-01,3.005979955196380615e-01,4.852000474929809570e-01,-1.028363257646560669e-01,-1.399986445903778076e-02,-9.945732355117797852e-01,-7.263073697686195374e-03,5.628218874335289001e-02,2.363214194774627686e-01,5.209302306175231934e-01,-1.152074456214904785e+00,6.832040846347808838e-02,-4.194167256355285645e-01,4.568042755126953125e-01,1.253725647926330566e+00,1.178925484418869019e-02,3.922669887542724609e-01,-4.101243615150451660e-01,-1.756514608860015869e-02,3.776166215538978577e-02,9.382584095001220703e-01,-6.175479888916015625e-01,1.855629682540893555e-01,-4.697728753089904785e-01,-7.286361604928970337e-02,-3.526731953024864197e-02,9.440230727195739746e-01,-3.894461095333099365e-01,-5.182134732604026794e-02
3.728150725364685059e-01,3.018295168876647949e-01,4.929854869842529297e-01,-9.384242445230484009e-02,-1.448896341025829315e-02,-9.954660534858703613e-01,-5.572869442403316498e-03,4.219737648963928223e-02,2.020988762378692627e-01,4.343583285808563232e-01,-1.152816057205200195e+00,1.061604022979736328e-01,-5.395947098731994629e-01,3.887193799018859863e-01,1.217099428176879883e+00,9.008604288101196289e-02,5.310513973236083984e-01,-3.763391375541687012e-01,-1.189640071243047714e-02,4.236901551485061646e-02,8.641825914382934570e-01,-5.921441912651062012e-01,1.503875106573104858e-01,-4.346875250339508057e-01,-7.353974878787994385e-02,-4.522297903895378113e-02,8.732490539550781250e-01,-3.857797980308532715e-01,-3.422917798161506653e-02
3.693945705890655518e-01,3.033685982227325439e-01,5.025577545166015625e-01,-8.232712000608444214e-02,-1.401822455227375031e-02,-9.965044260025024414e-01,-2.159674186259508133e-03,2.526957727968692780e-02,1.657132208347320557e-01,3.619245588779449463e-01,-1.140960693359375000e+00,1.341917216777801514e-01,-6.733875870704650879e-01,3.154779076576232910e-01,1.191990256309509277e+00,1.194276586174964905e-01,6.389218568801879883e-01,-3.343088030815124512e-01,-8.732671849429607391e-03,3.986561670899391174e-02,7.599792480468750000e-01,-5.467331409454345703e-01,1.266873031854629517e-01,-3.933483362197875977e-01,-7.244116067886352539e-02,-6.302906572818756104e-02,7.776973247528076172e-01,-3.500723838806152344e-01,-1.274234242737293243e-02
3.665125370025634766e-01,3.048517107963562012e-01,5.119275450706481934e-01,-6.954562664031982422e-02,-1.346248574554920197e-02,-9.974682927131652832e-01,6.257421337068080902e-03,4.603118170052766800e-03,1.308661699295043945e-01,2.734646201133728027e-01,-1.125956535339355469e+00,1.880171149969100952e-01,-7.720592021942138672e-01,2.512617409229278564e-01,1.192473769187927246e+00,1.099533960223197937e-01,7.159469127655029297e-01,-2.967076003551483154e-01,-9.062332101166248322e-03,3.046361915767192841e-02,6.493338346481323242e-01,-4.896678328514099121e-01,1.165307983756065369e-01,-3.464983105659484863e-01,-6.953603029251098633e-02,-8.297251909971237183e-02,6.690577864646911621e-01,-3.069576025009155273e-01,2.839867025613784790e-03
3.636271953582763672e-01,3.064961731433868408e-01,5.189087390899658203e-01,-5.516384169459342957e-02,-1.316062174737453461e-02,-9.982717037200927734e-01,1.540645118802785873e-02,-1.152889057993888855e-02,9.273170679807662964e-02,1.808904558420181274e-01,-1.112776637077331543e+00,2.440929561853408813e-01,-8.542418479919433594e-01,1.922796517610549927e-01,1.190768003463745117e+00,9.806101769208908081e-02,7.880939841270446777e-01,-2.722718417644500732e-01,-9.673001244664192200e-03,2.168532274663448334e-02,5.552356839179992676e-01,-4.290702641010284424e-01,1.031257510185241699e-01,-3.137796223163604736e-01,-6.689287722110748291e-02,-1.021205782890319824e-01,5.768265128135681152e-01,-2.657128572463989258e-01,9.896920993924140930e-03
3.604332208633422852e-01,3.081498444080352783e-01,5.238555669784545898e-01,-4.401861131191253662e-02,-1.348002813756465912e-02,-9.987419843673706055e-01,1.987726055085659027e-02,-1.593896374106407166e-02,6.405530869960784912e-02,1.045963540673255920e-01,-1.097123742103576660e+00,2.808846533298492432e-01,-9.364665746688842773e-01,1.385952383279800415e-01,1.181170105934143066e+00,9.569843113422393799e-02,8.566046357154846191e-01,-2.451973110437393188e-01,-9.186451323330402374e-03,1.631013490259647369e-02,4.742608070373535156e-01,-3.943470716476440430e-01,9.348711371421813965e-02,-2.887649834156036377e-01,-6.170963123440742493e-02,-1.119506657123565674e-01,5.049592852592468262e-01,-2.387419193983078003e-01,1.412473805248737335e-02
3.574692606925964355e-01,3.099977076053619385e-01,5.267128348350524902e-01,-3.334652632474899292e-02,-1.394776906818151474e-02,-9.991071224212646484e-01,2.187353931367397308e-02,-2.650912292301654816e-02,4.370053112506866455e-02,3.755130618810653687e-02,-1.073608994483947754e+00,3.057379126548767090e-01,-1.020179748535156250e+00,8.436658978462219238e-02,1.165569663047790527e+00,9.736628085374832153e-02,9.232493638992309570e-01,-2.271377891302108765e-01,-8.325655944645404816e-03,8.146065287292003632e-03,4.123730361461639404e-01,-3.814436793327331543e-01,9.272307902574539185e-02,-2.789533734321594238e-01,-5.711793154478073120e-02,-1.186759695410728455e-01,4.594137668609619141e-01,-2.240216284990310669e-01,1.726375706493854523e-02
3.546331226825714111e-01,3.114426732063293457e-01,5.280584692955017090e-01,-2.445193007588386536e-02,-1.297163218259811401e-02,-9.993202686309814453e-01,2.434899099171161652e-02,-2.469184063374996185e-02,3.149310126900672913e-02,-2.756042592227458954e-02,-1.048175454139709473e+00,3.290028274059295654e-01,-1.091773748397827148e+00,2.715448476374149323e-02,1.153191208839416504e+00,1.010349318385124207e-01,9.770073294639587402e-01,-2.149157077074050903e-01,-4.049192648380994797e-03,4.712148569524288177e-03,3.690480291843414307e-01,-3.827595412731170654e-01,9.351395815610885620e-02,-2.780910730361938477e-01,-5.090921744704246521e-02,-1.237870752811431885e-01,4.355466067790985107e-01,-2.262994796037673950e-01,1.290627289563417435e-02
3.522793054580688477e-01,3.130188584327697754e-01,5.284731388092041016e-01,-1.638433709740638733e-02,-1.213227864354848862e-02,-9.995029568672180176e-01,2.404515631496906281e-02,-2.267492935061454773e-02,2.490291930735111237e-02,-8.608263731002807617e-02,-1.024304389953613281e+00,3.417338132858276367e-01,-1.140627861022949219e+00,-3.091548196971416473e-02,1.146044373512268066e+00,1.051509976387023926e-01,1.018226623535156250e+00,-2.081608027219772339e-01,6.022183224558830261e-04,8.731687557883560658e-04,3.365494012832641602e-01,-3.940720856189727783e-01,1.008957177400588989e-01,-2.864645123481750488e-01,-4.477713629603385925e-02,-1.249958649277687073e-01,4.283565878868103027e-01,-2.300776243209838867e-01,1.325144991278648376e-02
3.501506447792053223e-01,3.142118752002716064e-01,5.282928347587585449e-01,-8.962809108197689056e-03,-1.189953833818435669e-02,-9.996218681335449219e-01,2.311210148036479950e-02,-1.727996766567230225e-02,2.033026143908500671e-02,-1.339091211557388306e-01,-1.010615944862365723e+00,3.453005254268646240e-01,-1.165066599845886230e+00,-8.724758774042129517e-02,1.137090921401977539e+00,1.077542826533317566e-01,1.044164657592773438e+00,-2.161751836538314819e-01,4.419308621436357498e-03,8.216261630877852440e-04,3.306862115859985352e-01,-3.976839780807495117e-01,1.016719043254852295e-01,-3.017305433750152588e-01,-4.108216613531112671e-02,-1.236681863665580750e-01,4.331282973289489746e-01,-2.324081212282180786e-01,1.157284621149301529e-02
3.471627831459045410e-01,3.148990869522094727e-01,5.283970236778259277e-01,-6.222208496183156967e-03,-1.152237970381975174e-02,-9.996713995933532715e-01,2.203707396984100342e-02,-9.990881197154521942e-03,2.866847254335880280e-02,-1.563618481159210205e-01,-1.003946185111999512e+00,3.475053608417510986e-01,-1.167902827262878418e+00,-1.263106614351272583e-01,1.131816744804382324e+00,1.160686463117599487e-01,1.050368785858154297e+00,-2.135372310876846313e-01,7.624708581715822220e-03,1.902022981084883213e-03,3.272529244422912598e-01,-3.966577053070068359e-01,9.993337839841842651e-02,-3.032811880111694336e-01,-3.724883496761322021e-02,-1.217267513275146484e-01,4.350053966045379639e-01,-2.368376255035400391e-01,8.198890835046768188e-03
3.434289693832397461e-01,3.150433301925659180e-01,5.286065936088562012e-01,-3.649314865469932556e-03,-1.140642166137695312e-02,-9.997193813323974609e-01,2.043948508799076080e-02,-7.113101426512002945e-03,3.013347089290618896e-02,-1.596356630325317383e-01,-1.002898931503295898e+00,3.477491438388824463e-01,-1.161388397216796875e+00,-1.468577086925506592e-01,1.135517239570617676e+00,1.246609091758728027e-01,1.056454896926879883e+00,-2.085789293050765991e-01,9.885856881737709045e-03,8.697759360074996948e-03,3.235996067523956299e-01,-3.982731699943542480e-01,9.657806158065795898e-02,-3.020124435424804688e-01,-3.545573353767395020e-02,-1.201954036951065063e-01,4.356406629085540771e-01,-2.390843182802200317e-01,6.927227135747671127e-03
3.405650258064270020e-01,3.149765431880950928e-01,5.291044116020202637e-01,-8.678719750605523586e-04,-1.115662977099418640e-02,-9.997781515121459961e-01,1.784555055201053619e-02,2.373546340095344931e-05,3.047458268702030182e-02,-1.501717865467071533e-01,-1.004859089851379395e+00,3.395754992961883545e-01,-1.153986096382141113e+00,-1.549162119626998901e-01,1.144823670387268066e+00,1.316709369421005249e-01,1.066872119903564453e+00,-2.053139209747314453e-01,1.157873310148715973e-02,1.389491464942693710e-02,3.185930848121643066e-01,-3.963275551795959473e-01,9.356588125228881836e-02,-2.980123460292816162e-01,-3.209331631660461426e-02,-1.138998642563819885e-01,4.262895584106445312e-01,-2.394422292709350586e-01,5.524745676666498184e-03
3.379142582416534424e-01,3.150629103183746338e-01,5.293888449668884277e-01,3.391449106857180595e-03,-1.134390570223331451e-02,-9.997872114181518555e-01,1.689289696514606476e-02,7.343606092035770416e-03,2.941244095563888550e-02,-1.409966498613357544e-01,-1.006270408630371094e+00,3.328263461589813232e-01,-1.145425200462341309e+00,-1.550322622060775757e-01,1.149723649024963379e+00,1.308461129665374756e-01,1.079633474349975586e+00,-2.086067646741867065e-01,1.142821181565523148e-02,1.643666625022888184e-02,3.169931173324584961e-01,-3.915393650531768799e-01,9.255706518888473511e-02,-2.954084277153015137e-01,-3.133768960833549500e-02,-1.132766678929328918e-01,4.147165119647979736e-01,-2.385926395654678345e-01,3.689328907057642937e-03
3.353602886199951172e-01,3.148212134838104248e-01,5.296122431755065918e-01,7.207029964774847031e-03,-1.209014840424060822e-02,-9.997866153717041016e-01,1.512184273451566696e-02,9.466415271162986755e-03,3.042531758546829224e-02,-1.166302263736724854e-01,-1.008709311485290527e+00,3.143032491207122803e-01,-1.142873406410217285e+00,-1.462943553924560547e-01,1.150447368621826172e+00,1.321823745965957642e-01,1.093143820762634277e+00,-2.076319456100463867e-01,9.945410303771495819e-03,1.992354542016983032e-02,3.111663460731506348e-01,-3.910574018955230713e-01,9.209776669740676880e-02,-2.969718575477600098e-01,-3.195675089955329895e-02,-1.096054762601852417e-01,4.107589125633239746e-01,-2.399571835994720459e-01,4.980317316949367523e-03
3.330890834331512451e-01,3.142739236354827881e-01,5.296570062637329102e-01,1.208173390477895737e-02,-1.248367317020893097e-02,-9.997705221176147461e-01,1.253301743417978287e-02,9.520525112748146057e-03,2.721747010946273804e-02,-8.455080538988113403e-02,-1.010911703109741211e+00,2.910305559635162354e-01,-1.141908407211303711e+00,-1.340821385383605957e-01,1.152328848838806152e+00,1.345176696777343750e-01,1.102765321731567383e+00,-2.118148058652877808e-01,8.507630787789821625e-03,2.477764151990413666e-02,3.099412620067596436e-01,-3.949479758739471436e-01,9.430289268493652344e-02,-3.055316209793090820e-01,-3.289783746004104614e-02,-1.055046766996383667e-01,4.132339060306549072e-01,-2.421015948057174683e-01,5.128266289830207825e-03
3.304762840270996094e-01,3.135127127170562744e-01,5.296684503555297852e-01,1.473611779510974884e-02,-1.229562703520059586e-02,-9.997530579566955566e-01,1.120472606271505356e-02,1.598558947443962097e-02,3.268453106284141541e-02,-4.617672413587570190e-02,-1.015148282051086426e+00,2.710785269737243652e-01,-1.142463922500610352e+00,-1.123284697532653809e-01,1.159602642059326172e+00,1.322429031133651733e-01,1.110663771629333496e+00,-2.096607089042663574e-01,7.879387587308883667e-03,3.030192479491233826e-02,3.076244890689849854e-01,-4.003461599349975586e-01,9.403125196695327759e-02,-3.057118058204650879e-01,-3.300926834344863892e-02,-1.023426949977874756e-01,4.123551845550537109e-01,-2.465909272432327271e-01,8.397728204727172852e-03
3.284263908863067627e-01,3.127779960632324219e-01,5.296797752380371094e-01,1.931936293840408325e-02,-1.267613749951124191e-02,-9.996791481971740723e-01,1.037504058331251144e-02,1.290608476847410202e-02,3.310270607471466064e-02,-1.269733533263206482e-02,-1.026142120361328125e+00,2.561712265014648438e-01,-1.147530198097229004e+00,-8.775998651981353760e-02,1.163600564002990723e+00,1.296056658029556274e-01,1.119733095169067383e+00,-2.142401933670043945e-01,5.211140960454940796e-03,3.065960109233856201e-02,3.066407740116119385e-01,-4.060343503952026367e-01,9.855171293020248413e-02,-3.130879402160644531e-01,-3.466514497995376587e-02,-9.838613867759704590e-02,4.140105843544006348e-01,-2.527821958065032959e-01,5.486059933900833130e-03
3.265172243118286133e-01,3.120816051959991455e-01,5.295417308807373047e-01,2.312047593295574188e-02,-1.294370833784341812e-02,-9.996055364608764648e-01,9.310129098594188690e-03,1.984186470508575439e-02,4.085235297679901123e-02,2.466053143143653870e-02,-1.032509088516235352e+00,2.440123260021209717e-01,-1.153473734855651855e+00,-6.351437419652938843e-02,1.167753934860229492e+00,1.260199844837188721e-01,1.122868776321411133e+00,-2.183204442262649536e-01,3.648996818810701370e-03,3.418095782399177551e-02,3.074573576450347900e-01,-4.139193892478942871e-01,1.003987416625022888e-01,-3.199491798877716064e-01,-3.721092268824577332e-02,-9.755423665046691895e-02,4.181020557880401611e-01,-2.563178241252899170e-01,7.361002266407012939e-03
3.248610794544219971e-01,3.112760186195373535e-01,5.293433070182800293e-01,2.707862108945846558e-02,-1.329704094678163528e-02,-9.995042681694030762e-01,9.006001986563205719e-03,1.586322300136089325e-02,4.810820147395133972e-02,6.227523460984230042e-02,-1.036403536796569824e+00,2.337524294853210449e-01,-1.160304188728332520e+00,-3.468970581889152527e-02,1.174157738685607910e+00,1.212313845753669739e-01,1.128847718238830566e+00,-2.258581817150115967e-01,8.953172946348786354e-04,3.460979834198951721e-02,3.126239776611328125e-01,-4.199234545230865479e-01,1.016426980495452881e-01,-3.262394666671752930e-01,-3.995915874838829041e-02,-9.634086489677429199e-02,4.199444055557250977e-01,-2.598020434379577637e-01,9.355300106108188629e-03
3.232247531414031982e-01,3.100477755069732666e-01,5.291857123374938965e-01,3.052033111453056335e-02,-1.368026249110698700e-02,-9.993947148323059082e-01,9.567596949636936188e-03,1.688830181956291199e-02,5.756709352135658264e-02,9.907917678356170654e-02,-1.044151306152343750e+00,2.301967293024063110e-01,-1.166272163391113281e+00,1.685254857875406742e-03,1.176221489906311035e+00,1.197807565331459045e-01,1.142552256584167480e+00,-2.343070656061172485e-01,-2.724589081481099129e-03,3.398953750729560852e-02,3.211669623851776123e-01,-4.313619434833526611e-01,1.036423444747924805e-01,-3.325445055961608887e-01,-4.361817985773086548e-02,-9.404958039522171021e-02,4.244470894336700439e-01,-2.669331133365631104e-01,1.128031685948371887e-02
3.215032517910003662e-01,3.089323341846466064e-01,5.286202430725097656e-01,3.357648476958274841e-02,-1.390463020652532578e-02,-9.992918968200683594e-01,9.744597598910331726e-03,1.627992093563079834e-02,5.857054144144058228e-02,1.452879607677459717e-01,-1.048851609230041504e+00,2.285290956497192383e-01,-1.177780747413635254e+00,4.475905001163482666e-02,1.182229161262512207e+00,1.168018132448196411e-01,1.161037445068359375e+00,-2.464009970426559448e-01,-7.488736417144536972e-03,2.710487134754657745e-02,3.378646969795227051e-01,-4.477868378162384033e-01,1.107245385646820068e-01,-3.439442217350006104e-01,-4.846750199794769287e-02,-9.436159580945968628e-02,4.395699501037597656e-01,-2.790828943252563477e-01,1.393510028719902039e-02
3.202900290489196777e-01,3.076330721378326416e-01,5.269570350646972656e-01,3.885124996304512024e-02,-1.440420653671026230e-02,-9.991018176078796387e-01,8.871367201209068298e-03,1.583763025701045990e-02,6.102604046463966370e-02,1.895226389169692993e-01,-1.052266240119934082e+00,2.315148413181304932e-01,-1.190010905265808105e+00,8.492795377969741821e-02,1.182456374168395996e+00,1.209869906306266785e-01,1.184722065925598145e+00,-2.767043411731719971e-01,-1.254827901721000671e-02,2.438601665198802948e-02,3.762953281402587891e-01,-4.688121974468231201e-01,1.200627833604812622e-01,-3.731526732444763184e-01,-5.476927757263183594e-02,-9.171666204929351807e-02,4.741131961345672607e-01,-2.910001575946807861e-01,1.451753266155719757e-02
3.191409707069396973e-01,3.059602677822113037e-01,5.244395732879638672e-01,4.383631423115730286e-02,-1.491376757621765137e-02,-9.988923668861389160e-01,8.365641348063945770e-03,1.797346025705337524e-02,5.985084548592567444e-02,2.383525669574737549e-01,-1.055189609527587891e+00,2.369254678487777710e-01,-1.206398010253906250e+00,1.307570189237594604e-01,1.184542298316955566e+00,1.239304468035697937e-01,1.210152029991149902e+00,-3.180571198463439941e-01,-1.775624230504035950e-02,2.410249784588813782e-02,4.341664314270019531e-01,-4.982464313507080078e-01,1.248735189437866211e-01,-4.111005663871765137e-01,-6.219813972711563110e-02,-8.771331608295440674e-02,5.246984362602233887e-01,-3.128646612167358398e-01,1.723201759159564972e-02
3.181766569614410400e-01,3.046275675296783447e-01,5.202569961547851562e-01,5.138707533478736877e-02,-1.486107800155878067e-02,-9.985361695289611816e-01,8.002336136996746063e-03,1.623799651861190796e-02,5.483098700642585754e-02,2.868912220001220703e-01,-1.055363297462463379e+00,2.302407622337341309e-01,-1.240979909896850586e+00,1.747612506151199341e-01,1.188867688179016113e+00,1.283509433269500732e-01,1.252187490463256836e+00,-3.801736533641815186e-01,-2.089678496122360229e-02,2.187692187726497650e-02,5.173277258872985840e-01,-5.351982116699218750e-01,1.317865997552871704e-01,-4.680104255676269531e-01,-6.799795478582382202e-02,-8.055740594863891602e-02,5.982456803321838379e-01,-3.502123951911926270e-01,1.479629706591367722e-02
3.181256055831909180e-01,3.033827543258666992e-01,5.141853094100952148e-01,6.133425235748291016e-02,-1.537198759615421295e-02,-9.979638457298278809e-01,8.363987319171428680e-03,1.994876377284526825e-02,5.325291305780410767e-02,3.268486261367797852e-01,-1.060475111007690430e+00,2.170137465000152588e-01,-1.298473358154296875e+00,2.152794897556304932e-01,1.191754698753356934e+00,1.225600764155387878e-01,1.309768319129943848e+00,-4.565083682537078857e-01,-2.417130209505558014e-02,2.089863084256649017e-02,6.126753687858581543e-01,-5.800890326499938965e-01,1.379436850547790527e-01,-5.389972925186157227e-01,-7.433540374040603638e-02,-7.102905213832855225e-02,6.821433901786804199e-01,-3.892734050750732422e-01,1.377602759748697281e-02
3.189840614795684814e-01,3.024963140487670898e-01,5.060812830924987793e-01,7.362139970064163208e-02,-1.508862897753715515e-02,-9.971354603767395020e-01,8.550686761736869812e-03,2.084723860025405884e-02,5.225934833288192749e-02,3.553357720375061035e-01,-1.059711098670959473e+00,1.800344884395599365e-01,-1.389843225479125977e+00,2.396768927574157715e-01,1.195573449134826660e+00,1.083673760294914246e-01,1.392280220985412598e+00,-5.463798046112060547e-01,-2.660378068685531616e-02,1.588044129312038422e-02,7.191052436828613281e-01,-6.288775205612182617e-01,1.477496325969696045e-01,-6.240497827529907227e-01,-8.153212815523147583e-02,-6.540833413600921631e-02,7.772545218467712402e-01,-4.305280745029449463e-01,6.047330796718597412e-03
3.205932974815368652e-01,3.020271956920623779e-01,4.962272346019744873e-01,8.741994947195053101e-02,-1.447565574198961258e-02,-9.960312843322753906e-01,8.358459919691085815e-03,1.936804130673408508e-02,4.567789286375045776e-02,3.665469884872436523e-01,-1.062111616134643555e+00,1.168314367532730103e-01,-1.503471016883850098e+00,2.435652017593383789e-01,1.188970446586608887e+00,9.061104804277420044e-02,1.491886377334594727e+00,-6.489539742469787598e-01,-2.607861347496509552e-02,1.400147378444671631e-02,8.369572162628173828e-01,-6.765269041061401367e-01,1.606826186180114746e-01,-7.191320657730102539e-01,-8.437952399253845215e-02,-5.667849257588386536e-02,8.785017132759094238e-01,-4.755912721157073975e-01,-5.376803223043680191e-03
3.220690786838531494e-01,3.019837737083435059e-01,4.842602908611297607e-01,1.020782366394996643e-01,-1.268363464623689651e-02,-9.946879744529724121e-01,3.867168677970767021e-03,2.566339820623397827e-02,3.991119936108589172e-02,3.545088469982147217e-01,-1.066296696662902832e+00,3.011544793844223022e-02,-1.628052234649658203e+00,2.233588993549346924e-01,1.182178020477294922e+00,7.998871803283691406e-02,1.602381587028503418e+00,-7.572826147079467773e-01,-1.918091066181659698e-02,1.500341109931468964e-02,9.637929797172546387e-01,-7.256029844284057617e-01,1.732438653707504272e-01,-8.233084678649902344e-01,-7.931969314813613892e-02,-4.592985287308692932e-02,9.872635602951049805e-01,-5.209605097770690918e-01,-2.433056943118572235e-02
3.230282366275787354e-01,3.016824126243591309e-01,4.725739359855651855e-01,1.131744980812072754e-01,-1.239457633346319199e-02,-9.934975504875183105e-01,7.393487612716853619e-04,3.763943910598754883e-02,4.154323413968086243e-02,3.067178428173065186e-01,-1.060481309890747070e+00,-3.590917959809303284e-02,-1.734632253646850586e+00,1.769652366638183594e-01,1.172774314880371094e+00,7.079697400331497192e-02,1.703878879547119141e+00,-8.465066552162170410e-01,-1.745428517460823059e-02,1.438813749700784683e-02,1.071596264839172363e+00,-7.725040316581726074e-01,1.872056126594543457e-01,-9.140813946723937988e-01,-7.895494252443313599e-02,-3.723110258579254150e-02,1.089086055755615234e+00,-5.569592714309692383e-01,-2.968355454504489899e-02
3.224876523017883301e-01,3.014718592166900635e-01,4.614257812500000000e-01,1.180761158466339111e-01,-1.242897938936948776e-02,-9.929255247116088867e-01,-1.580661046318709850e-03,4.272180423140525818e-02,5.407594144344329834e-02,2.375998944044113159e-01,-1.048933148384094238e+00,-6.082536652684211731e-02,-1.823539614677429199e+00,1.144088208675384521e-01,1.155453324317932129e+00,6.700458377599716187e-02,1.778202533721923828e+00,-9.120850563049316406e-01,-1.562811620533466339e-02,1.473238412290811539e-02,1.169434785842895508e+00,-8.198088407516479492e-01,1.995199620723724365e-01,-9.812593460083007812e-01,-7.999327033758163452e-02,-3.037056140601634979e-02,1.181169509887695312e+00,-5.953973531723022461e-01,-3.031777590513229370e-02
3.210205435752868652e-01,3.014337718486785889e-01,4.507204294204711914e-01,1.205541044473648071e-01,-1.179754454642534256e-02,-9.926349520683288574e-01,-1.829204498790204525e-03,4.687846824526786804e-02,6.722612679004669189e-02,1.542837321758270264e-01,-1.017228245735168457e+00,-5.481879785656929016e-02,-1.885128378868103027e+00,2.647271566092967987e-02,1.143439769744873047e+00,7.405503094196319580e-02,1.829357385635375977e+00,-9.655405879020690918e-01,-1.596259325742721558e-02,1.063024997711181641e-02,1.257675409317016602e+00,-8.581581115722656250e-01,2.115438878536224365e-01,-1.033469796180725098e+00,-8.309061080217361450e-02,-2.893447317183017731e-02,1.261299490928649902e+00,-6.289840936660766602e-01,-4.002928361296653748e-02
3.228346109390258789e-01,3.035390079021453857e-01,4.437816143035888672e-01,1.243394911289215088e-01,-1.592206954956054688e-02,-9.921115636825561523e-01,-9.373108623549342155e-04,5.605280399322509766e-02,9.116863459348678589e-02,7.006659358739852905e-02,-9.857224822044372559e-01,-5.348162725567817688e-02,-1.927846312522888184e+00,-6.802230328321456909e-02,1.123289942741394043e+00,6.719803065061569214e-02,1.868787050247192383e+00,-1.008208870887756348e+00,-2.173423208296298981e-02,8.657869882881641388e-03,1.301565647125244141e+00,-8.700000047683715820e-01,2.246164232492446899e-01,-1.082947015762329102e+00,-8.290835469961166382e-02,-1.832834444940090179e-02,1.320973992347717285e+00,-6.437423825263977051e-01,-8.584746718406677246e-02
3.244632482528686523e-01,3.053100109100341797e-01,4.386683106422424316e-01,1.233715862035751343e-01,-1.854998245835304260e-02,-9.921869039535522461e-01,-6.842002621851861477e-04,5.947053804993629456e-02,9.582926332950592041e-02,-2.721307985484600067e-02,-9.492247700691223145e-01,-2.362550236284732819e-02,-1.936771988868713379e+00,-1.697433292865753174e-01,1.108370304107666016e+00,9.201623499393463135e-02,1.876452684402465820e+00,-1.029676079750061035e+00,-1.933855749666690826e-02,1.007177308201789856e-02,1.326678395271301270e+00,-8.700000047683715820e-01,2.255306541919708252e-01,-1.113723635673522949e+00,-8.154877275228500366e-02,-1.443968620151281357e-02,1.367607593536376953e+00,-6.539666652679443359e-01,-1.016857475042343140e-01
3.218483030796051025e-01,3.066446483135223389e-01,4.351886808872222900e-01,1.221143007278442383e-01,-2.051191776990890503e-02,-9.923011660575866699e-01,2.400378696620464325e-03,5.757295340299606323e-02,8.956417441368103027e-02,-1.228206008672714233e-01,-9.289912581443786621e-01,1.818399317562580109e-02,-1.925005555152893066e+00,-2.498439252376556396e-01,1.096730113029479980e+00,1.127987354993820190e-01,1.866729855537414551e+00,-1.033923506736755371e+00,-2.326532267034053802e-02,7.263207342475652695e-03,1.341328382492065430e+00,-8.700000047683715820e-01,2.291068285703659058e-01,-1.120367646217346191e+00,-9.016241878271102905e-02,-1.633567176759243011e-02,1.400656700134277344e+00,-6.749923825263977051e-01,-1.161887198686599731e-01
3.161039352416992188e-01,3.079595863819122314e-01,4.347238540649414062e-01,1.240240484476089478e-01,-2.209532447159290314e-02,-9.920198321342468262e-01,5.150140728801488876e-03,5.218758061528205872e-02,6.148383766412734985e-02,-2.101618647575378418e-01,-9.208535552024841309e-01,6.444908678531646729e-02,-1.906712174415588379e+00,-3.172793388366699219e-01,1.079609632492065430e+00,1.237859576940536499e-01,1.851303815841674805e+00,-1.022566080093383789e+00,-2.752195112407207489e-02,5.018105264753103256e-03,1.336312174797058105e+00,-8.700000047683715820e-01,2.403346747159957886e-01,-1.113821983337402344e+00,-9.248472750186920166e-02,-1.643770374357700348e-02,1.412440299987792969e+00,-6.905892491340637207e-01,-1.361750662326812744e-01
3.076476156711578369e-01,3.081862628459930420e-01,4.385282993316650391e-01,1.290007084608078003e-01,-2.292579412460327148e-02,-9.913570880889892578e-01,6.659216713160276413e-03,4.314389452338218689e-02,5.009737797081470490e-03,-2.691641449928283691e-01,-9.132170677185058594e-01,9.036289155483245850e-02,-1.897114038467407227e+00,-3.493375182151794434e-01,1.050743222236633301e+00,1.185637190937995911e-01,1.844040513038635254e+00,-9.925009608268737793e-01,-3.300598263740539551e-02,4.583601839840412140e-03,1.302218198776245117e+00,-8.700000047683715820e-01,2.462581843137741089e-01,-1.084037661552429199e+00,-9.245911985635757446e-02,-1.793591678142547607e-02,1.386111617088317871e+00,-6.982951164245605469e-01,-1.495589464902877808e-01
2.945186197757720947e-01,3.086365163326263428e-01,4.463056027889251709e-01,1.382014006376266479e-01,-2.320840209722518921e-02,-9.901005029678344727e-01,7.921643555164337158e-03,4.333912953734397888e-02,-7.715681195259094238e-02,-2.941054701805114746e-01,-8.989826440811157227e-01,1.111902371048927307e-01,-1.889050245285034180e+00,-3.467233777046203613e-01,1.025074720382690430e+00,1.105939894914627075e-01,1.841138362884521484e+00,-9.371553063392639160e-01,-3.767718747258186340e-02,1.612555468454957008e-03,1.232789993286132812e+00,-8.700000047683715820e-01,2.465630322694778442e-01,-1.032771706581115723e+00,-8.959721028804779053e-02,-2.297004312276840210e-02,1.328731179237365723e+00,-7.043823599815368652e-01,-1.559115946292877197e-01
2.744911313056945801e-01,3.076263666152954102e-01,4.588388800621032715e-01,1.477247029542922974e-01,-2.286905422806739807e-02,-9.887373447418212891e-01,7.275889627635478973e-03,3.541103377938270569e-02,-1.537438482046127319e-01,-2.613210976123809814e-01,-8.841658830642700195e-01,1.272617280483245850e-01,-1.868584275245666504e+00,-2.869781255722045898e-01,1.000993967056274414e+00,9.674031287431716919e-02,1.825928568840026855e+00,-8.389996886253356934e-01,-3.805601969361305237e-02,8.646376430988311768e-03,1.120462775230407715e+00,-8.700000047683715820e-01,2.352361679077148438e-01,-9.384453296661376953e-01,-8.792041987180709839e-02,-3.147562593221664429e-02,1.219634175300598145e+00,-6.996316313743591309e-01,-1.429233103990554810e-01
2.431642264127731323e-01,3.049452006816864014e-01,4.764575064182281494e-01,1.326390355825424194e-01,-1.876049675047397614e-02,-9.909704923629760742e-01,5.692252423614263535e-03,2.887633629143238068e-02,-1.710495948791503906e-01,-1.259814947843551636e-01,-8.705456852912902832e-01,1.398975551128387451e-01,-1.787366867065429688e+00,-1.299511790275573730e-01,9.931183457374572754e-01,7.798594236373901367e-02,1.768694162368774414e+00,-6.215931773185729980e-01,-2.898531034588813782e-02,2.004814893007278442e-02,9.478011131286621094e-01,-8.562088012695312500e-01,1.937237977981567383e-01,-7.143073081970214844e-01,-9.137608110904693604e-02,-6.020981073379516602e-02,1.024239420890808105e+00,-6.680471301078796387e-01,-8.924002200365066528e-02
2.268666625022888184e-01,2.992175817489624023e-01,5.077192783355712891e-01,1.123187541961669922e-01,-2.254151366651058197e-02,-9.933554530143737793e-01,1.101333461701869965e-02,2.268061041831970215e-02,-1.406540870666503906e-01,2.183471061289310455e-02,-9.085583090782165527e-01,1.863439977169036865e-01,-1.632152676582336426e+00,3.970587998628616333e-02,9.946162104606628418e-01,6.692398339509963989e-02,1.634280681610107422e+00,-3.661859631538391113e-01,-4.591008275747299194e-02,2.535793557763099670e-02,6.101865768432617188e-01,-6.308722496032714844e-01,1.361799836158752441e-01,-4.247735440731048584e-01,-1.096885204315185547e-01,-8.854427188634872437e-02,6.472442746162414551e-01,-4.297235310077667236e-01,1.294154021888971329e-02
2.088035196065902710e-01,2.983352839946746826e-01,5.240578651428222656e-01,9.913129359483718872e-02,-2.604929357767105103e-02,-9.946329593658447266e-01,1.413243357092142105e-02,2.567588165402412415e-02,-1.394662857055664062e-01,1.181382313370704651e-01,-9.598467350006103516e-01,2.355626374483108521e-01,-1.416156172752380371e+00,1.310383230447769165e-01,1.027663826942443848e+00,9.274082630872726440e-02,1.418861985206604004e+00,-1.878161132335662842e-01,-5.382863059639930725e-02,2.028687298297882080e-02,3.733375072479248047e-01,-2.754767537117004395e-01,5.822250619530677795e-02,-2.573837637901306152e-01,-1.034834235906600952e-01,-7.006821036338806152e-02,4.496751427650451660e-01,-6.817899644374847412e-02,1.314457952976226807e-01
1.925078630447387695e-01,3.008037209510803223e-01,5.412552952766418457e-01,8.491247147321701050e-02,-2.401305362582206726e-02,-9.960468411445617676e-01,1.019568182528018951e-02,3.370381146669387817e-02,-1.227472648024559021e-01,2.206875681877136230e-01,-9.980692863464355469e-01,2.100665718317031860e-01,-1.192011356353759766e+00,1.811042875051498413e-01,1.083842635154724121e+00,1.234356611967086792e-01,1.174502730369567871e+00,-9.442720562219619751e-02,-3.460134565830230713e-02,4.602076858282089233e-02,2.594911456108093262e-01,1.584254056215286255e-01,1.909106224775314331e-02,-1.792091280221939087e-01,-9.834592789411544800e-02,-5.325540900230407715e-02,3.864736855030059814e-01,3.434630334377288818e-01,1.856061369180679321e-01
1.573300361633300781e-01,3.018103539943695068e-01,5.594280362129211426e-01,6.706825643777847290e-02,-2.330749295651912689e-02,-9.973077774047851562e-01,1.832564361393451691e-02,1.199842710047960281e-02,-1.023510023951530457e-01,3.100993931293487549e-01,-1.036274790763854980e+00,1.937079578638076782e-01,-9.897559881210327148e-01,2.320761233568191528e-01,1.136649966239929199e+00,1.187384426593780518e-01,9.454219937324523926e-01,-5.177465453743934631e-02,-6.366937607526779175e-02,-1.620284281671047211e-02,3.397698402404785156e-01,3.445744216442108154e-01,-4.523175209760665894e-02,-2.089573442935943604e-01,-9.642072767019271851e-02,-6.831741333007812500e-02,6.275737881660461426e-01,3.449999988079071045e-01,1.776789873838424683e-01
1.352497339248657227e-01,2.988001704216003418e-01,5.880660414695739746e-01,5.025970190763473511e-02,-2.250738628208637238e-02,-9.982236027717590332e-01,2.273713052272796631e-02,2.599550498416647315e-05,-5.163657292723655701e-02,4.025777578353881836e-01,-1.096462011337280273e+00,1.663269549608230591e-01,-8.086816072463989258e-01,2.899387776851654053e-01,1.206742882728576660e+00,8.963166922330856323e-02,7.198631167411804199e-01,-9.290567040443420410e-02,-1.261973083019256592e-01,-9.409380704164505005e-02,4.903061389923095703e-01,3.278504014015197754e-01,-6.568393111228942871e-02,-2.213867008686065674e-01,-1.108207553625106812e-01,-1.022621393203735352e-01,7.172560691833496094e-01,3.449999988079071045e-01,1.728083640336990356e-01
1.054510176181793213e-01,2.982124090194702148e-01,6.039770841598510742e-01,3.037431091070175171e-02,-2.531246840953826904e-02,-9.986829161643981934e-01,3.269796073436737061e-02,-2.148886583745479584e-02,-1.725074107525870204e-04,4.932157993316650391e-01,-1.147845387458801270e+00,1.122033074498176575e-01,-6.474640965461730957e-01,3.398000001907348633e-01,1.277440547943115234e+00,2.964911796152591705e-02,4.689196348190307617e-01,-1.098518893122673035e-01,-1.352901905775070190e-01,-7.139645516872406006e-02,6.092719435691833496e-01,3.334492743015289307e-01,-6.791572272777557373e-02,-2.113368511199951172e-01,-1.498113870620727539e-01,-1.646279394626617432e-01,7.765792012214660645e-01,3.449999988079071045e-01,1.598778367042541504e-01
8.178476244211196899e-02,2.982363104820251465e-01,6.249705553054809570e-01,2.030647546052932739e-02,-2.000145614147186279e-02,-9.991327524185180664e-01,3.035340830683708191e-02,-1.971481740474700928e-02,3.787517175078392029e-02,5.597890019416809082e-01,-1.191365718841552734e+00,2.581470645964145660e-02,-4.951830804347991943e-01,3.576998710632324219e-01,1.322066664695739746e+00,-1.108788512647151947e-02,2.367470115423202515e-01,-1.270908415317535400e-01,-1.061400845646858215e-01,-4.069797694683074951e-02,5.904086828231811523e-01,3.213212192058563232e-01,-4.949283599853515625e-02,-2.056691050529479980e-01,-1.428350806236267090e-01,-1.886823475360870361e-01,6.562741398811340332e-01,3.449999988079071045e-01,1.383785307407379150e-01
6.389759480953216553e-02,2.981694042682647705e-01,6.434209942817687988e-01,1.648908667266368866e-02,-1.201575342565774918e-02,-9.995701909065246582e-01,2.105184085667133331e-02,-1.384398620575666428e-02,5.625254660844802856e-02,6.110059022903442383e-01,-1.220844388008117676e+00,-6.246750056743621826e-02,-3.747863471508026123e-01,3.801703453063964844e-01,1.348632454872131348e+00,-3.425669670104980469e-02,7.938074320554733276e-02,-1.648680865764617920e-01,-6.278004497289657593e-02,5.012959241867065430e-03,5.226327776908874512e-01,2.694390714168548584e-01,-2.173189632594585419e-02,-2.086304128170013428e-01,-1.063830256462097168e-01,-1.761570721864700317e-01,4.568114578723907471e-01,3.435732126235961914e-01,1.132073700428009033e-01
3.093114309012889862e-02,2.983419299125671387e-01,6.466109156608581543e-01,-2.485206816345453262e-03,-8.986860513687133789e-03,-9.997867941856384277e-01,1.842292211949825287e-02,-1.763927377760410309e-02,7.734493166208267212e-02,6.504111289978027344e-01,-1.227817296981811523e+00,-1.032131984829902649e-01,-2.872624397277832031e-01,4.437992274761199951e-01,1.359809398651123047e+00,-8.230762183666229248e-02,4.632942005991935730e-02,-1.759222000837326050e-01,-3.073005564510822296e-02,2.313292585313320160e-02,5.166691541671752930e-01,1.536030322313308716e-01,3.146092174574732780e-03,-2.279421985149383545e-01,-1.015107929706573486e-01,-1.595973819494247437e-01,4.411192834377288818e-01,2.358229309320449829e-01,1.228890568017959595e-01
2.670555550139397383e-04,3.000628948211669922e-01,6.465038657188415527e-01,-8.008273318409919739e-03,-9.479116648435592651e-03,-9.997409582138061523e-01,1.908086054027080536e-02,-1.739059202373027802e-02,8.680871874094009399e-02,7.122873067855834961e-01,-1.230761051177978516e+00,-1.370454877614974976e-01,-2.745116353034973145e-01,5.218208432197570801e-01,1.370352745056152344e+00,-1.185122728347778320e-01,8.904816210269927979e-02,-1.851982772350311279e-01,-1.234554406255483627e-02,4.052453488111495972e-02,4.416619241237640381e-01,8.281289786100387573e-02,5.791964009404182434e-03,-2.493817955255508423e-01,-9.216608852148056030e-02,-1.578104794025421143e-01,3.781177103519439697e-01,1.867762655019760132e-01,1.311503946781158447e-01
-2.795255742967128754e-02,3.010298907756805420e-01,6.391914486885070801e-01,-1.200065016746520996e-02,-1.025367528200149536e-02,-9.996380805969238281e-01,2.178347297012805939e-02,-1.052190829068422318e-02,9.604787081480026245e-02,7.806677222251892090e-01,-1.220404386520385742e+00,-1.574584096670150757e-01,-3.037911355495452881e-01,5.975777506828308105e-01,1.375817656517028809e+00,-1.531528532505035400e-01,1.559852510690689087e-01,-2.035862952470779419e-01,-5.575888208113610744e-04,5.718654021620750427e-02,3.678890764713287354e-01,4.154527932405471802e-02,5.754157900810241699e-03,-2.700067460536956787e-01,-9.024887531995773315e-02,-1.647704243659973145e-01,3.187246024608612061e-01,1.978115141391754150e-01,1.556329131126403809e-01
-5.343222990632057190e-02,3.015255928039550781e-01,6.229607462882995605e-01,-1.398813258856534958e-02,-1.197930797934532166e-02,-9.995566606521606445e-01,2.339487150311470032e-02,-4.691915586590766907e-03,1.129383817315101624e-01,8.335987925529479980e-01,-1.211162567138671875e+00,-1.783065199851989746e-01,-3.418355882167816162e-01,6.458637714385986328e-01,1.368555426597595215e+00,-1.533650904893875122e-01,2.129591554403305054e-01,-2.344059050083160400e-01,5.925102159380912781e-03,6.822060048580169678e-02,3.092801570892333984e-01,5.393157154321670532e-02,3.426762996241450310e-03,-3.025985956192016602e-01,-9.823685884475708008e-02,-1.753300130367279053e-01,2.828853726387023926e-01,2.551320195198059082e-01,1.816325187683105469e-01
-7.742744684219360352e-02,3.015528023242950439e-01,5.982483625411987305e-01,-2.009751833975315094e-02,-1.139316987246274948e-02,-9.994606375694274902e-01,2.333902008831501007e-02,1.047907513566315174e-03,1.224075481295585632e-01,8.753688931465148926e-01,-1.197062969207763672e+00,-1.958096772432327271e-01,-3.708022534847259521e-01,6.750447750091552734e-01,1.351858496665954590e+00,-1.465191990137100220e-01,2.394854724407196045e-01,-2.609468698501586914e-01,1.434126216918230057e-02,6.911227852106094360e-02,2.675627470016479492e-01,1.155921444296836853e-01,-7.168316747993230820e-03,-3.282608985900878906e-01,-1.049029007554054260e-01,-1.867351084947586060e-01,2.716474235057830811e-01,3.293768465518951416e-01,2.005151957273483276e-01
-1.077073290944099426e-01,3.023212254047393799e-01,5.692973136901855469e-01,-3.185526654124259949e-02,-1.369475480169057846e-02,-9.989893436431884766e-01,2.859973907470703125e-02,-3.970118239521980286e-03,1.552359312772750854e-01,8.997969031333923340e-01,-1.173489689826965332e+00,-1.934714019298553467e-01,-3.929731845855712891e-01,6.922868490219116211e-01,1.331416368484497070e+00,-1.428720951080322266e-01,2.454049587249755859e-01,-2.680653929710388184e-01,2.657770412042737007e-03,2.375280298292636871e-02,2.514170110225677490e-01,1.164492666721343994e-01,-1.171843800693750381e-02,-3.408311009407043457e-01,-1.199380680918693542e-01,-1.879292130470275879e-01,3.316210508346557617e-01,3.449980616569519043e-01,2.134342342615127563e-01
-1.376911699771881104e-01,3.040521740913391113e-01,5.331014394760131836e-01,-4.686830937862396240e-02,-1.425384916365146637e-02,-9.980806708335876465e-01,3.788330033421516418e-02,-8.869195356965065002e-03,1.893185824155807495e-01,9.174304604530334473e-01,-1.141446828842163086e+00,-1.856936514377593994e-01,-4.173064231872558594e-01,7.028185725212097168e-01,1.311401844024658203e+00,-1.431993693113327026e-01,2.478511780500411987e-01,-2.809793651103973389e-01,-8.053576573729515076e-03,-2.789234742522239685e-02,2.871656119823455811e-01,1.203590855002403259e-01,-1.896110922098159790e-02,-3.525395989418029785e-01,-1.148077324032783508e-01,-1.469110846519470215e-01,4.424186348915100098e-01,3.449999988079071045e-01,2.070582509040832520e-01
-1.471489816904067993e-01,3.047243952751159668e-01,5.126841068267822266e-01,-7.525803148746490479e-02,-9.265794418752193451e-03,-9.963972568511962891e-01,3.798565641045570374e-02,-8.756314404308795929e-03,2.338979989290237427e-01,9.414843320846557617e-01,-1.096948623657226562e+00,-1.712046563625335693e-01,-4.491038322448730469e-01,7.296451926231384277e-01,1.288017630577087402e+00,-1.300591379404067993e-01,2.768998444080352783e-01,-3.309097588062286377e-01,-1.934254541993141174e-02,-4.431698098778724670e-02,5.144094228744506836e-01,-2.263109982013702393e-01,7.259248197078704834e-02,-3.715860247611999512e-01,-9.702289849519729614e-02,-1.198641657829284668e-01,6.241352558135986328e-01,-2.742855995893478394e-02,7.378900796175003052e-02
-1.621223241090774536e-01,3.070908188819885254e-01,4.942690134048461914e-01,-8.404884487390518188e-02,-2.931231865659356117e-03,-9.956933856010437012e-01,3.901101276278495789e-02,5.927963182330131531e-03,2.714059352874755859e-01,8.390502333641052246e-01,-1.073820352554321289e+00,-1.626454740762710571e-01,-4.040613174438476562e-01,6.636567711830139160e-01,1.267481088638305664e+00,-6.087032705545425415e-02,2.761609256267547607e-01,-4.393044710159301758e-01,-6.554171442985534668e-03,-2.796956710517406464e-02,8.005985617637634277e-01,-4.779436886310577393e-01,1.502082198858261108e-01,-4.331163167953491211e-01,-9.932128340005874634e-02,-1.490015983581542969e-01,8.319169878959655762e-01,-3.204929828643798828e-01,-3.163888305425643921e-02
-1.742548942565917969e-01,3.071831166744232178e-01,4.845805466175079346e-01,-9.723564982414245605e-02,-3.050241386517882347e-03,-9.945002794265747070e-01,3.879639133810997009e-02,2.193141169846057892e-02,3.141090869903564453e-01,7.086710929870605469e-01,-1.095590233802795410e+00,-1.353482156991958618e-01,-3.553527593612670898e-01,5.970641374588012695e-01,1.255033254623413086e+00,-7.806934881955385208e-03,2.827212214469909668e-01,-4.627676606178283691e-01,-1.503288466483354568e-02,-4.291660338640213013e-02,9.409816265106201172e-01,-5.648903846740722656e-01,1.755750328302383423e-01,-4.338366985321044922e-01,-9.557853639125823975e-02,-1.316896677017211914e-01,9.364327788352966309e-01,-4.249041378498077393e-01,-8.611527830362319946e-02
-1.823664605617523193e-01,3.055450618267059326e-01,4.844858050346374512e-01,-1.019765138626098633e-01,-9.206459857523441315e-03,-9.943385720252990723e-01,2.840552292764186859e-02,5.023145675659179688e-02,3.342974483966827393e-01,5.871235728263854980e-01,-1.164826154708862305e+00,-1.033536121249198914e-01,-3.915403485298156738e-01,5.060566663742065430e-01,1.228143572807312012e+00,4.305924475193023682e-02,3.279282152652740479e-01,-4.288637936115264893e-01,-1.426323596388101578e-02,-1.240094006061553955e-02,9.451010227203369141e-01,-5.864843130111694336e-01,1.674788594245910645e-01,-4.237942695617675781e-01,-1.062494888901710510e-01,-1.135781258344650269e-01,9.596684575080871582e-01,-4.314980506896972656e-01,-5.645780265331268311e-02
-1.852809786796569824e-01,3.054801225662231445e-01,4.927712678909301758e-01,-9.397511929273605347e-02,-1.273600663989782333e-02,-9.951184391975402832e-01,2.730892598628997803e-02,5.672986432909965515e-02,3.412418663501739502e-01,4.824773967266082764e-01,-1.204262733459472656e+00,-3.365767002105712891e-02,-4.906364083290100098e-01,4.210188090801239014e-01,1.203711628913879395e+00,6.797473877668380737e-02,4.236120879650115967e-01,-3.896398842334747314e-01,-1.758302003145217896e-02,-7.278662640601396561e-03,8.642194271087646484e-01,-5.713798403739929199e-01,1.521849930286407471e-01,-3.866418302059173584e-01,-1.088749244809150696e-01,-1.140891984105110168e-01,8.800831437110900879e-01,-4.163807928562164307e-01,-4.349001869559288025e-02
-1.878944784402847290e-01,3.052400350570678711e-01,5.029947757720947266e-01,-8.355571329593658447e-02,-1.252972055226564407e-02,-9.960542917251586914e-01,2.715366892516613007e-02,4.609694704413414001e-02,3.323836624622344971e-01,3.946901559829711914e-01,-1.204800128936767578e+00,4.626862704753875732e-02,-6.176618933677673340e-01,3.358770608901977539e-01,1.189879894256591797e+00,7.353648543357849121e-02,5.175154805183410645e-01,-3.384744822978973389e-01,-1.197277009487152100e-02,5.062508280389010906e-04,7.492672204971313477e-01,-5.276925563812255859e-01,1.279715001583099365e-01,-3.428291082382202148e-01,-1.046358495950698853e-01,-1.282937973737716675e-01,7.756395936012268066e-01,-3.800996541976928711e-01,-1.077219378203153610e-02
-1.896034032106399536e-01,3.051111400127410889e-01,5.129444599151611328e-01,-7.036685943603515625e-02,-1.194105949252843857e-02,-9.971246719360351562e-01,2.546085789799690247e-02,4.229407757520675659e-02,2.943060398101806641e-01,3.074356317520141602e-01,-1.190456271171569824e+00,1.182901412248611450e-01,-7.335296869277954102e-01,2.556136548519134521e-01,1.189471483230590820e+00,7.560291141271591187e-02,5.998103618621826172e-01,-2.907984554767608643e-01,-7.337948773056268692e-03,8.454075083136558533e-03,6.244942545890808105e-01,-4.705034196376800537e-01,1.097470894455909729e-01,-3.042268455028533936e-01,-9.290224313735961914e-02,-1.327439844608306885e-01,6.627291440963745117e-01,-3.241575956344604492e-01,1.543817203491926193e-02
-1.915717869997024536e-01,3.045999705791473389e-01,5.206426382064819336e-01,-5.676859244704246521e-02,-1.127662602812051773e-02,-9.980226755142211914e-01,2.451350912451744080e-02,4.320752620697021484e-02,2.432183027267456055e-01,2.190567553043365479e-01,-1.168256998062133789e+00,1.868057847023010254e-01,-8.433755636215209961e-01,1.853505522012710571e-01,1.192010164260864258e+00,7.938250154256820679e-02,6.826594471931457520e-01,-2.467405498027801514e-01,-4.682282917201519012e-03,1.657434366643428802e-02,5.050047039985656738e-01,-4.173510372638702393e-01,9.509672224521636963e-02,-2.727278769016265869e-01,-8.242426812648773193e-02,-1.336978524923324585e-01,5.623670816421508789e-01,-2.741217911243438721e-01,2.776626870036125183e-02
-1.933090686798095703e-01,3.048701286315917969e-01,5.259356498718261719e-01,-4.368621110916137695e-02,-1.160350721329450607e-02,-9.987255334854125977e-01,2.245475351810455322e-02,4.120778292417526245e-02,1.923923790454864502e-01,1.291984170675277710e-01,-1.138491392135620117e+00,2.532055377960205078e-01,-9.383621811866760254e-01,1.205254569649696350e-01,1.191616535186767578e+00,8.121502399444580078e-02,7.612307667732238770e-01,-2.176472842693328857e-01,-7.351210340857505798e-03,1.399281341582536697e-02,4.116773307323455811e-01,-3.868958055973052979e-01,1.045341566205024719e-01,-2.526358962059020996e-01,-7.455026358366012573e-02,-1.330359578132629395e-01,4.804206788539886475e-01,-2.363396286964416504e-01,3.269952535629272461e-02
-1.949297040700912476e-01,3.046880662441253662e-01,5.287198424339294434e-01,-3.164897486567497253e-02,-1.074573956429958344e-02,-9.992493987083435059e-01,1.958390325307846069e-02,4.360899329185485840e-02,1.507714837789535522e-01,4.536316916346549988e-02,-1.103213310241699219e+00,3.055905699729919434e-01,-1.035466790199279785e+00,5.058308318257331848e-02,1.188407897949218750e+00,8.856245875358581543e-02,8.310436606407165527e-01,-1.983427703380584717e-01,-6.103449501097202301e-03,1.703548245131969452e-02,3.411783277988433838e-01,-3.712825179100036621e-01,1.104440242052078247e-01,-2.455238401889801025e-01,-6.532406806945800781e-02,-1.273291110992431641e-01,4.254655838012695312e-01,-2.266860753297805786e-01,2.315266616642475128e-02
-1.965925395488739014e-01,3.040329217910766602e-01,5.297790169715881348e-01,-2.437311224639415741e-02,-1.140223722904920578e-02,-9.995518326759338379e-01,1.311874017119407654e-02,5.113295093178749084e-02,1.251108646392822266e-01,-2.061380632221698761e-02,-1.072337269783020020e+00,3.350861668586730957e-01,-1.116033196449279785e+00,-1.316651422530412674e-02,1.182122349739074707e+00,9.985309839248657227e-02,8.945276737213134766e-01,-1.827885210514068604e-01,-6.443913094699382782e-03,2.904127724468708038e-02,2.977447509765625000e-01,-3.676013648509979248e-01,1.151795238256454468e-01,-2.452645450830459595e-01,-6.134709715843200684e-02,-1.116593554615974426e-01,3.967978656291961670e-01,-2.257351428270339966e-01,2.012756653130054474e-02
-1.982954889535903931e-01,3.033931851387023926e-01,5.298513770103454590e-01,-1.756210066378116608e-02,-1.089035719633102417e-02,-9.997560977935791016e-01,7.791634183377027512e-03,6.443545222282409668e-02,1.185762509703636169e-01,-8.027168363332748413e-02,-1.041404604911804199e+00,3.460805118083953857e-01,-1.181243658065795898e+00,-8.421749621629714966e-02,1.177354574203491211e+00,1.126723662018775940e-01,9.344109296798706055e-01,-1.865499466657638550e-01,-4.208464175462722778e-03,3.735160827636718750e-02,2.884374260902404785e-01,-3.699768781661987305e-01,1.147356107831001282e-01,-2.570087015628814697e-01,-5.741292983293533325e-02,-9.955503791570663452e-02,3.918004035949707031e-01,-2.252517193555831909e-01,1.917751319706439972e-02
-2.009000480175018311e-01,3.024789988994598389e-01,5.298808813095092773e-01,-1.316327322274446487e-02,-9.279710240662097931e-03,-9.998665452003479004e-01,2.729933708906173706e-03,7.646600902080535889e-02,1.081513166427612305e-01,-1.280749887228012085e-01,-1.012801885604858398e+00,3.541152477264404297e-01,-1.204528450965881348e+00,-1.503536701202392578e-01,1.184167146682739258e+00,1.204343959689140320e-01,9.443886280059814453e-01,-1.866693347692489624e-01,-1.984112168429419398e-04,4.791465029120445251e-02,2.849647104740142822e-01,-3.758791685104370117e-01,1.105263680219650269e-01,-2.631581127643585205e-01,-5.252761766314506531e-02,-9.131884574890136719e-02,3.912374377250671387e-01,-2.256797403097152710e-01,2.454820275306701660e-02
-2.037436962127685547e-01,3.016315996646881104e-01,5.299251079559326172e-01,-9.950957261025905609e-03,-8.658536709845066071e-03,-9.999095201492309570e-01,-2.643477870151400566e-03,8.539801090955734253e-02,1.046194508671760559e-01,-1.531561613082885742e-01,-9.957714080810546875e-01,3.553024828433990479e-01,-1.199777483940124512e+00,-1.898673027753829956e-01,1.188698410987854004e+00,1.313731670379638672e-01,9.477471113204956055e-01,-1.857969313859939575e-01,1.143633038736879826e-03,5.647925660014152527e-02,2.862574160099029541e-01,-3.813141286373138428e-01,1.132505908608436584e-01,-2.664789259433746338e-01,-4.952263832092285156e-02,-8.122932910919189453e-02,3.908134996891021729e-01,-2.256469279527664185e-01,2.605813927948474884e-02
-2.072037160396575928e-01,3.004717826843261719e-01,5.301731228828430176e-01,-8.372358046472072601e-03,-8.628848008811473846e-03,-9.998923540115356445e-01,-8.409679867327213287e-03,9.666581451892852783e-02,1.018369793891906738e-01,-1.621361672878265381e-01,-9.880777001380920410e-01,3.630987405776977539e-01,-1.167878389358520508e+00,-2.120082527399063110e-01,1.198349118232727051e+00,1.435848474502563477e-01,9.444310069084167480e-01,-1.795732975006103516e-01,2.524102455936372280e-04,6.654159724712371826e-02,2.864159643650054932e-01,-3.864249587059020996e-01,1.169753819704055786e-01,-2.627402544021606445e-01,-4.826675727963447571e-02,-7.000849395990371704e-02,3.861574828624725342e-01,-2.272135913372039795e-01,2.438814379274845123e-02
-2.109340429306030273e-01,2.993901371955871582e-01,5.304580926895141602e-01,-8.191028609871864319e-03,-9.108671918511390686e-03,-9.998289942741394043e-01,-1.385312620550394058e-02,1.066008657217025757e-01,1.011631116271018982e-01,-1.544353961944580078e-01,-9.892409443855285645e-01,3.625926375389099121e-01,-1.128131628036499023e+00,-2.131231725215911865e-01,1.208649158477783203e+00,1.598202139139175415e-01,9.467228055000305176e-01,-1.641402393579483032e-01,-2.339586615562438965e-03,7.730954885482788086e-02,2.774016261100769043e-01,-3.907713890075683594e-01,1.189086586236953735e-01,-2.540333271026611328e-01,-4.833779856562614441e-02,-5.841431766748428345e-02,3.800790905952453613e-01,-2.270985543727874756e-01,2.171138301491737366e-02
-2.143044769763946533e-01,2.984262704849243164e-01,5.306797623634338379e-01,-5.283346399664878845e-03,-9.362509474158287048e-03,-9.998049139976501465e-01,-1.656877994537353516e-02,1.099577695131301880e-01,9.311001002788543701e-02,-1.478727161884307861e-01,-9.870141744613647461e-01,3.630927205085754395e-01,-1.085422515869140625e+00,-2.122043073177337646e-01,1.218125700950622559e+00,1.635871827602386475e-01,9.421882629394531250e-01,-1.597041785717010498e-01,-4.199785646051168442e-03,8.434610813856124878e-02,2.736393213272094727e-01,-3.942508995532989502e-01,1.207277551293373108e-01,-2.520371675491333008e-01,-4.894922673702239990e-02,-5.197504907846450806e-02,3.755162358283996582e-01,-2.302381545305252075e-01,1.827362924814224243e-02
-2.174542397260665894e-01,2.978243529796600342e-01,5.305997133255004883e-01,-3.713227575644850731e-03,-9.242619387805461884e-03,-9.997922778129577637e-01,-1.778028160333633423e-02,1.080777049064636230e-01,1.018974632024765015e-01,-1.358193755149841309e-01,-9.842684864997863770e-01,3.550380468368530273e-01,-1.036461114883422852e+00,-1.981183737516403198e-01,1.220598220825195312e+00,1.602371931076049805e-01,9.331534504890441895e-01,-1.580630242824554443e-01,-4.680751822888851166e-03,8.733253180980682373e-02,2.780193686485290527e-01,-4.024342894554138184e-01,1.200673729181289673e-01,-2.496018260717391968e-01,-4.991893097758293152e-02,-5.058501660823822021e-02,3.760555386543273926e-01,-2.368985414505004883e-01,2.093697339296340942e-02
-2.208960056304931641e-01,2.971423864364624023e-01,5.304202437400817871e-01,-7.340586162172257900e-04,-8.639577776193618774e-03,-9.998079538345336914e-01,-1.757367700338363647e-02,1.067373901605606079e-01,1.011327877640724182e-01,-1.130562871694564819e-01,-9.850700497627258301e-01,3.503350019454956055e-01,-9.970365762710571289e-01,-1.775497794151306152e-01,1.221858739852905273e+00,1.578440070152282715e-01,9.229027032852172852e-01,-1.587816774845123291e-01,-5.163885653018951416e-03,8.679152280092239380e-02,2.807651758193969727e-01,-4.103465676307678223e-01,1.234649270772933960e-01,-2.520441710948944092e-01,-5.030935630202293396e-02,-5.050401017069816589e-02,3.820612430572509766e-01,-2.446936219930648804e-01,2.183536626398563385e-02
-2.239767014980316162e-01,2.965320050716400146e-01,5.302811861038208008e-01,2.575294114649295807e-03,-9.005038999021053314e-03,-9.997954964637756348e-01,-1.792170293629169464e-02,9.790270030498504639e-02,1.008529663085937500e-01,-7.747653126716613770e-02,-9.952872395515441895e-01,3.396241962909698486e-01,-9.602938890457153320e-01,-1.487895995378494263e-01,1.225233674049377441e+00,1.482923626899719238e-01,9.138135910034179688e-01,-1.579505056142807007e-01,-8.063732646405696869e-03,8.642283082008361816e-02,2.786472141742706299e-01,-4.155386388301849365e-01,1.263595819473266602e-01,-2.552599608898162842e-01,-5.267155170440673828e-02,-5.138345062732696533e-02,3.860085904598236084e-01,-2.492365837097167969e-01,2.350646443665027618e-02
-2.271319031715393066e-01,2.963355481624603271e-01,5.301545262336730957e-01,5.637508817017078400e-03,-9.089504368603229523e-03,-9.997575879096984863e-01,-1.924607157707214355e-02,9.569737315177917480e-02,9.780332446098327637e-02,-3.054749593138694763e-02,-1.008485317230224609e+00,3.188765347003936768e-01,-9.325278401374816895e-01,-1.109681949019432068e-01,1.232026338577270508e+00,1.359157413244247437e-01,9.081436991691589355e-01,-1.572744548320770264e-01,-8.409585803747177124e-03,8.815329521894454956e-02,2.787964642047882080e-01,-4.214654862880706787e-01,1.274240911006927490e-01,-2.586038708686828613e-01,-5.295881256461143494e-02,-5.023502930998802185e-02,3.907523155212402344e-01,-2.535657584667205811e-01,2.245171368122100830e-02
-2.303661257028579712e-01,2.959140539169311523e-01,5.301002860069274902e-01,1.014354173094034195e-02,-8.667534217238426208e-03,-9.997200965881347656e-01,-1.953752338886260986e-02,9.769628196954727173e-02,9.713946282863616943e-02,1.849418878555297852e-02,-1.020626902580261230e+00,2.977637350559234619e-01,-9.171552062034606934e-01,-6.541083008050918579e-02,1.235560297966003418e+00,1.238335892558097839e-01,9.177402257919311523e-01,-1.608968228101730347e-01,-8.621822111308574677e-03,8.864151686429977417e-02,2.801588475704193115e-01,-4.244832396507263184e-01,1.286864280700683594e-01,-2.612004578113555908e-01,-5.293416231870651245e-02,-5.016850307583808899e-02,3.894883990287780762e-01,-2.581681907176971436e-01,2.210308983922004700e-02
-2.333636432886123657e-01,2.955533862113952637e-01,5.301391482353210449e-01,1.524065621197223663e-02,-8.799489587545394897e-03,-9.996659159660339355e-01,-1.892939768731594086e-02,8.687192946672439575e-02,9.179101139307022095e-02,7.292956858873367310e-02,-1.035221695899963379e+00,2.790199518203735352e-01,-9.244729876518249512e-01,-1.643648371100425720e-02,1.239727497100830078e+00,1.128818169236183167e-01,9.378492236137390137e-01,-1.668845266103744507e-01,-1.026289258152246475e-02,8.768402785062789917e-02,2.814058065414428711e-01,-4.279524683952331543e-01,1.317017525434494019e-01,-2.649911046028137207e-01,-5.456606298685073853e-02,-5.262155830860137939e-02,3.877142369747161865e-01,-2.603968381881713867e-01,2.438086643815040588e-02
-2.362790256738662720e-01,2.953200936317443848e-01,5.298596024513244629e-01,2.015566453337669373e-02,-8.463621139526367188e-03,-9.995793104171752930e-01,-1.906098425388336182e-02,8.971537649631500244e-02,9.003648161888122559e-02,1.342050135135650635e-01,-1.046297669410705566e+00,2.568435072898864746e-01,-9.445580244064331055e-01,3.254435956478118896e-02,1.245325922966003418e+00,9.950596839189529419e-02,9.612824916839599609e-01,-1.734872013330459595e-01,-9.729743935167789459e-03,8.824428915977478027e-02,2.850087285041809082e-01,-4.310060143470764160e-01,1.278269290924072266e-01,-2.727878093719482422e-01,-5.504038557410240173e-02,-5.384992063045501709e-02,3.926579952239990234e-01,-2.639892995357513428e-01,2.348700724542140961e-02
-2.390182912349700928e-01,2.948303222656250000e-01,5.292283296585083008e-01,2.575009874999523163e-02,-9.094076231122016907e-03,-9.994255900382995605e-01,-2.006790414452552795e-02,8.699677884578704834e-02,9.410057961940765381e-02,1.856572329998016357e-01,-1.061778664588928223e+00,2.445170730352401733e-01,-9.575317502021789551e-01,7.730550318956375122e-02,1.251261711120605469e+00,9.840401262044906616e-02,9.820773601531982422e-01,-1.835991442203521729e-01,-1.213064789772033691e-02,9.067852050065994263e-02,2.903182208538055420e-01,-4.335467815399169922e-01,1.290436685085296631e-01,-2.895335555076599121e-01,-5.746544525027275085e-02,-5.075336992740631104e-02,4.092092812061309814e-01,-2.602726221084594727e-01,2.575916424393653870e-02
-2.414648979902267456e-01,2.945907115936279297e-01,5.287617444992065430e-01,3.127111122012138367e-02,-9.168192744255065918e-03,-9.992703795433044434e-01,-1.991991512477397919e-02,8.757966011762619019e-02,9.646555036306381226e-02,2.270648628473281860e-01,-1.071111798286437988e+00,2.449034750461578369e-01,-9.631096720695495605e-01,1.169674992561340332e-01,1.255111455917358398e+00,9.879396855831146240e-02,9.938854575157165527e-01,-1.972263008356094360e-01,-1.338931452482938766e-02,8.780980855226516724e-02,2.990874350070953369e-01,-4.332019686698913574e-01,1.357135921716690063e-01,-3.059468567371368408e-01,-5.934139341115951538e-02,-5.173103511333465576e-02,4.243115782737731934e-01,-2.578561007976531982e-01,2.579155564308166504e-02
-2.436716705560684204e-01,2.944111526012420654e-01,5.280825495719909668e-01,3.574229404330253601e-02,-8.651965297758579254e-03,-9.991383552551269531e-01,-1.924118027091026306e-02,8.441603928804397583e-02,1.061708331108093262e-01,2.600487768650054932e-01,-1.081658601760864258e+00,2.512051463127136230e-01,-9.577932953834533691e-01,1.457486599683761597e-01,1.256047368049621582e+00,1.074825450778007507e-01,9.933514595031738281e-01,-2.096176296472549438e-01,-1.184323988854885101e-02,8.758454024791717529e-02,3.092660307884216309e-01,-4.297111034393310547e-01,1.316939741373062134e-01,-3.194115757942199707e-01,-6.105074658989906311e-02,-5.667273327708244324e-02,4.371519684791564941e-01,-2.518574595451354980e-01,2.323720417916774750e-02
-2.455371022224426270e-01,2.944689095020294189e-01,5.277380943298339844e-01,3.935910388827323914e-02,-8.399468846619129181e-03,-9.990109801292419434e-01,-1.890520937740802765e-02,8.596099168062210083e-02,1.176939532160758972e-01,2.821712195873260498e-01,-1.091556787490844727e+00,2.636381685733795166e-01,-9.402244687080383301e-01,1.704739928245544434e-01,1.256882071495056152e+00,1.217726692557334900e-01,9.879071712493896484e-01,-2.231525927782058716e-01,-1.025822386145591736e-02,8.618512004613876343e-02,3.262007534503936768e-01,-4.286293983459472656e-01,1.321970075368881226e-01,-3.282329440116882324e-01,-6.131776422262191772e-02,-5.821532756090164185e-02,4.443336427211761475e-01,-2.485653758049011230e-01,2.287668548524379730e-02
-2.469645291566848755e-01,2.945198714733123779e-01,5.275577306747436523e-01,4.527780413627624512e-02,-7.585711777210235596e-03,-9.987930655479431152e-01,-1.745727472007274628e-02,8.780611306428909302e-02,1.237765848636627197e-01,2.850846350193023682e-01,-1.103491902351379395e+00,2.833136916160583496e-01,-9.094794392585754395e-01,1.785524934530258179e-01,1.263129234313964844e+00,1.372428089380264282e-01,9.754893779754638672e-01,-2.373507767915725708e-01,-8.068135008215904236e-03,8.322814851999282837e-02,3.302419483661651611e-01,-4.228986203670501709e-01,1.306341588497161865e-01,-3.389253616333007812e-01,-6.024464219808578491e-02,-6.178820878267288208e-02,4.458304643630981445e-01,-2.454433292150497437e-01,2.575657889246940613e-02
-2.484497874975204468e-01,2.946646809577941895e-01,5.275491476058959961e-01,4.986577853560447693e-02,-6.840941961854696274e-03,-9.986279010772705078e-01,-1.445554755628108978e-02,8.647131919860839844e-02,1.299286186695098877e-01,2.777593433856964111e-01,-1.113613486289978027e+00,3.054844141006469727e-01,-8.670114278793334961e-01,1.828082799911499023e-01,1.262017488479614258e+00,1.590198278427124023e-01,9.569752216339111328e-01,-2.505770623683929443e-01,-6.650791503489017487e-03,7.723812758922576904e-02,3.384390473365783691e-01,-4.218655824661254883e-01,1.314168870449066162e-01,-3.400637209415435791e-01,-6.088113784790039062e-02,-7.031079381704330444e-02,4.380062520503997803e-01,-2.473037689924240112e-01,2.216710522770881653e-02
-2.496600896120071411e-01,2.950137853622436523e-01,5.274550318717956543e-01,5.583007633686065674e-02,-5.148731172084808350e-03,-9.983789324760437012e-01,-9.799909777939319611e-03,9.842263162136077881e-02,1.320237517356872559e-01,2.686500847339630127e-01,-1.117006063461303711e+00,3.196259438991546631e-01,-8.338572382926940918e-01,1.765766441822052002e-01,1.261432051658630371e+00,1.807830184698104858e-01,9.460967779159545898e-01,-2.718282639980316162e-01,-2.943886211141943932e-03,6.859552115201950073e-02,3.527243733406066895e-01,-4.215168058872222900e-01,1.305055022239685059e-01,-3.402901589870452881e-01,-5.956969782710075378e-02,-8.582326769828796387e-02,4.248534739017486572e-01,-2.537120282649993896e-01,1.874302141368389130e-02
-2.506980895996093750e-01,2.952099144458770752e-01,5.272803902626037598e-01,6.079398468136787415e-02,-2.798926318064332008e-03,-9.981440901756286621e-01,-2.142030047252774239e-03,1.342072635889053345e-01,1.286798566579818726e-01,2.598028182983398438e-01,-1.114544868469238281e+00,3.277977406978607178e-01,-8.070674538612365723e-01,1.679118275642395020e-01,1.263753652572631836e+00,2.047716528177261353e-01,9.323501586914062500e-01,-3.004768490791320801e-01,2.661270089447498322e-03,6.608719378709793091e-02,3.802015781402587891e-01,-4.197317361831665039e-01,1.268447339534759521e-01,-3.366558551788330078e-01,-6.002405658364295959e-02,-1.121235787868499756e-01,4.121119379997253418e-01,-2.641856372356414795e-01,1.442738994956016541e-02
-2.517880797386169434e-01,2.941067218780517578e-01,5.265601277351379395e-01,6.300824880599975586e-02,-4.565453564282506704e-04,-9.979385137557983398e-01,1.218288671225309372e-02,1.940678060054779053e-01,1.350848972797393799e-01,2.583822906017303467e-01,-1.111193060874938965e+00,3.342482745647430420e-01,-7.944443225860595703e-01,1.594462990760803223e-01,1.261712074279785156e+00,2.261683046817779541e-01,9.202669262886047363e-01,-3.368987441062927246e-01,1.152136083692312241e-02,9.291071444749832153e-02,4.283324480056762695e-01,-4.163771867752075195e-01,1.191878914833068848e-01,-3.257461786270141602e-01,-6.695909053087234497e-02,-1.481299102306365967e-01,4.035569429397583008e-01,-2.818085253238677979e-01,6.736210547387599945e-03
-2.523907124996185303e-01,2.901261746883392334e-01,5.249447822570800781e-01,6.272462755441665649e-02,3.590674605220556259e-03,-9.970573782920837402e-01,4.392363876104354858e-02,2.443472146987915039e-01,1.473213583230972290e-01,2.490568906068801880e-01,-1.093325138092041016e+00,3.363135755062103271e-01,-8.047721982002258301e-01,1.682854294776916504e-01,1.276592373847961426e+00,2.197938263416290283e-01,9.085651040077209473e-01,-3.798025250434875488e-01,3.991835936903953552e-02,1.925359666347503662e-01,4.928271174430847168e-01,-4.144254326820373535e-01,1.105177477002143860e-01,-3.099886775016784668e-01,-8.398490399122238159e-02,-2.068143784999847412e-01,4.121668934822082520e-01,-3.050139546394348145e-01,7.487216498702764511e-04
-2.518114447593688965e-01,2.846462130546569824e-01,5.236037373542785645e-01,5.985895916819572449e-02,7.338238414376974106e-03,-9.944750070571899414e-01,8.592151850461959839e-02,2.887229621410369873e-01,1.710637360811233521e-01,2.374177873134613037e-01,-1.074673175811767578e+00,3.380604684352874756e-01,-8.260806798934936523e-01,1.817879825830459595e-01,1.290635466575622559e+00,2.190574556589126587e-01,8.907001018524169922e-01,-3.960751891136169434e-01,7.167896628379821777e-02,3.385561406612396240e-01,5.171415805816650391e-01,-4.160057902336120605e-01,1.264294832944869995e-01,-2.905994355678558350e-01,-1.078211218118667603e-01,-2.791467905044555664e-01,4.330677688121795654e-01,-3.265509009361267090e-01,-3.832848044112324715e-03
-2.503524124622344971e-01,2.781402170658111572e-01,5.218842625617980957e-01,5.590830743312835693e-02,1.035871356725692749e-02,-9.895108342170715332e-01,1.327977776527404785e-01,3.321136832237243652e-01,1.916589885950088501e-01,2.230433076620101929e-01,-1.062083482742309570e+00,3.334287106990814209e-01,-8.487447500228881836e-01,1.937638372182846069e-01,1.299471378326416016e+00,2.069973945617675781e-01,8.632330298423767090e-01,-3.912373483180999756e-01,7.681129872798919678e-02,4.644256234169006348e-01,5.180100202560424805e-01,-4.305320382118225098e-01,1.694351881742477417e-01,-2.777099907398223877e-01,-1.411076486110687256e-01,-3.598400652408599854e-01,4.783449172973632812e-01,-3.417544662952423096e-01,-6.499175447970628738e-03
-2.505744695663452148e-01,2.734221518039703369e-01,5.200397372245788574e-01,5.127649754285812378e-02,1.159089896827936172e-02,-9.828352928161621094e-01,1.768364161252975464e-01,3.762404322624206543e-01,1.999228000640869141e-01,2.077360451221466064e-01,-1.046052694320678711e+00,3.296912610530853271e-01,-8.820481896400451660e-01,2.045838832855224609e-01,1.308703303337097168e+00,1.819535344839096069e-01,8.380871415138244629e-01,-3.790908455848693848e-01,4.762331396341323853e-02,4.756456315517425537e-01,5.039190053939819336e-01,-4.570047557353973389e-01,2.006159424781799316e-01,-2.696015834808349609e-01,-1.815357208251953125e-01,-4.330039918422698975e-01,5.440497994422912598e-01,-3.390851020812988281e-01,-1.219203788787126541e-02
-2.560568153858184814e-01,2.684163153171539307e-01,5.171467661857604980e-01,4.220737144351005554e-02,8.128374814987182617e-03,-9.748629331588745117e-01,2.186200767755508423e-01,4.055230617523193359e-01,2.079787403345108032e-01,2.042392194271087646e-01,-1.030974864959716797e+00,3.309292197227478027e-01,-9.230504631996154785e-01,2.258684486150741577e-01,1.317726850509643555e+00,1.535240709781646729e-01,8.117955923080444336e-01,-3.555732369422912598e-01,2.696618204936385155e-03,3.673269152641296387e-01,5.018784999847412109e-01,-4.763351976871490479e-01,2.113133519887924194e-01,-2.544176280498504639e-01,-2.383537888526916504e-01,-4.884240627288818359e-01,6.394468545913696289e-01,-3.158925771713256836e-01,-1.220750343054533005e-02
-2.601185739040374756e-01,2.591671347618103027e-01,5.128149986267089844e-01,3.101823478937149048e-02,3.204478416591882706e-03,-9.643719792366027832e-01,2.627058029174804688e-01,4.438857138156890869e-01,2.246772646903991699e-01,2.080718725919723511e-01,-1.016534686088562012e+00,3.256530463695526123e-01,-9.546101689338684082e-01,2.491925060749053955e-01,1.328274726867675781e+00,1.337365806102752686e-01,7.854229211807250977e-01,-3.242010176181793213e-01,-4.564176127314567566e-02,2.703131735324859619e-01,5.029360055923461914e-01,-4.867308735847473145e-01,2.116800695657730103e-01,-2.451597154140472412e-01,-3.178667426109313965e-01,-5.178827643394470215e-01,7.646703720092773438e-01,-2.521828114986419678e-01,-1.240616012364625931e-02
-2.611316442489624023e-01,2.488912045955657959e-01,5.092462301254272461e-01,2.213629335165023804e-02,-7.509725401178002357e-04,-9.499227404594421387e-01,3.116988837718963623e-01,4.707441329956054688e-01,2.346009761095046997e-01,2.116633951663970947e-01,-9.944308400154113770e-01,3.163905739784240723e-01,-9.842505455017089844e-01,2.651439309120178223e-01,1.339276671409606934e+00,1.193132102489471436e-01,7.608338594436645508e-01,-2.946096360683441162e-01,-9.206005930900573730e-02,1.753694117069244385e-01,4.971421658992767334e-01,-4.919746816158294678e-01,2.304944247007369995e-01,-2.611210346221923828e-01,-3.919836878776550293e-01,-5.064836740493774414e-01,8.983463644981384277e-01,-1.843410581350326538e-01,-2.267671190202236176e-02
-2.645467817783355713e-01,2.430754899978637695e-01,5.079516768455505371e-01,1.195923797786235809e-02,-6.689179688692092896e-03,-9.315041899681091309e-01,3.634724020957946777e-01,5.087178349494934082e-01,2.477459162473678589e-01,2.190738469362258911e-01,-9.864123463630676270e-01,2.913741469383239746e-01,-9.926890134811401367e-01,2.787888944149017334e-01,1.346901774406433105e+00,1.345280259847640991e-01,7.452331781387329102e-01,-2.679308652877807617e-01,-1.290440708398818970e-01,7.414164394140243530e-02,5.020828843116760254e-01,-5.014088153839111328e-01,2.467261552810668945e-01,-2.754271030426025391e-01,-4.023086726665496826e-01,-4.619537889957427979e-01,9.852762818336486816e-01,-1.502810567617416382e-01,-4.581191763281822205e-02
-2.731446027755737305e-01,2.422982603311538696e-01,5.092809200286865234e-01,3.798638703301548958e-03,-1.331345736980438232e-02,-9.095093011856079102e-01,4.154529869556427002e-01,5.585392713546752930e-01,2.646062672138214111e-01,2.237086296081542969e-01,-9.862980842590332031e-01,2.536627054214477539e-01,-9.736427664756774902e-01,2.811087071895599365e-01,1.339827656745910645e+00,1.747553795576095581e-01,7.367641329765319824e-01,-2.388252168893814087e-01,-1.509214490652084351e-01,-2.650670707225799561e-02,4.986813664436340332e-01,-5.003737807273864746e-01,2.390489727258682251e-01,-3.021208047866821289e-01,-3.663998246192932129e-01,-4.105179905891418457e-01,1.030619025230407715e+00,-1.890547275543212891e-01,-5.408161506056785583e-02
-2.860559821128845215e-01,2.425664812326431274e-01,5.112619400024414062e-01,-7.380489842034876347e-04,-2.280048653483390808e-02,-8.845402598381042480e-01,4.659056663513183594e-01,6.148476004600524902e-01,2.877375483512878418e-01,2.264138758182525635e-01,-1.002801179885864258e+00,1.986747086048126221e-01,-9.360702037811279297e-01,2.746737003326416016e-01,1.317594766616821289e+00,2.173653095960617065e-01,7.344260811805725098e-01,-2.130978554487228394e-01,-1.702592521905899048e-01,-1.356192976236343384e-01,4.963156580924987793e-01,-4.892398118972778320e-01,2.178814560174942017e-01,-3.297382295131683350e-01,-3.016302585601806641e-01,-3.491917550563812256e-01,1.026527285575866699e+00,-2.356463372707366943e-01,-5.946794524788856506e-02
-2.996450662612915039e-01,2.416054606437683105e-01,5.140679478645324707e-01,-2.154721878468990326e-03,-2.952569536864757538e-02,-8.563254475593566895e-01,5.155873298645019531e-01,6.701211333274841309e-01,3.019193112850189209e-01,2.227431237697601318e-01,-1.022492408752441406e+00,1.435178071260452271e-01,-8.859383463859558105e-01,2.615177035331726074e-01,1.290120601654052734e+00,2.675110101699829102e-01,7.366030216217041016e-01,-1.945848166942596436e-01,-1.785077899694442749e-01,-2.321088761091232300e-01,4.867608845233917236e-01,-4.709353148937225342e-01,1.795925050973892212e-01,-3.517353236675262451e-01,-2.264975905418395996e-01,-2.797654569149017334e-01,9.716077446937561035e-01,-2.727351188659667969e-01,-6.496926397085189819e-02
-3.129618763923645020e-01,2.383662760257720947e-01,5.172536969184875488e-01,-4.192044958472251892e-03,-3.161507472395896912e-02,-8.234496712684631348e-01,5.664922595024108887e-01,7.081249952316284180e-01,3.131190538406372070e-01,2.215752005577087402e-01,-1.033694505691528320e+00,8.771901577711105347e-02,-8.451946377754211426e-01,2.529236674308776855e-01,1.275256276130676270e+00,2.977279722690582275e-01,7.403131127357482910e-01,-1.797501891851425171e-01,-1.759544014930725098e-01,-3.354384005069732666e-01,4.799537062644958496e-01,-4.555999934673309326e-01,1.455643922090530396e-01,-3.585091233253479004e-01,-1.384031474590301514e-01,-1.926872432231903076e-01,8.778610229492187500e-01,-3.039403557777404785e-01,-7.868395745754241943e-02
-3.239218890666961670e-01,2.324871420860290527e-01,5.202622413635253906e-01,-5.240742582827806473e-03,-3.402064740657806396e-02,-7.844890356063842773e-01,6.191865801811218262e-01,7.321078181266784668e-01,3.224933445453643799e-01,2.161627411842346191e-01,-1.040721774101257324e+00,5.592488870024681091e-02,-8.098332285881042480e-01,2.522898018360137939e-01,1.259381771087646484e+00,3.084043860435485840e-01,7.503743767738342285e-01,-1.639732569456100464e-01,-1.809009909629821777e-01,-4.531641006469726562e-01,4.686906039714813232e-01,-4.422102570533752441e-01,1.222099661827087402e-01,-3.463154137134552002e-01,-4.928476363420486450e-02,-5.891950801014900208e-02,7.666985988616943359e-01,-3.150119185447692871e-01,-7.425878196954727173e-02
-3.302083611488342285e-01,2.247378975152969360e-01,5.228200554847717285e-01,-5.629837047308683395e-03,-3.570317849516868591e-02,-7.402251958847045898e-01,6.713868379592895508e-01,7.406254410743713379e-01,3.353370130062103271e-01,2.091277390718460083e-01,-1.039587855339050293e+00,3.614694625139236450e-02,-7.772982120513916016e-01,2.586573362350463867e-01,1.243968963623046875e+00,3.071953058242797852e-01,7.647814154624938965e-01,-1.493122130632400513e-01,-1.914141029119491577e-01,-5.740376710891723633e-01,4.552201628684997559e-01,-4.291974306106567383e-01,1.043137684464454651e-01,-3.120362460613250732e-01,4.467482119798660278e-02,1.442503333091735840e-01,6.579558849334716797e-01,-3.142974972724914551e-01,-4.906854778528213501e-02
-3.325198590755462646e-01,2.180869728326797485e-01,5.240083932876586914e-01,-4.485197365283966064e-03,-3.705602511763572693e-02,-6.932217478752136230e-01,7.197571396827697754e-01,7.468279600143432617e-01,3.427500426769256592e-01,2.037301808595657349e-01,-1.023001551628112793e+00,3.798905760049819946e-02,-7.519168853759765625e-01,2.613560259342193604e-01,1.228376746177673340e+00,2.974083721637725830e-01,7.680795788764953613e-01,-1.452087759971618652e-01,-2.062171250581741333e-01,-6.898312568664550781e-01,4.501850903034210205e-01,-4.160525500774383545e-01,9.528630226850509644e-02,-2.592898905277252197e-01,1.221992224454879761e-01,3.956198096275329590e-01,5.849658846855163574e-01,-3.133872151374816895e-01,-1.119766943156719208e-02
-3.318921625614166260e-01,2.167454957962036133e-01,5.252753496170043945e-01,-3.376152133569121361e-03,-3.648070991039276123e-02,-6.461424827575683594e-01,7.623369693756103516e-01,7.356256842613220215e-01,3.480019271373748779e-01,1.993898451328277588e-01,-9.985642433166503906e-01,4.292960837483406067e-02,-7.305120825767517090e-01,2.637892365455627441e-01,1.215294361114501953e+00,2.907020449638366699e-01,7.683440446853637695e-01,-1.569252610206604004e-01,-2.182717621326446533e-01,-7.925140857696533203e-01,4.514652788639068604e-01,-4.030877053737640381e-01,7.286042720079421997e-02,-1.960892975330352783e-01,1.686250865459442139e-01,6.013352274894714355e-01,5.636671185493469238e-01,-3.527958989143371582e-01,3.789117187261581421e-02
-3.361816704273223877e-01,2.186215817928314209e-01,5.258284807205200195e-01,-2.418946009129285812e-03,-3.528044000267982483e-02,-6.067463159561157227e-01,7.941085100173950195e-01,7.328461408615112305e-01,3.547953665256500244e-01,2.082615494728088379e-01,-9.787971973419189453e-01,3.083640523254871368e-02,-7.110661864280700684e-01,2.661887109279632568e-01,1.203301072120666504e+00,2.835839688777923584e-01,7.649111151695251465e-01,-1.795523315668106079e-01,-2.227379232645034790e-01,-8.623938560485839844e-01,4.566718041896820068e-01,-3.883365690708160400e-01,4.572432115674018860e-02,-1.667946130037307739e-01,1.685820221900939941e-01,6.102709770202636719e-01,5.432115793228149414e-01,-3.959544897079467773e-01,6.112584099173545837e-02
-3.458250761032104492e-01,2.179316729307174683e-01,5.247587561607360840e-01,-1.421386376023292542e-03,-3.325079753994941711e-02,-5.735145807266235352e-01,8.185189962387084961e-01,7.339208722114562988e-01,3.534681200981140137e-01,2.332555204629898071e-01,-9.637258648872375488e-01,-9.140377864241600037e-03,-6.980220079421997070e-01,2.606401443481445312e-01,1.198340654373168945e+00,2.943058013916015625e-01,7.462992668151855469e-01,-2.067466080188751221e-01,-2.105126827955245972e-01,-8.925503492355346680e-01,4.594993889331817627e-01,-3.714828491210937500e-01,2.229611203074455261e-02,-1.666213572025299072e-01,1.612214744091033936e-01,5.031226277351379395e-01,5.177161097526550293e-01,-3.931559026241302490e-01,2.694926410913467407e-02
-3.530135154724121094e-01,2.173622995615005493e-01,5.241639614105224609e-01,4.089531488716602325e-03,-3.013234026730060577e-02,-5.389133691787719727e-01,8.418121933937072754e-01,7.305418848991394043e-01,3.500685095787048340e-01,2.551960945129394531e-01,-9.714692831039428711e-01,-5.491875857114791870e-02,-6.785730719566345215e-01,2.484444826841354370e-01,1.189114451408386230e+00,3.066605925559997559e-01,7.222459316253662109e-01,-2.482410967350006104e-01,-2.011988759040832520e-01,-8.507305383682250977e-01,4.466901123523712158e-01,-3.201685249805450439e-01,1.452512387186288834e-02,-1.778499335050582886e-01,1.597719043493270874e-01,4.284832477569580078e-01,5.070565938949584961e-01,-3.766922056674957275e-01,4.505455959588289261e-03
-3.568280041217803955e-01,2.180804014205932617e-01,5.243080258369445801e-01,8.387371897697448730e-03,-2.841177955269813538e-02,-4.998301267623901367e-01,8.656166791915893555e-01,7.145380377769470215e-01,3.488151133060455322e-01,2.818418443202972412e-01,-9.881857037544250488e-01,-9.831933677196502686e-02,-6.631920933723449707e-01,2.387361675500869751e-01,1.185390472412109375e+00,3.218363225460052490e-01,6.872242689132690430e-01,-2.977637946605682373e-01,-1.810402274131774902e-01,-7.124790549278259277e-01,4.244177937507629395e-01,-2.631261944770812988e-01,2.553809061646461487e-02,-1.766254752874374390e-01,1.485469490289688110e-01,3.506529629230499268e-01,4.868994057178497314e-01,-3.637322783470153809e-01,-2.443249803036451340e-03
-3.582956492900848389e-01,2.230247557163238525e-01,5.255401730537414551e-01,1.237631868571043015e-02,-2.794407308101654053e-02,-4.588527381420135498e-01,8.879865407943725586e-01,6.946632266044616699e-01,3.484348654747009277e-01,3.108118474483489990e-01,-1.012483716011047363e+00,-1.373227834701538086e-01,-6.444436907768249512e-01,2.370077371597290039e-01,1.185265541076660156e+00,3.321068286895751953e-01,6.628199815750122070e-01,-3.426505923271179199e-01,-1.469156146049499512e-01,-4.919061064720153809e-01,4.024859666824340820e-01,-2.360654771327972412e-01,5.939360335469245911e-02,-1.628651469945907593e-01,1.195358559489250183e-01,2.686722874641418457e-01,4.451054334640502930e-01,-3.516770005226135254e-01,-5.949432495981454849e-03
-3.618111610412597656e-01,2.288729995489120483e-01,5.278778076171875000e-01,1.836869306862354279e-02,-2.688611112534999847e-02,-4.192394614219665527e-01,9.072915911674499512e-01,6.702464818954467773e-01,3.506298959255218506e-01,3.401704430580139160e-01,-1.042788863182067871e+00,-1.665321588516235352e-01,-6.352761983871459961e-01,2.371972054243087769e-01,1.188252210617065430e+00,3.282818496227264404e-01,6.659009456634521484e-01,-3.657713234424591064e-01,-1.166218370199203491e-01,-2.854465544223785400e-01,4.032356739044189453e-01,-2.763158082962036133e-01,1.021375507116317749e-01,-1.519704759120941162e-01,8.581080287694931030e-02,1.921913921833038330e-01,4.015671908855438232e-01,-3.387493789196014404e-01,-5.003504455089569092e-03
-3.658677935600280762e-01,2.339934110641479492e-01,5.290538668632507324e-01,2.271609567105770111e-02,-2.415054291486740112e-02,-3.791745305061340332e-01,9.247310161590576172e-01,6.356071829795837402e-01,3.584245443344116211e-01,3.515102267265319824e-01,-1.062058806419372559e+00,-1.769194155931472778e-01,-6.031684875488281250e-01,2.278123348951339722e-01,1.180418491363525391e+00,3.179417848587036133e-01,6.555309295654296875e-01,-3.721533715724945068e-01,-9.734653681516647339e-02,-1.407333314418792725e-01,4.295065701007843018e-01,-3.229659199714660645e-01,1.276537328958511353e-01,-1.537488251924514771e-01,5.881198123097419739e-02,1.110933721065521240e-01,3.818254172801971436e-01,-3.353359699249267578e-01,-3.369683690834790468e-04
-3.696091473102569580e-01,2.383719682693481445e-01,5.290557146072387695e-01,2.299198321998119354e-02,-2.071971073746681213e-02,-3.380931019783020020e-01,9.406036138534545898e-01,5.883231759071350098e-01,3.389385342597961426e-01,3.616933524608612061e-01,-1.073502540588378906e+00,-1.808766126632690430e-01,-5.786264538764953613e-01,2.276275604963302612e-01,1.192184448242187500e+00,2.861986756324768066e-01,6.515221595764160156e-01,-3.667091429233551025e-01,-6.806336343288421631e-02,-2.105354517698287964e-02,4.725248813629150391e-01,-3.628014624118804932e-01,1.413197219371795654e-01,-1.540385931730270386e-01,4.183056205511093140e-02,2.989091537892818451e-02,3.690078556537628174e-01,-3.381479978561401367e-01,1.623157295398414135e-03
-3.723787963390350342e-01,2.428108751773834229e-01,5.283628106117248535e-01,2.159382775425910950e-02,-1.773561164736747742e-02,-2.971233427524566650e-01,9.544301033020019531e-01,5.506601929664611816e-01,3.256069421768188477e-01,3.670584559440612793e-01,-1.082449436187744141e+00,-1.819846630096435547e-01,-5.495002269744873047e-01,2.271215319633483887e-01,1.209655404090881348e+00,2.524381279945373535e-01,6.398209929466247559e-01,-3.489921987056732178e-01,-3.211929649114608765e-02,7.835934311151504517e-02,5.180647373199462891e-01,-3.929080963134765625e-01,1.560027897357940674e-01,-1.544885635375976562e-01,2.650771848857402802e-02,-5.101123079657554626e-02,3.647417724132537842e-01,-3.448379039764404297e-01,6.573570892214775085e-03
-3.749959170818328857e-01,2.480805665254592896e-01,5.276675224304199219e-01,1.888274028897285461e-02,-1.443203724920749664e-02,-2.586262226104736328e-01,9.656850695610046387e-01,4.991046786308288574e-01,3.047828078269958496e-01,3.688539862632751465e-01,-1.092539072036743164e+00,-1.878285259008407593e-01,-5.228875279426574707e-01,2.237676233053207397e-01,1.231432199478149414e+00,2.241727709770202637e-01,6.280586719512939453e-01,-3.196765780448913574e-01,1.499384734779596329e-02,1.754534691572189331e-01,5.516075491905212402e-01,-4.243827164173126221e-01,1.707813441753387451e-01,-1.571762263774871826e-01,1.363911945372819901e-02,-1.278979629278182983e-01,3.647453486919403076e-01,-3.518040776252746582e-01,9.514378383755683899e-03
-3.782233893871307373e-01,2.539578676223754883e-01,5.267597436904907227e-01,1.758477464318275452e-02,-1.228436641395092010e-02,-2.235355824232101440e-01,9.744597077369689941e-01,4.480922818183898926e-01,2.959324419498443604e-01,3.676428794860839844e-01,-1.108658790588378906e+00,-1.911361515522003174e-01,-5.038886666297912598e-01,2.152828723192214966e-01,1.246393680572509766e+00,2.080318629741668701e-01,6.106046438217163086e-01,-2.811527848243713379e-01,5.444301292300224304e-02,2.570430338382720947e-01,5.689883232116699219e-01,-4.467666447162628174e-01,1.830675303936004639e-01,-1.652221828699111938e-01,-2.653067465871572495e-03,-1.913230270147323608e-01,3.742192387580871582e-01,-3.574012517929077148e-01,9.908827021718025208e-03
-3.826014697551727295e-01,2.593830525875091553e-01,5.256850123405456543e-01,1.617315411567687988e-02,-9.052205830812454224e-03,-1.913791745901107788e-01,9.813411831855773926e-01,3.984020054340362549e-01,2.790859341621398926e-01,3.628734350204467773e-01,-1.120311737060546875e+00,-1.856122612953186035e-01,-4.908600747585296631e-01,2.036833018064498901e-01,1.260208964347839355e+00,1.944855302572250366e-01,5.942001342773437500e-01,-2.466190010309219360e-01,7.922708988189697266e-02,3.019735813140869141e-01,5.724859237670898438e-01,-4.583621025085449219e-01,1.897585541009902954e-01,-1.816394180059432983e-01,-1.755454763770103455e-02,-2.486164420843124390e-01,3.904951810836791992e-01,-3.571711778640747070e-01,4.231743048876523972e-03
-3.867883384227752686e-01,2.644076049327850342e-01,5.246307849884033203e-01,1.389995496720075607e-02,-4.542903508991003036e-03,-1.600650250911712646e-01,9.869981408119201660e-01,3.482860922813415527e-01,2.683555781841278076e-01,3.483313322067260742e-01,-1.128446698188781738e+00,-1.654464751482009888e-01,-4.865254163742065430e-01,1.873140037059783936e-01,1.275868058204650879e+00,1.854397803544998169e-01,5.778746604919433594e-01,-2.171471118927001953e-01,8.843794465065002441e-02,3.164988160133361816e-01,5.541133284568786621e-01,-4.705310761928558350e-01,1.660508215427398682e-01,-2.009730786085128784e-01,-3.235848993062973022e-02,-3.048246204853057861e-01,4.104737937450408936e-01,-3.640926182270050049e-01,2.571824472397565842e-03
-3.904478847980499268e-01,2.687977552413940430e-01,5.247055292129516602e-01,1.325057726353406906e-02,5.940144183114171028e-04,-1.375776827335357666e-01,9.904021620750427246e-01,2.993143200874328613e-01,2.515289187431335449e-01,3.337468504905700684e-01,-1.142410397529602051e+00,-1.451794207096099854e-01,-4.859378933906555176e-01,1.704349219799041748e-01,1.291512012481689453e+00,1.828137189149856567e-01,5.768336653709411621e-01,-1.850655972957611084e-01,6.869165599346160889e-02,3.038969039916992188e-01,4.783504307270050049e-01,-4.875526130199432373e-01,1.389153301715850830e-01,-2.212337851524353027e-01,-4.958027973771095276e-02,-3.465903699398040771e-01,4.261854290962219238e-01,-3.663624525070190430e-01,4.580136388540267944e-03
-3.939710855484008789e-01,2.727540433406829834e-01,5.257725119590759277e-01,1.387780159711837769e-02,6.603844463825225830e-03,-1.176508665084838867e-01,9.929360747337341309e-01,2.690059840679168701e-01,2.388558685779571533e-01,3.131159842014312744e-01,-1.156025290489196777e+00,-1.153393164277076721e-01,-4.851631224155426025e-01,1.497518271207809448e-01,1.297665834426879883e+00,1.838485896587371826e-01,5.750577449798583984e-01,-1.666588038206100464e-01,3.822306916117668152e-02,2.743712365627288818e-01,3.901754319667816162e-01,-5.011014342308044434e-01,1.356165856122970581e-01,-2.435986101627349854e-01,-7.098331302404403687e-02,-3.830506801605224609e-01,4.429171085357666016e-01,-3.661113083362579346e-01,7.962101139128208160e-03
-3.973812758922576904e-01,2.752852141857147217e-01,5.265291333198547363e-01,1.344015263020992279e-02,1.172886323183774948e-02,-9.570534527301788330e-02,9.952498674392700195e-01,2.263372093439102173e-01,2.323028445243835449e-01,2.873646020889282227e-01,-1.168063044548034668e+00,-7.182722538709640503e-02,-4.824531972408294678e-01,1.334192007780075073e-01,1.304528474807739258e+00,1.736483722925186157e-01,5.759099125862121582e-01,-1.709594577550888062e-01,2.135083079338073730e-02,2.351477742195129395e-01,3.462182283401489258e-01,-5.019406080245971680e-01,1.437347829341888428e-01,-2.581475377082824707e-01,-8.905072510242462158e-02,-4.251722693443298340e-01,4.533349275588989258e-01,-3.585486114025115967e-01,1.453947648406028748e-02
-3.998713791370391846e-01,2.779333889484405518e-01,5.271597504615783691e-01,1.202002912759780884e-02,1.541044935584068298e-02,-7.586506009101867676e-02,9.969265460968017578e-01,1.859025806188583374e-01,2.233455181121826172e-01,2.668597400188446045e-01,-1.180024623870849609e+00,-2.578824758529663086e-02,-4.875063002109527588e-01,1.242115572094917297e-01,1.308735132217407227e+00,1.739214956760406494e-01,5.789923667907714844e-01,-1.803303062915802002e-01,9.820812381803989410e-03,1.954916864633560181e-01,3.215346932411193848e-01,-4.939352571964263916e-01,1.472966521978378296e-01,-2.659899592399597168e-01,-1.001023501157760620e-01,-4.521815478801727295e-01,4.596133828163146973e-01,-3.543364107608795166e-01,1.548830606043338776e-02
-4.017576277256011963e-01,2.809229493141174316e-01,5.275219082832336426e-01,1.191007252782583237e-02,1.951377280056476593e-02,-6.375744193792343140e-02,9.977035522460937500e-01,1.661999970674514771e-01,2.168720662593841553e-01,2.585885822772979736e-01,-1.194953203201293945e+00,1.759670302271842957e-02,-5.087475180625915527e-01,1.115219369530677795e-01,1.307391881942749023e+00,1.934589594602584839e-01,5.903484821319580078e-01,-1.893801987171173096e-01,-1.424394082278013229e-03,1.707109808921813965e-01,3.026702105998992920e-01,-4.831787645816802979e-01,1.506800651550292969e-01,-2.837161719799041748e-01,-1.075782626867294312e-01,-4.476744234561920166e-01,4.705331623554229736e-01,-3.442712724208831787e-01,1.084580924361944199e-02
-4.027638137340545654e-01,2.845638692378997803e-01,5.281249880790710449e-01,1.339063607156276703e-02,2.174989692866802216e-02,-5.487028509378433228e-02,9.981667399406433105e-01,1.581385880708694458e-01,2.132695764303207397e-01,2.619855701923370361e-01,-1.211057662963867188e+00,5.176668614149093628e-02,-5.441249608993530273e-01,9.774781018495559692e-02,1.303388357162475586e+00,2.146500051021575928e-01,5.973153114318847656e-01,-1.910561174154281616e-01,-1.673635095357894897e-02,1.542751044034957886e-01,2.840998172760009766e-01,-4.808032512664794922e-01,1.509012132883071899e-01,-3.019666075706481934e-01,-1.056163832545280457e-01,-3.983115553855895996e-01,4.819902777671813965e-01,-3.431560695171356201e-01,1.214653160423040390e-02
-4.028965234756469727e-01,2.888565659523010254e-01,5.290203094482421875e-01,1.408109720796346664e-02,2.349410392343997955e-02,-4.173444956541061401e-02,9.987531900405883789e-01,1.444110274314880371e-01,2.117547988891601562e-01,2.680926322937011719e-01,-1.216012239456176758e+00,8.735175430774688721e-02,-5.885722041130065918e-01,9.079321473836898804e-02,1.300966501235961914e+00,2.298678308725357056e-01,6.192983388900756836e-01,-1.982395350933074951e-01,-3.127477690577507019e-02,1.301856786012649536e-01,2.786914110183715820e-01,-4.800320267677307129e-01,1.580802500247955322e-01,-3.163063824176788330e-01,-7.966203987598419189e-02,-3.091720044612884521e-01,4.813232123851776123e-01,-3.585297167301177979e-01,2.238809131085872650e-02
-4.025145471096038818e-01,2.933554351329803467e-01,5.300878286361694336e-01,1.339685264974832535e-02,2.577007748186588287e-02,-2.767835557460784912e-02,9.991948604583740234e-01,1.330339461565017700e-01,2.158927321434020996e-01,2.715291082859039307e-01,-1.214292168617248535e+00,1.214669942855834961e-01,-6.304166316986083984e-01,8.927652239799499512e-02,1.298402547836303711e+00,2.348047792911529541e-01,6.462308168411254883e-01,-2.113391309976577759e-01,-4.351422190666198730e-02,1.048907041549682617e-01,2.839441597461700439e-01,-4.818235933780670166e-01,1.631522178649902344e-01,-3.266281485557556152e-01,-3.715346381068229675e-02,-2.079779803752899170e-01,4.716271460056304932e-01,-3.790030479431152344e-01,2.118294872343540192e-02
-4.021218419075012207e-01,2.970782220363616943e-01,5.300705432891845703e-01,1.391546986997127533e-02,2.682997845113277435e-02,-1.726696826517581940e-02,9.993939995765686035e-01,1.194953620433807373e-01,2.151262164115905762e-01,2.761305272579193115e-01,-1.214319109916687012e+00,1.472699791193008423e-01,-6.633419990539550781e-01,9.725986421108245850e-02,1.293598413467407227e+00,2.303594946861267090e-01,6.814337372779846191e-01,-2.205351591110229492e-01,-5.670479685068130493e-02,8.399574458599090576e-02,2.901332676410675049e-01,-4.804290831089019775e-01,1.674014627933502197e-01,-3.212659060955047607e-01,-6.297041662037372589e-03,-1.344651579856872559e-01,4.471112787723541260e-01,-3.705354332923889160e-01,2.994788624346256256e-02
-4.015601575374603271e-01,2.977857887744903564e-01,5.293166637420654297e-01,1.349436119198799133e-02,2.840653248131275177e-02,-9.420813061296939850e-03,9.994609355926513672e-01,9.956227242946624756e-02,2.190635651350021362e-01,2.717288136482238770e-01,-1.210253953933715820e+00,1.669566780328750610e-01,-6.778746843338012695e-01,1.068277880549430847e-01,1.292191624641418457e+00,2.292755842208862305e-01,7.088289260864257812e-01,-2.293438613414764404e-01,-6.049242615699768066e-02,6.823293864727020264e-02,2.971535027027130127e-01,-4.801489710807800293e-01,1.696761399507522583e-01,-3.108482956886291504e-01,4.259822424501180649e-03,-1.276770830154418945e-01,4.234001338481903076e-01,-3.536542654037475586e-01,1.835619471967220306e-02
-4.007868766784667969e-01,2.979649603366851807e-01,5.292801856994628906e-01,1.351552829146385193e-02,2.919486351311206818e-02,-2.960751065984368324e-03,9.994779825210571289e-01,9.640374034643173218e-02,2.192866206169128418e-01,2.695648670196533203e-01,-1.209353446960449219e+00,1.744093894958496094e-01,-6.852359175682067871e-01,1.290508508682250977e-01,1.288382172584533691e+00,2.194978296756744385e-01,7.415821552276611328e-01,-2.323745936155319214e-01,-6.353228539228439331e-02,5.559387430548667908e-02,2.996003925800323486e-01,-4.779423475265502930e-01,1.669050008058547974e-01,-3.020504713058471680e-01,7.180956890806555748e-04,-1.387620568275451660e-01,4.116040170192718506e-01,-3.474017381668090820e-01,9.739996865391731262e-03
-3.992140591144561768e-01,2.984544634819030762e-01,5.293899178504943848e-01,1.395332533866167068e-02,2.961615659296512604e-02,-3.365044540259987116e-04,9.994639158248901367e-01,9.247635304927825928e-02,2.208813726902008057e-01,2.701574862003326416e-01,-1.213074684143066406e+00,1.790021806955337524e-01,-6.854430437088012695e-01,1.491132974624633789e-01,1.281581640243530273e+00,2.218771576881408691e-01,7.632403969764709473e-01,-2.272643744945526123e-01,-6.736695766448974609e-02,4.985356703400611877e-02,2.929112315177917480e-01,-4.739276766777038574e-01,1.648922413587570190e-01,-2.959242463111877441e-01,-3.003796329721808434e-03,-1.421680301427841187e-01,4.066163599491119385e-01,-3.413133025169372559e-01,1.145640760660171509e-02
-3.976915776729583740e-01,2.984442114830017090e-01,5.294911265373229980e-01,1.354809105396270752e-02,3.271139413118362427e-02,5.921077099628746510e-04,9.993728399276733398e-01,9.074164181947708130e-02,2.188712954521179199e-01,2.755523920059204102e-01,-1.209363937377929688e+00,1.812116056680679321e-01,-6.939382553100585938e-01,1.656503975391387939e-01,1.275772929191589355e+00,2.250183671712875366e-01,7.802488803863525391e-01,-2.300482839345932007e-01,-6.655249744653701782e-02,4.853722825646400452e-02,2.908263504505157471e-01,-4.702233374118804932e-01,1.627586930990219116e-01,-2.987876236438751221e-01,-3.396225860342383385e-03,-1.424871534109115601e-01,4.058038592338562012e-01,-3.402834534645080566e-01,9.824328124523162842e-03
-3.959498107433319092e-01,2.986322045326232910e-01,5.294368267059326172e-01,1.439611800014972687e-02,3.499570116400718689e-02,1.074329251423478127e-03,9.992831945419311523e-01,7.788471132516860962e-02,2.184702008962631226e-01,2.914069890975952148e-01,-1.209168434143066406e+00,1.831744611263275146e-01,-7.104610204696655273e-01,1.906668990850448608e-01,1.267575740814208984e+00,2.266512215137481689e-01,8.023289442062377930e-01,-2.287605106830596924e-01,-6.872310489416122437e-02,4.882310703396797180e-02,2.855454683303833008e-01,-4.675992429256439209e-01,1.600110828876495361e-01,-2.995390594005584717e-01,-6.522239185869693756e-03,-1.445248425006866455e-01,4.056991934776306152e-01,-3.392163515090942383e-01,1.230317726731300354e-02
-3.940913975238800049e-01,2.984830141067504883e-01,5.290521383285522461e-01,1.495659910142421722e-02,3.969728201627731323e-02,2.605378394946455956e-03,9.990963935852050781e-01,7.679156959056854248e-02,2.100853174924850464e-01,3.078784346580505371e-01,-1.198499798774719238e+00,1.933513134717941284e-01,-7.380920648574829102e-01,2.110165804624557495e-01,1.257716894149780273e+00,2.219420969486236572e-01,8.233994245529174805e-01,-2.428805530071258545e-01,-6.959438323974609375e-02,4.852018505334854126e-02,2.979895472526550293e-01,-4.708612859249114990e-01,1.569683253765106201e-01,-3.102854490280151367e-01,-8.938913233578205109e-03,-1.463632881641387939e-01,4.133123755455017090e-01,-3.384157717227935791e-01,8.844827301800251007e-03
-3.913605213165283203e-01,2.985762953758239746e-01,5.277842879295349121e-01,1.592979393899440765e-02,4.270881786942481995e-02,5.930377170443534851e-03,9.989429712295532227e-01,6.694000959396362305e-02,2.078865766525268555e-01,3.383821249008178711e-01,-1.185930490493774414e+00,2.069414705038070679e-01,-7.808501124382019043e-01,2.447844147682189941e-01,1.248806238174438477e+00,2.197127044200897217e-01,8.518281579017639160e-01,-2.651514708995819092e-01,-7.326716929674148560e-02,4.369254410266876221e-02,3.331964612007141113e-01,-4.817343950271606445e-01,1.569308638572692871e-01,-3.211679756641387939e-01,-1.444421336054801941e-02,-1.496659964323043823e-01,4.336805641651153564e-01,-3.450396060943603516e-01,5.282322410494089127e-03
-3.888693451881408691e-01,2.992056608200073242e-01,5.249820947647094727e-01,1.657988689839839935e-02,4.644259437918663025e-02,8.177139796316623688e-03,9.987499117851257324e-01,6.231310963630676270e-02,2.062938660383224487e-01,3.748402595520019531e-01,-1.167793989181518555e+00,2.176471948623657227e-01,-8.356747031211853027e-01,2.844721674919128418e-01,1.237817764282226562e+00,2.094742804765701294e-01,8.967093229293823242e-01,-3.090902864933013916e-01,-7.654096186161041260e-02,4.259212687611579895e-02,4.016186296939849854e-01,-4.991323053836822510e-01,1.545704454183578491e-01,-3.510059416294097900e-01,-2.316997200250625610e-02,-1.529624015092849731e-01,4.814824461936950684e-01,-3.548831343650817871e-01,3.212567826267331839e-04
-3.864673674106597900e-01,2.987592518329620361e-01,5.199511647224426270e-01,1.675446517765522003e-02,5.207492038607597351e-02,1.221375446766614914e-02,9.984279274940490723e-01,4.605679959058761597e-02,1.967664062976837158e-01,4.146358668804168701e-01,-1.140941143035888672e+00,2.273050397634506226e-01,-9.185528755187988281e-01,3.301542699337005615e-01,1.231129407882690430e+00,1.924713850021362305e-01,9.604046344757080078e-01,-3.734731674194335938e-01,-7.632040977478027344e-02,3.958250582218170166e-02,4.969603717327117920e-01,-5.102655887603759766e-01,1.549334377050399780e-01,-4.020662009716033936e-01,-3.334284201264381409e-02,-1.599701046943664551e-01,5.598536729812622070e-01,-3.789393603801727295e-01,-8.637584745883941650e-03
-3.848251104354858398e-01,2.984009981155395508e-01,5.135948657989501953e-01,1.891422085464000702e-02,5.966351553797721863e-02,1.282577216625213623e-02,9.979569315910339355e-01,4.006000235676765442e-02,1.833050549030303955e-01,4.594288468360900879e-01,-1.119484066963195801e+00,2.110612392425537109e-01,-1.040666580200195312e+00,3.713637888431549072e-01,1.221377015113830566e+00,1.694522351026535034e-01,1.052290797233581543e+00,-4.451761543750762939e-01,-8.027590066194534302e-02,3.817884251475334167e-02,5.965449810028076172e-01,-5.364140272140502930e-01,1.621290594339370728e-01,-4.726628065109252930e-01,-4.881174862384796143e-02,-1.593404710292816162e-01,6.582170128822326660e-01,-4.024434387683868408e-01,-1.647136732935905457e-02
-3.843479156494140625e-01,2.986682653427124023e-01,5.060057044029235840e-01,2.150924876332283020e-02,7.144714891910552979e-02,1.469772495329380035e-02,9.971041083335876465e-01,3.391294926404953003e-02,1.624368876218795776e-01,4.898829758167266846e-01,-1.096817135810852051e+00,1.815964728593826294e-01,-1.192604660987854004e+00,3.916695117950439453e-01,1.212438821792602539e+00,1.408552229404449463e-01,1.161772608757019043e+00,-5.284932851791381836e-01,-8.710554242134094238e-02,4.035164788365364075e-02,6.947054862976074219e-01,-5.701996684074401855e-01,1.725957244634628296e-01,-5.566177368164062500e-01,-6.681878119707107544e-02,-1.543500721454620361e-01,7.588510513305664062e-01,-4.325235486030578613e-01,-2.606650628149509430e-02
-3.849423825740814209e-01,2.987734675407409668e-01,4.976547360420227051e-01,2.253674343228340149e-02,8.230966329574584961e-02,1.582038402557373047e-02,9.962263703346252441e-01,2.825201675295829773e-02,1.457113623619079590e-01,5.055462718009948730e-01,-1.069609403610229492e+00,1.253563463687896729e-01,-1.350006222724914551e+00,3.982985913753509521e-01,1.203867793083190918e+00,1.072929874062538147e-01,1.289019465446472168e+00,-6.065591573715209961e-01,-8.909092843532562256e-02,4.387997090816497803e-02,7.874397635459899902e-01,-6.235827803611755371e-01,1.843710094690322876e-01,-6.413201689720153809e-01,-8.024036139249801636e-02,-1.478545516729354858e-01,8.622021675109863281e-01,-4.634827077388763428e-01,-2.697353065013885498e-02
-3.855547010898590088e-01,2.982147037982940674e-01,4.885810315608978271e-01,2.467692457139492035e-02,9.559361636638641357e-02,1.660284213721752167e-02,9.949759840965270996e-01,2.104392834007740021e-02,1.291074454784393311e-01,4.900139868259429932e-01,-1.050635576248168945e+00,6.426935642957687378e-02,-1.502762675285339355e+00,3.786139488220214844e-01,1.197997093200683594e+00,7.182268798351287842e-02,1.427099227905273438e+00,-6.880462169647216797e-01,-9.577232599258422852e-02,4.248102754354476929e-02,8.789126276969909668e-01,-6.931668519973754883e-01,2.061567455530166626e-01,-7.296203374862670898e-01,-9.458561241626739502e-02,-1.432514190673828125e-01,9.609356522560119629e-01,-5.038404464721679688e-01,-3.579318150877952576e-02
-3.859817981719970703e-01,2.973324656486511230e-01,4.789973795413970947e-01,2.682026661932468414e-02,1.072212532162666321e-01,1.654381677508354187e-02,9.937356710433959961e-01,1.854710839688777924e-02,1.108737364411354065e-01,4.379970431327819824e-01,-1.035269737243652344e+00,1.781109347939491272e-02,-1.637080907821655273e+00,3.314180970191955566e-01,1.182453870773315430e+00,4.664768278598785400e-02,1.560381412506103516e+00,-7.709445953369140625e-01,-1.005978584289550781e-01,4.219605028629302979e-02,9.763918519020080566e-01,-7.473140954971313477e-01,2.268841117620468140e-01,-8.077697753906250000e-01,-1.018348708748817444e-01,-1.342633664608001709e-01,1.048815488815307617e+00,-5.506044030189514160e-01,-4.768005013465881348e-02
-3.854161500930786133e-01,2.969112694263458252e-01,4.687424302101135254e-01,2.817205898463726044e-02,1.138273999094963074e-01,1.880675554275512695e-02,9.929229617118835449e-01,1.052630133926868439e-02,1.043698564171791077e-01,3.559288084506988525e-01,-1.023249030113220215e+00,-3.082322422415018082e-03,-1.756645798683166504e+00,2.713844776153564453e-01,1.168943643569946289e+00,2.481252886354923248e-02,1.681092381477355957e+00,-8.418340682983398438e-01,-1.060881540179252625e-01,4.111731424927711487e-02,1.072689890861511230e+00,-7.858315706253051758e-01,2.358089089393615723e-01,-8.719272017478942871e-01,-1.118703633546829224e-01,-1.283476352691650391e-01,1.137879729270935059e+00,-5.985848903656005859e-01,-4.778053238987922668e-02
-3.844043314456939697e-01,2.967649400234222412e-01,4.582523405551910400e-01,2.888056077063083649e-02,1.178291141986846924e-01,1.834998279809951782e-02,9.924442172050476074e-01,8.800051175057888031e-03,1.052762866020202637e-01,2.474066317081451416e-01,-1.005644202232360840e+00,-7.685597054660320282e-03,-1.841316699981689453e+00,1.897312551736831665e-01,1.152087807655334473e+00,2.284477651119232178e-02,1.775981545448303223e+00,-9.005990624427795410e-01,-1.070294305682182312e-01,4.396471381187438965e-02,1.163291931152343750e+00,-8.275845646858215332e-01,2.528340220451354980e-01,-9.300605654716491699e-01,-1.203045696020126343e-01,-1.227720454335212708e-01,1.223370194435119629e+00,-6.332424879074096680e-01,-5.013152956962585449e-02
-3.826601505279541016e-01,2.952604293823242188e-01,4.486295878887176514e-01,3.282894939184188843e-02,1.232339069247245789e-01,1.479314547032117844e-02,9.917241930961608887e-01,1.582760363817214966e-02,1.046152338385581970e-01,1.459344029426574707e-01,-9.959444403648376465e-01,-1.905304752290248871e-02,-1.908609747886657715e+00,1.057563200592994690e-01,1.127793669700622559e+00,1.074710022658109665e-02,1.856888651847839355e+00,-9.512326717376708984e-01,-1.084720641374588013e-01,5.064472183585166931e-02,1.237576007843017578e+00,-8.601999282836914062e-01,2.698962092399597168e-01,-9.853526949882507324e-01,-1.195750683546066284e-01,-1.058173850178718567e-01,1.298138856887817383e+00,-6.525619626045227051e-01,-8.531170338392257690e-02
-3.819304406642913818e-01,2.942768037319183350e-01,4.418183565139770508e-01,3.470525890588760376e-02,1.220116093754768372e-01,1.416118815541267395e-02,9.918206334114074707e-01,1.803435012698173523e-02,1.021358370780944824e-01,4.370715096592903137e-02,-9.797863364219665527e-01,6.708624772727489471e-03,-1.934809446334838867e+00,9.416771121323108673e-03,1.104884505271911621e+00,2.801938913762569427e-02,1.879152297973632812e+00,-9.762073755264282227e-01,-1.053165867924690247e-01,5.694596096873283386e-02,1.282978653907775879e+00,-8.700000047683715820e-01,2.786987721920013428e-01,-1.011175513267517090e+00,-1.216857284307479858e-01,-1.007064878940582275e-01,1.349681019783020020e+00,-6.758106946945190430e-01,-1.015938296914100647e-01
-3.804857432842254639e-01,2.927657365798950195e-01,4.387341737747192383e-01,3.656941652297973633e-02,1.220721453428268433e-01,1.415637135505676270e-02,9.917462468147277832e-01,1.423576753586530685e-02,8.504280447959899902e-02,-5.027410387992858887e-02,-9.647738933563232422e-01,4.608853906393051147e-02,-1.925555586814880371e+00,-5.798193439841270447e-02,1.071093320846557617e+00,4.978396743535995483e-02,1.874926447868347168e+00,-9.850330948829650879e-01,-1.041943132877349854e-01,5.831994116306304932e-02,1.298010468482971191e+00,-8.700000047683715820e-01,2.839444875717163086e-01,-1.022460579872131348e+00,-1.205493882298469543e-01,-9.822078794240951538e-02,1.375963926315307617e+00,-6.941552162170410156e-01,-1.212864518165588379e-01
-3.753068745136260986e-01,2.921045422554016113e-01,4.399286508560180664e-01,3.682452440261840820e-02,1.247977986931800842e-01,1.455835625529289246e-02,9.913917183876037598e-01,1.360157690942287445e-02,3.748125955462455750e-02,-1.185268536210060120e-01,-9.388218522071838379e-01,8.186095952987670898e-02,-1.900060534477233887e+00,-8.394936472177505493e-02,1.030795454978942871e+00,6.019875034689903259e-02,1.857195377349853516e+00,-9.706305861473083496e-01,-1.051947176456451416e-01,5.609053745865821838e-02,1.283897757530212402e+00,-8.700000047683715820e-01,2.893249988555908203e-01,-1.006014227867126465e+00,-1.169354990124702454e-01,-1.008540466427803040e-01,1.364678621292114258e+00,-7.091944813728332520e-01,-1.407023072242736816e-01
-3.652223646640777588e-01,2.917393147945404053e-01,4.457981586456298828e-01,3.818368166685104370e-02,1.309396028518676758e-01,1.522659044712781906e-02,9.905377030372619629e-01,1.209118124097585678e-02,-4.094611108303070068e-02,-1.568514704704284668e-01,-9.156824946403503418e-01,1.173527017235755920e-01,-1.858629941940307617e+00,-7.018082588911056519e-02,9.865821599960327148e-01,6.153856590390205383e-02,1.823672771453857422e+00,-9.248909950256347656e-01,-1.106697991490364075e-01,5.314441397786140442e-02,1.227352738380432129e+00,-8.700000047683715820e-01,2.876476347446441650e-01,-9.667760729789733887e-01,-1.142245605587959290e-01,-1.034133434295654297e-01,1.321785926818847656e+00,-7.169791460037231445e-01,-1.465936005115509033e-01
-3.485680222511291504e-01,2.916119694709777832e-01,4.573051929473876953e-01,3.730012848973274231e-02,1.346590220928192139e-01,1.477969065308570862e-02,9.900794029235839844e-01,5.873739253729581833e-03,-1.162006556987762451e-01,-1.483445912599563599e-01,-8.929436206817626953e-01,1.565477401018142700e-01,-1.780677437782287598e+00,-6.260114721953868866e-03,9.667801856994628906e-01,5.385683849453926086e-02,1.765951275825500488e+00,-8.283274173736572266e-01,-1.101043298840522766e-01,4.933054000139236450e-02,1.124554991722106934e+00,-8.700000047683715820e-01,2.735617458820343018e-01,-8.725839853286743164e-01,-1.061562746763229370e-01,-1.164528504014015198e-01,1.220068693161010742e+00,-7.160969972610473633e-01,-1.374361217021942139e-01
-3.235620856285095215e-01,2.935674190521240234e-01,4.741202294826507568e-01,3.464485704898834229e-02,1.183288767933845520e-01,1.658377796411514282e-02,9.922313094139099121e-01,-8.400806225836277008e-03,-1.311207711696624756e-01,-8.831548690795898438e-02,-8.892063498497009277e-01,2.255686521530151367e-01,-1.622951984405517578e+00,1.027586534619331360e-01,9.782887697219848633e-01,6.113064661622047424e-02,1.623346209526062012e+00,-6.365591287612915039e-01,-1.111566200852394104e-01,4.267244413495063782e-02,9.690896272659301758e-01,-8.477861881256103516e-01,2.372220903635025024e-01,-6.719191074371337891e-01,-1.024932637810707092e-01,-1.441776901483535767e-01,1.045085310935974121e+00,-6.722792983055114746e-01,-9.280145168304443359e-02
-3.030157685279846191e-01,2.975768148899078369e-01,4.962906539440155029e-01,3.389087691903114319e-02,9.031504392623901367e-02,2.253845147788524628e-02,9.950811862945556641e-01,-1.568994298577308655e-02,-9.541729092597961426e-02,-1.561120501719415188e-03,-9.175395965576171875e-01,3.010050952434539795e-01,-1.399866580963134766e+00,2.045580297708511353e-01,1.018808364868164062e+00,8.066942542791366577e-02,1.398734331130981445e+00,-3.922641277313232422e-01,-1.170250400900840759e-01,2.834345214068889618e-02,7.160094380378723145e-01,-6.794811487197875977e-01,1.659297198057174683e-01,-4.335057139396667480e-01,-1.053432449698448181e-01,-1.758146286010742188e-01,8.141015768051147461e-01,-4.793319404125213623e-01,-6.682294188067317009e-04
-2.953516840934753418e-01,3.034210205078125000e-01,5.204770565032958984e-01,3.752259537577629089e-02,7.876889407634735107e-02,2.359802089631557465e-02,9.959069490432739258e-01,-2.153135463595390320e-02,-8.639104664325714111e-02,3.757753595709800720e-02,-9.817301630973815918e-01,3.664942979812622070e-01,-1.117112040519714355e+00,2.086109369993209839e-01,1.045395612716674805e+00,1.320350766181945801e-01,1.096949577331542969e+00,-2.247012853622436523e-01,-1.275580972433090210e-01,3.018278256058692932e-02,4.446216523647308350e-01,-2.964476943016052246e-01,8.444130420684814453e-02,-2.525945305824279785e-01,-1.005899086594581604e-01,-1.645352691411972046e-01,5.281319618225097656e-01,-3.717420250177383423e-02,1.070590689778327942e-01
-2.808990180492401123e-01,3.035623133182525635e-01,5.385292172431945801e-01,3.446869924664497375e-02,6.447889655828475952e-02,2.092823944985866547e-02,9.971039891242980957e-01,-2.031772583723068237e-02,-8.996149897575378418e-02,9.256786108016967773e-02,-1.032932758331298828e+00,3.642699420452117920e-01,-8.570479750633239746e-01,1.963964104652404785e-01,1.110955238342285156e+00,1.471807807683944702e-01,7.899242043495178223e-01,-1.334349811077117920e-01,-1.047480776906013489e-01,4.533350467681884766e-02,3.204548954963684082e-01,1.052160635590553284e-01,6.408045440912246704e-02,-1.799213290214538574e-01,-9.957081824541091919e-02,-1.462768167257308960e-01,4.521561563014984131e-01,3.429540395736694336e-01,1.279238462448120117e-01
-2.518748342990875244e-01,3.022842705249786377e-01,5.596457123756408691e-01,2.923905476927757263e-02,5.278304219245910645e-02,1.996112428605556488e-02,9.979782700538635254e-01,-8.500838652253150940e-03,-9.148564189672470093e-02,1.693688184022903442e-01,-1.100654006004333496e+00,2.963395118713378906e-01,-6.389765739440917969e-01,1.966332793235778809e-01,1.211903214454650879e+00,1.179687529802322388e-01,5.070350170135498047e-01,-9.279202669858932495e-02,-1.069081202149391174e-01,1.080023217946290970e-02,3.298182487487792969e-01,3.108236193656921387e-01,2.360992878675460815e-02,-2.117482274770736694e-01,-9.401865303516387939e-02,-1.336019337177276611e-01,5.959810614585876465e-01,3.449999988079071045e-01,1.244170144200325012e-01
-2.283564805984497070e-01,3.035954833030700684e-01,5.861821174621582031e-01,2.787913568317890167e-02,3.514198586344718933e-02,1.375617366284132004e-02,9.988986849784851074e-01,2.972480608150362968e-03,-6.801395863294601440e-02,2.495861053466796875e-01,-1.162256479263305664e+00,2.227345854043960571e-01,-4.538846909999847412e-01,2.223084270954132080e-01,1.270858287811279297e+00,8.885876089334487915e-02,2.811754047870635986e-01,-1.148953810334205627e-01,-1.616266667842864990e-01,-6.896156817674636841e-02,4.387856423854827881e-01,2.637763321399688721e-01,-6.130162160843610764e-03,-2.145738750696182251e-01,-8.786636590957641602e-02,-1.129055023193359375e-01,6.422647237777709961e-01,3.449817597866058350e-01,1.217274144291877747e-01
-2.054385989904403687e-01,3.046016991138458252e-01,6.054398417472839355e-01,2.437439374625682831e-02,1.786263287067413330e-02,1.561786700040102005e-02,9.994212985038757324e-01,6.210827268660068512e-03,-3.329254314303398132e-02,3.217583596706390381e-01,-1.196773171424865723e+00,1.373961120843887329e-01,-3.159942030906677246e-01,2.718482017517089844e-01,1.313667058944702148e+00,2.235231734812259674e-02,1.221971437335014343e-01,-1.320380121469497681e-01,-1.767109781503677368e-01,-8.076214790344238281e-02,5.089015364646911621e-01,2.653270661830902100e-01,-4.243380576372146606e-02,-2.047631293535232544e-01,-9.487855434417724609e-02,-1.483120918273925781e-01,6.300422549247741699e-01,3.449700772762298584e-01,1.325388699769973755e-01
-1.868056207895278931e-01,3.054600358009338379e-01,6.219013333320617676e-01,1.731864176690578461e-02,1.147435046732425690e-02,1.679873839020729065e-02,9.996430277824401855e-01,-8.081742562353610992e-03,-1.618537935428321362e-03,3.720200359821319580e-01,-1.211251854896545410e+00,2.912072837352752686e-02,-2.240387052297592163e-01,3.267518579959869385e-01,1.347743511199951172e+00,-6.522978097200393677e-02,6.516691297292709351e-02,-1.616834998130798340e-01,-1.536900699138641357e-01,-7.131886482238769531e-02,4.907655417919158936e-01,2.945908010005950928e-01,-5.168639123439788818e-02,-2.140958160161972046e-01,-8.431603014469146729e-02,-1.685202419757843018e-01,5.316763520240783691e-01,3.440697789192199707e-01,1.197243407368659973e-01
-1.577042490243911743e-01,3.063972592353820801e-01,6.301720142364501953e-01,1.319206412881612778e-02,-3.768223570659756660e-03,8.701566606760025024e-03,9.998680353164672852e-01,-6.413111113943159580e-04,1.667251624166965485e-02,4.253288507461547852e-01,-1.220738172531127930e+00,-6.676802784204483032e-02,-1.776026636362075806e-01,3.846317231655120850e-01,1.366802215576171875e+00,-1.138859167695045471e-01,7.333410531282424927e-02,-1.791384220123291016e-01,-1.074109449982643127e-01,-1.933564618229866028e-02,4.949217438697814941e-01,1.972610503435134888e-01,-2.452801354229450226e-02,-2.356975525617599487e-01,-9.285463392734527588e-02,-1.729722768068313599e-01,5.064072608947753906e-01,2.376054078340530396e-01,1.357951760292053223e-01
-1.289316564798355103e-01,3.040918409824371338e-01,6.356205344200134277e-01,1.755590736865997314e-02,-1.034550275653600693e-02,4.022816196084022522e-03,9.997842907905578613e-01,1.898034103214740753e-02,3.374101221561431885e-02,4.889867603778839111e-01,-1.237479090690612793e+00,-1.394481658935546875e-01,-1.716791689395904541e-01,4.460390210151672363e-01,1.373493313789367676e+00,-1.398957371711730957e-01,1.158724352717399597e-01,-1.834048926830291748e-01,-7.257892191410064697e-02,4.356727749109268188e-02,4.244641661643981934e-01,1.069509983062744141e-01,3.341053379699587822e-03,-2.467601746320724487e-01,-1.018720120191574097e-01,-1.852473467588424683e-01,4.388979077339172363e-01,1.843903213739395142e-01,1.420628279447555542e-01
-1.022002920508384705e-01,3.033623993396759033e-01,6.349776387214660645e-01,1.954246871173381805e-02,-1.647517085075378418e-02,7.745014736428856850e-04,9.996729493141174316e-01,3.423654288053512573e-02,5.273390188813209534e-02,5.598927736282348633e-01,-1.241858243942260742e+00,-1.662856936454772949e-01,-1.989060044288635254e-01,4.947388172149658203e-01,1.377858042716979980e+00,-1.533694863319396973e-01,1.611181795597076416e-01,-1.939541548490524292e-01,-4.232341423630714417e-02,1.054589971899986267e-01,3.595712184906005859e-01,4.336832836270332336e-02,2.561921067535877228e-02,-2.656081318855285645e-01,-1.062619239091873169e-01,-1.914363354444503784e-01,3.804733455181121826e-01,1.438778489828109741e-01,1.413824111223220825e-01
-7.779142260551452637e-02,3.036080002784729004e-01,6.251125931739807129e-01,2.081742510199546814e-02,-2.053043618798255920e-02,-9.188444237224757671e-04,9.995720386505126953e-01,4.224129766225814819e-02,7.833158224821090698e-02,6.182336807250976562e-01,-1.238876819610595703e+00,-1.805798858404159546e-01,-2.400234639644622803e-01,5.287918448448181152e-01,1.377902984619140625e+00,-1.575486809015274048e-01,2.056464701890945435e-01,-2.115431129932403564e-01,-2.464459836483001709e-02,1.505686491727828979e-01,2.914795577526092529e-01,5.208756402134895325e-02,2.696145884692668915e-02,-2.930703759193420410e-01,-1.058265864849090576e-01,-1.884710043668746948e-01,3.325213193893432617e-01,1.508241295814514160e-01,1.510018557310104370e-01
-5.555044859647750854e-02,3.037565648555755615e-01,6.060140728950500488e-01,2.084557712078094482e-02,-2.398701943457126617e-02,-2.103270264342427254e-03,9.994927048683166504e-01,4.342695698142051697e-02,9.631223976612091064e-02,6.590111255645751953e-01,-1.223767042160034180e+00,-1.857429593801498413e-01,-2.747904360294342041e-01,5.447244644165039062e-01,1.372234344482421875e+00,-1.531042754650115967e-01,2.404149472713470459e-01,-2.350908368825912476e-01,-1.510669942945241928e-02,1.690390706062316895e-01,2.309702932834625244e-01,1.143460944294929504e-01,1.511206850409507751e-02,-3.183328211307525635e-01,-9.867204725742340088e-02,-1.820535957813262939e-01,2.887976765632629395e-01,2.166887074708938599e-01,1.634464561939239502e-01
-3.309304639697074890e-02,3.040088713169097900e-01,5.802692770957946777e-01,2.208406478166580200e-02,-3.148924559354782104e-02,-1.376811880618333817e-03,9.992591142654418945e-01,3.982269018888473511e-02,1.303778588771820068e-01,6.861395239830017090e-01,-1.196970582008361816e+00,-1.634493023157119751e-01,-3.017475306987762451e-01,5.553104281425476074e-01,1.364825963973999023e+00,-1.423504203557968140e-01,2.662416696548461914e-01,-2.554852068424224854e-01,-2.949059382081031799e-02,1.200851723551750183e-01,1.928308159112930298e-01,1.521396338939666748e-01,3.303456818684935570e-03,-3.302696347236633301e-01,-8.800539374351501465e-02,-1.633361876010894775e-01,2.680533230304718018e-01,2.871948778629302979e-01,1.792567223310470581e-01
-9.225828573107719421e-03,3.036073148250579834e-01,5.466781258583068848e-01,2.317229099571704865e-02,-4.699132591485977173e-02,2.962078666314482689e-03,9.986221194267272949e-01,2.847104147076606750e-02,1.782420277595520020e-01,7.133651375770568848e-01,-1.164915442466735840e+00,-1.334269046783447266e-01,-3.352759182453155518e-01,5.656268596649169922e-01,1.353655934333801270e+00,-1.401561498641967773e-01,2.822518050670623779e-01,-2.703742384910583496e-01,-3.816758841276168823e-02,8.229727298021316528e-02,2.256097197532653809e-01,1.807022243738174438e-01,-1.274129562079906464e-02,-3.283852338790893555e-01,-6.523693352937698364e-02,-1.128840819001197815e-01,3.059924244880676270e-01,3.449904620647430420e-01,1.825731992721557617e-01
9.555418975651264191e-03,3.045051693916320801e-01,5.198949575424194336e-01,2.382244728505611420e-02,-7.124870270490646362e-02,5.229327362030744553e-03,9.971603751182556152e-01,1.490984950214624405e-02,2.214320302009582520e-01,7.511252760887145996e-01,-1.119075417518615723e+00,-8.753687888383865356e-02,-3.946851789951324463e-01,5.878787040710449219e-01,1.334318280220031738e+00,-1.216687262058258057e-01,3.122789561748504639e-01,-3.049988150596618652e-01,-6.373896449804306030e-02,3.123291954398155212e-02,3.999288678169250488e-01,-1.472122967243194580e-02,7.269257307052612305e-02,-3.399872481822967529e-01,-4.533538967370986938e-02,-7.273586094379425049e-02,4.554303884506225586e-01,1.706617623567581177e-01,8.049198240041732788e-02
2.985301241278648376e-02,3.047685623168945312e-01,5.046988129615783691e-01,1.983966492116451263e-02,-1.036702916026115417e-01,6.524716969579458237e-03,9.943923950195312500e-01,1.800001412630081177e-02,3.172971010208129883e-01,7.658781409263610840e-01,-1.078878879547119141e+00,-6.546475738286972046e-02,-4.230586886405944824e-01,5.942066311836242676e-01,1.316170573234558105e+00,-7.705988734960556030e-02,3.252769410610198975e-01,-3.398494124412536621e-01,-6.286111474037170410e-02,4.287698864936828613e-02,6.982148289680480957e-01,-4.016059935092926025e-01,1.523965150117874146e-01,-3.626191616058349609e-01,-5.016733333468437195e-02,-9.564708173274993896e-02,7.248048782348632812e-01,-2.391701042652130127e-01,-1.559265051037073135e-02
3.921207413077354431e-02,3.026090860366821289e-01,4.932323396205902100e-01,1.534028723835945129e-02,-1.022705212235450745e-01,1.207855157554149628e-02,9.945650100708007812e-01,2.073789387941360474e-02,3.415361344814300537e-01,6.538592576980590820e-01,-1.060787439346313477e+00,-4.738611727952957153e-02,-3.925202786922454834e-01,5.074510574340820312e-01,1.319609880447387695e+00,-6.043601781129837036e-02,2.953478395938873291e-01,-4.069479107856750488e-01,-5.520061776041984558e-02,3.528592362999916077e-02,8.547562956809997559e-01,-5.557941198348999023e-01,1.948029100894927979e-01,-4.126985967159271240e-01,-3.933220729231834412e-02,-9.955298900604248047e-02,8.506687283515930176e-01,-4.011738598346710205e-01,-9.997224807739257812e-02
4.775226488709449768e-02,3.034897148609161377e-01,4.898541569709777832e-01,1.579884625971317291e-02,-1.102378219366073608e-01,1.291878707706928253e-02,9.936956763267517090e-01,1.976460590958595276e-02,3.699395358562469482e-01,5.547761917114257812e-01,-1.090844511985778809e+00,-1.643805392086505890e-02,-3.764106333255767822e-01,4.464253485202789307e-01,1.320340275764465332e+00,-4.141190275549888611e-02,2.927024066448211670e-01,-3.976877331733703613e-01,-5.990412086248397827e-02,3.326518461108207703e-02,9.058701395988464355e-01,-6.000191569328308105e-01,2.023732513189315796e-01,-4.111598730087280273e-01,-4.896223545074462891e-02,-1.031841561198234558e-01,9.121974110603332520e-01,-4.180575311183929443e-01,-8.588413149118423462e-02
5.112642794847488403e-02,3.030992150306701660e-01,4.958992600440979004e-01,1.726023294031620026e-02,-1.038209497928619385e-01,1.432647276669740677e-02,9.943430423736572266e-01,1.930086500942707062e-02,3.535753786563873291e-01,4.711879193782806396e-01,-1.136327981948852539e+00,1.679424382746219635e-02,-4.264627397060394287e-01,4.004113078117370605e-01,1.314704537391662598e+00,-1.343648880720138550e-02,3.755787611007690430e-01,-3.722229301929473877e-01,-6.016324087977409363e-02,3.293813765048980713e-02,8.539443016052246094e-01,-5.903414487838745117e-01,1.866821348667144775e-01,-3.783749639987945557e-01,-5.120031908154487610e-02,-1.075083538889884949e-01,8.488985896110534668e-01,-4.215473830699920654e-01,-7.024189084768295288e-02
5.328388139605522156e-02,3.026417791843414307e-01,5.049350857734680176e-01,1.854195632040500641e-02,-9.419023245573043823e-02,1.573259197175502777e-02,9.952571988105773926e-01,1.085372734814882278e-02,3.372954428195953369e-01,4.032114744186401367e-01,-1.171613574028015137e+00,6.109125912189483643e-02,-5.098193883895874023e-01,3.571816086769104004e-01,1.292651295661926270e+00,4.003928601741790771e-02,4.774353802204132080e-01,-3.317759931087493896e-01,-6.161968782544136047e-02,3.126278147101402283e-02,7.579271197319030762e-01,-5.565409064292907715e-01,1.696410775184631348e-01,-3.400337100028991699e-01,-5.193361267447471619e-02,-1.155528128147125244e-01,7.587938308715820312e-01,-3.924895524978637695e-01,-4.459863528609275818e-02
5.467939376831054688e-02,3.018886446952819824e-01,5.143257975578308105e-01,1.848928630352020264e-02,-7.946857064962387085e-02,1.677172631025314331e-02,9.965247511863708496e-01,7.200649473816156387e-03,3.074323236942291260e-01,3.383994102478027344e-01,-1.187829017639160156e+00,1.051225736737251282e-01,-6.091583967208862305e-01,3.037104904651641846e-01,1.260435342788696289e+00,7.950586080551147461e-02,5.878680348396301270e-01,-2.921956479549407959e-01,-6.027546152472496033e-02,2.807096578180789948e-02,6.397269964218139648e-01,-5.085049271583557129e-01,1.543382853269577026e-01,-3.065117299556732178e-01,-4.781800508499145508e-02,-1.262606680393218994e-01,6.530796885490417480e-01,-3.529167473316192627e-01,-1.890999265015125275e-02
5.642600357532501221e-02,3.014861047267913818e-01,5.218448042869567871e-01,1.885364577174186707e-02,-6.457725167274475098e-02,1.783242821693420410e-02,9.975752234458923340e-01,5.027809180319309235e-03,2.720320224761962891e-01,2.762520313262939453e-01,-1.191937446594238281e+00,1.559825241565704346e-01,-7.035661339759826660e-01,2.519198060035705566e-01,1.228657603263854980e+00,1.059947311878204346e-01,6.957076787948608398e-01,-2.585916817188262939e-01,-6.166392192244529724e-02,2.526898309588432312e-02,5.309666991233825684e-01,-4.619508385658264160e-01,1.440386772155761719e-01,-2.795058190822601318e-01,-4.126722738146781921e-02,-1.302003711462020874e-01,5.560945272445678711e-01,-3.110091090202331543e-01,-3.603871678933501244e-03
5.791228264570236206e-02,3.009498715400695801e-01,5.267429351806640625e-01,1.908584311604499817e-02,-4.963758960366249084e-02,1.818473264575004578e-02,9.984193444252014160e-01,9.528035297989845276e-03,2.364652454853057861e-01,2.207119166851043701e-01,-1.187906503677368164e+00,1.999935060739517212e-01,-8.046673536300659180e-01,2.042410820722579956e-01,1.207515716552734375e+00,1.156565621495246887e-01,7.930743098258972168e-01,-2.379740327596664429e-01,-6.248871982097625732e-02,2.173499390482902527e-02,4.429239928722381592e-01,-4.254040718078613281e-01,1.456619650125503540e-01,-2.673546373844146729e-01,-3.385864570736885071e-02,-1.296780258417129517e-01,4.820160567760467529e-01,-2.801284790039062500e-01,-1.449020346626639366e-03
5.933925509452819824e-02,2.998386621475219727e-01,5.293380618095397949e-01,1.841404289007186890e-02,-3.879104182124137878e-02,1.848435401916503906e-02,9.989066720008850098e-01,1.518965512514114380e-02,2.122129201889038086e-01,1.703165024518966675e-01,-1.174462795257568359e+00,2.430984079837799072e-01,-8.976278305053710938e-01,1.628293693065643311e-01,1.191064596176147461e+00,1.231577470898628235e-01,8.797023892402648926e-01,-2.267828136682510376e-01,-5.939114466309547424e-02,1.890112459659576416e-02,3.869455456733703613e-01,-4.022159874439239502e-01,1.440418809652328491e-01,-2.578899264335632324e-01,-2.505386248230934143e-02,-1.297389268875122070e-01,4.277472794055938721e-01,-2.608411014080047607e-01,-5.915772169828414917e-03
6.078973412513732910e-02,2.987219393253326416e-01,5.305781960487365723e-01,1.771492883563041687e-02,-2.998491190373897552e-02,2.046472579240798950e-02,9.991838335990905762e-01,4.507665988057851791e-03,2.010639756917953491e-01,1.197566464543342590e-01,-1.154541015625000000e+00,2.794207334518432617e-01,-9.802725911140441895e-01,1.147814095020294189e-01,1.184113502502441406e+00,1.230016499757766724e-01,9.419265985488891602e-01,-2.242578417062759399e-01,-5.544997751712799072e-02,1.541608292609453201e-02,3.528352379798889160e-01,-3.947315514087677002e-01,1.408549845218658447e-01,-2.592263817787170410e-01,-1.982164196670055389e-02,-1.334284096956253052e-01,4.030875563621520996e-01,-2.533076703548431396e-01,-6.444001104682683945e-03
6.231845170259475708e-02,2.980039417743682861e-01,5.311108827590942383e-01,1.743392460048198700e-02,-2.372661978006362915e-02,2.097559720277786255e-02,9.993463754653930664e-01,1.225967425853013992e-02,2.003196030855178833e-01,7.428742200136184692e-02,-1.138739228248596191e+00,3.050856888294219971e-01,-1.037240266799926758e+00,6.066674739122390747e-02,1.173676371574401855e+00,1.244978383183479309e-01,9.740990400314331055e-01,-2.227287292480468750e-01,-5.322814732789993286e-02,1.290222164243459702e-02,3.311076760292053223e-01,-3.925400674343109131e-01,1.376489996910095215e-01,-2.639590799808502197e-01,-1.663674041628837585e-02,-1.331857144832611084e-01,3.924630582332611084e-01,-2.528573870658874512e-01,-3.546631196513772011e-03
6.404049694538116455e-02,2.975189685821533203e-01,5.313841104507446289e-01,1.705543510615825653e-02,-1.811316236853599548e-02,1.896543614566326141e-02,9.995105266571044922e-01,1.883076876401901245e-02,2.011756300926208496e-01,3.737678378820419312e-02,-1.127031087875366211e+00,3.204840719699859619e-01,-1.072045087814331055e+00,-4.282763402443379164e-04,1.169785022735595703e+00,1.315425932407379150e-01,9.739256501197814941e-01,-2.253442853689193726e-01,-5.097151920199394226e-02,1.101936679333448410e-02,3.210526406764984131e-01,-3.977935910224914551e-01,1.367401033639907837e-01,-2.740791440010070801e-01,-1.323325000703334808e-02,-1.298908889293670654e-01,3.931034207344055176e-01,-2.567051351070404053e-01,-3.006336512044072151e-03
6.658197194337844849e-02,2.974292635917663574e-01,5.313006639480590820e-01,1.597299240529537201e-02,-1.384651102125644684e-02,1.640994101762771606e-02,9.996418356895446777e-01,3.025882877409458160e-02,2.055151313543319702e-01,8.378218859434127808e-03,-1.117171525955200195e+00,3.348116278648376465e-01,-1.073900580406188965e+00,-4.704961553215980530e-02,1.173285245895385742e+00,1.455030441284179688e-01,9.565874934196472168e-01,-2.311320602893829346e-01,-4.741405323147773743e-02,1.369022857397794724e-02,3.261372148990631104e-01,-4.065376520156860352e-01,1.375947147607803345e-01,-2.817113399505615234e-01,-9.225090034306049347e-03,-1.263594776391983032e-01,3.982017934322357178e-01,-2.632282674312591553e-01,-6.104593630880117416e-03
6.987785547971725464e-02,2.974894344806671143e-01,5.313012003898620605e-01,1.599146239459514618e-02,-1.148327253758907318e-02,1.333891600370407104e-02,9.997171759605407715e-01,3.992078453302383423e-02,2.136083394289016724e-01,-1.483499421738088131e-03,-1.113042473793029785e+00,3.495205938816070557e-01,-1.070784687995910645e+00,-7.077551633119583130e-02,1.183549642562866211e+00,1.624010801315307617e-01,9.364823102951049805e-01,-2.341373115777969360e-01,-4.615893214941024780e-02,2.076621912419795990e-02,3.382339775562286377e-01,-4.176133275032043457e-01,1.428063660860061646e-01,-2.848001718521118164e-01,-6.987622473388910294e-03,-1.196108609437942505e-01,4.048232734203338623e-01,-2.746595144271850586e-01,-7.763170637190341949e-03
7.363683730363845825e-02,2.976143658161163330e-01,5.308573246002197266e-01,1.545578427612781525e-02,-1.015358138829469681e-02,9.404127486050128937e-03,9.997847676277160645e-01,5.033399537205696106e-02,2.198082059621810913e-01,-4.121392965316772461e-03,-1.105122685432434082e+00,3.597324192523956299e-01,-1.056050181388854980e+00,-8.172233402729034424e-02,1.197659254074096680e+00,1.797130405902862549e-01,9.178687930107116699e-01,-2.340337038040161133e-01,-4.374363273382186890e-02,2.648281864821910858e-02,3.501220345497131348e-01,-4.283971786499023438e-01,1.472829282283782959e-01,-2.866722643375396729e-01,-3.179934108629822731e-03,-1.109199896454811096e-01,4.148679673671722412e-01,-2.806391119956970215e-01,-1.192151568830013275e-02
7.784021645784378052e-02,2.977306842803955078e-01,5.303117036819458008e-01,1.631541177630424500e-02,-8.587813004851341248e-03,4.541223403066396713e-03,9.998196959495544434e-01,6.598129868507385254e-02,2.227114289999008179e-01,5.267310421913862228e-03,-1.097466945648193359e+00,3.590622544288635254e-01,-1.046844720840454102e+00,-7.761262357234954834e-02,1.202131152153015137e+00,1.961082667112350464e-01,9.158781766891479492e-01,-2.354070246219635010e-01,-4.329738020896911621e-02,3.667572140693664551e-02,3.663807809352874756e-01,-4.428859949111938477e-01,1.516699194908142090e-01,-2.919347584247589111e-01,-3.073921659961342812e-03,-1.024551913142204285e-01,4.312584400177001953e-01,-2.940257191658020020e-01,-8.978280238807201385e-03
8.150121569633483887e-02,2.978868484497070312e-01,5.293880701065063477e-01,1.695377565920352936e-02,-5.281062796711921692e-03,2.199470065534114838e-03,9.998399019241333008e-01,7.080130279064178467e-02,2.272447794675827026e-01,1.256739720702171326e-02,-1.091555356979370117e+00,3.615051209926605225e-01,-1.032094359397888184e+00,-7.211594283580780029e-02,1.207527160644531250e+00,2.052405923604965210e-01,9.132530689239501953e-01,-2.458787262439727783e-01,-4.364038258790969849e-02,4.143340885639190674e-02,3.867587149143218994e-01,-4.544640779495239258e-01,1.522780656814575195e-01,-3.022677302360534668e-01,-4.462018609046936035e-03,-9.741709381341934204e-02,4.487953484058380127e-01,-3.045829534530639648e-01,-5.866616033017635345e-03
8.562426269054412842e-02,2.977868914604187012e-01,5.281129479408264160e-01,1.701436564326286316e-02,-2.501790877431631088e-03,2.125604311004281044e-03,9.998498558998107910e-01,7.900364696979522705e-02,2.320344001054763794e-01,2.584350854158401489e-02,-1.086115479469299316e+00,3.632583916187286377e-01,-1.018962264060974121e+00,-5.904996022582054138e-02,1.211161613464355469e+00,2.085802108049392700e-01,9.127326607704162598e-01,-2.588136196136474609e-01,-4.330812394618988037e-02,4.230063408613204956e-02,4.141847789287567139e-01,-4.664453268051147461e-01,1.536925733089447021e-01,-3.106589317321777344e-01,-4.799321759492158890e-03,-9.498061239719390869e-02,4.679288566112518311e-01,-3.138357400894165039e-01,-1.155570428818464279e-02
8.932156860828399658e-02,2.979685366153717041e-01,5.267559885978698730e-01,1.753865368664264679e-02,3.061920870095491409e-03,1.427728100679814816e-03,9.998404979705810547e-01,8.037619292736053467e-02,2.314225733280181885e-01,4.047889634966850281e-02,-1.084880590438842773e+00,3.574987351894378662e-01,-1.005862355232238770e+00,-4.760480672121047974e-02,1.213090062141418457e+00,2.100987732410430908e-01,9.181696176528930664e-01,-2.763295471668243408e-01,-4.441052302718162537e-02,4.488085210323333740e-02,4.370979070663452148e-01,-4.746299088001251221e-01,1.569861918687820435e-01,-3.306186497211456299e-01,-7.199454121291637421e-03,-9.441657364368438721e-02,4.934715926647186279e-01,-3.216723799705505371e-01,-1.094634830951690674e-02
9.330324828624725342e-02,2.980432510375976562e-01,5.253919959068298340e-01,1.802725531160831451e-02,7.843517698347568512e-03,1.017486094497144222e-03,9.998062252998352051e-01,8.422061055898666382e-02,2.290143966674804688e-01,6.522532552480697632e-02,-1.086861968040466309e+00,3.394333124160766602e-01,-1.012886643409729004e+00,-2.354477904736995697e-02,1.222115516662597656e+00,2.026425302028656006e-01,9.481775760650634766e-01,-2.926343381404876709e-01,-4.503654316067695618e-02,4.769219458103179932e-02,4.608626067638397217e-01,-4.810615777969360352e-01,1.613877862691879272e-01,-3.465593755245208740e-01,-9.816101752221584320e-03,-9.397772699594497681e-02,5.156126618385314941e-01,-3.264335691928863525e-01,-1.518647279590368271e-02
9.722044318914413452e-02,2.982133328914642334e-01,5.243321061134338379e-01,1.947418972849845886e-02,1.199227385222911835e-02,1.398867228999733925e-03,9.997374415397644043e-01,8.386266231536865234e-02,2.306746691465377808e-01,8.541863411664962769e-02,-1.090660214424133301e+00,3.228355646133422852e-01,-1.029962778091430664e+00,1.868818653747439384e-03,1.230391263961791992e+00,1.971953213214874268e-01,9.921756982803344727e-01,-3.036503195762634277e-01,-4.815290868282318115e-02,5.024323984980583191e-02,4.773257076740264893e-01,-4.842881858348846436e-01,1.624541580677032471e-01,-3.572863042354583740e-01,-1.553360745310783386e-02,-9.669928252696990967e-02,5.327422022819519043e-01,-3.305798470973968506e-01,-1.781200990080833435e-02
1.004334613680839539e-01,2.980659902095794678e-01,5.239296555519104004e-01,2.018392831087112427e-02,1.713208295404911041e-02,1.871540211141109467e-03,9.996477365493774414e-01,8.557640761137008667e-02,2.317581027746200562e-01,9.809418767690658569e-02,-1.085094332695007324e+00,2.961849570274353027e-01,-1.064718604087829590e+00,2.469306625425815582e-02,1.231826066970825195e+00,1.865476518869400024e-01,1.051975488662719727e+00,-3.123993575572967529e-01,-5.010880157351493835e-02,4.892444238066673279e-02,4.841214418411254883e-01,-4.850926101207733154e-01,1.619099676609039307e-01,-3.687099516391754150e-01,-1.978664845228195190e-02,-1.002461686730384827e-01,5.443325638771057129e-01,-3.369801342487335205e-01,-1.829386875033378601e-02
1.033007055521011353e-01,2.979979217052459717e-01,5.239435434341430664e-01,2.156037837266921997e-02,2.190571837127208710e-02,3.215766744688153267e-03,9.995223879814147949e-01,8.224339038133621216e-02,2.237555235624313354e-01,1.091137602925300598e-01,-1.077107787132263184e+00,2.712635993957519531e-01,-1.120646715164184570e+00,3.947191312909126282e-02,1.230334758758544922e+00,1.741518527269363403e-01,1.124505281448364258e+00,-3.154662847518920898e-01,-5.355277284979820251e-02,4.766061902046203613e-02,4.806733429431915283e-01,-4.861224591732025146e-01,1.611767560243606567e-01,-3.729806840419769287e-01,-2.354339323937892914e-02,-1.007580384612083435e-01,5.453922152519226074e-01,-3.360583484172821045e-01,-1.953935623168945312e-02
1.057929024100303650e-01,2.981532812118530273e-01,5.245822072029113770e-01,2.283842302858829498e-02,2.769208513200283051e-02,3.807260422036051750e-03,9.993483424186706543e-01,8.384548127651214600e-02,2.173254489898681641e-01,1.076294332742691040e-01,-1.074267268180847168e+00,2.423858791589736938e-01,-1.183862447738647461e+00,3.955516591668128967e-02,1.225000143051147461e+00,1.661976128816604614e-01,1.201697945594787598e+00,-3.133211433887481689e-01,-5.740847438573837280e-02,4.724035412073135376e-02,4.641606807708740234e-01,-4.868244826793670654e-01,1.605134606361389160e-01,-3.763436675071716309e-01,-2.654471434652805328e-02,-9.955672919750213623e-02,5.384108424186706543e-01,-3.355340659618377686e-01,-1.835119351744651794e-02
1.084273755550384521e-01,2.982947230339050293e-01,5.254817605018615723e-01,2.392848394811153412e-02,3.312308713793754578e-02,5.948632955551147461e-03,9.991471171379089355e-01,8.029009401798248291e-02,2.126427143812179565e-01,9.871703386306762695e-02,-1.062272787094116211e+00,2.254845350980758667e-01,-1.255955457687377930e+00,3.009952232241630554e-02,1.216496944427490234e+00,1.515010446310043335e-01,1.279942750930786133e+00,-3.078143298625946045e-01,-6.216780096292495728e-02,4.206065461039543152e-02,4.434851408004760742e-01,-4.912095367908477783e-01,1.592633128166198730e-01,-3.744608461856842041e-01,-3.038747422397136688e-02,-1.028313189744949341e-01,5.260073542594909668e-01,-3.364630043506622314e-01,-1.238532084971666336e-02
1.106686294078826904e-01,2.982382774353027344e-01,5.265370011329650879e-01,2.523280866444110870e-02,3.924329578876495361e-02,7.284969557076692581e-03,9.988844990730285645e-01,7.522395253181457520e-02,2.021460980176925659e-01,7.706490904092788696e-02,-1.047408938407897949e+00,2.156680971384048462e-01,-1.321125149726867676e+00,9.899198077619075775e-03,1.201400637626647949e+00,1.448686271905899048e-01,1.353592395782470703e+00,-2.999479472637176514e-01,-6.619643419981002808e-02,3.686919435858726501e-02,4.152406752109527588e-01,-4.919806718826293945e-01,1.537974178791046143e-01,-3.752283751964569092e-01,-3.393601998686790466e-02,-1.043433919548988342e-01,5.132299065589904785e-01,-3.322228193283081055e-01,-4.619670566171407700e-03
1.127974763512611389e-01,2.985732257366180420e-01,5.272625684738159180e-01,2.637312188744544983e-02,4.539249464869499207e-02,8.814138360321521759e-03,9.985821247100830078e-01,7.351510971784591675e-02,1.878125518560409546e-01,4.896107688546180725e-02,-1.032870888710021973e+00,2.101365029811859131e-01,-1.379049658775329590e+00,-1.934097334742546082e-02,1.185850262641906738e+00,1.371286958456039429e-01,1.416475772857666016e+00,-2.971534729003906250e-01,-7.042460888624191284e-02,3.507325053215026855e-02,3.938135504722595215e-01,-4.896578192710876465e-01,1.507693231105804443e-01,-3.777863085269927979e-01,-3.890948370099067688e-02,-1.079097464680671692e-01,5.022503733634948730e-01,-3.273279964923858643e-01,4.259353503584861755e-03
1.148038432002067566e-01,2.989187240600585938e-01,5.277651548385620117e-01,2.723187953233718872e-02,5.243245139718055725e-02,9.419936686754226685e-03,9.982086420059204102e-01,6.762618571519851685e-02,1.718233525753021240e-01,1.544525008648633957e-02,-1.019149661064147949e+00,2.123873680830001831e-01,-1.430970788002014160e+00,-5.340945348143577576e-02,1.176366329193115234e+00,1.375433057546615601e-01,1.468405246734619141e+00,-3.000195920467376709e-01,-7.425501197576522827e-02,3.240608796477317810e-02,3.796473443508148193e-01,-4.935139715671539307e-01,1.530143916606903076e-01,-3.866249024868011475e-01,-4.237500205636024475e-02,-1.091977283358573914e-01,4.984176754951477051e-01,-3.229821324348449707e-01,9.285017848014831543e-03
1.175399720668792725e-01,2.998591363430023193e-01,5.272544026374816895e-01,2.804462052881717682e-02,5.971403792500495911e-02,7.775866426527500153e-03,9.977911710739135742e-01,7.375420629978179932e-02,1.599645912647247314e-01,-2.037470228970050812e-02,-1.001595139503479004e+00,2.141032665967941284e-01,-1.465911984443664551e+00,-9.906030446290969849e-02,1.165070652961730957e+00,1.485619992017745972e-01,1.503160953521728516e+00,-3.134425580501556396e-01,-7.690347731113433838e-02,3.803656250238418579e-02,3.878513574600219727e-01,-5.138937234878540039e-01,1.495245546102523804e-01,-4.088774919509887695e-01,-4.664937406778335571e-02,-1.057053059339523315e-01,5.180778503417968750e-01,-3.293184041976928711e-01,1.671084575355052948e-02
1.202227249741554260e-01,3.008146286010742188e-01,5.256372094154357910e-01,2.818478643894195557e-02,6.674993783235549927e-02,5.975960753858089447e-03,9.973536729812622070e-01,7.994883507490158081e-02,1.419779807329177856e-01,-5.108308047056198120e-02,-9.889364242553710938e-01,2.146795690059661865e-01,-1.496850848197937012e+00,-1.409403085708618164e-01,1.151944398880004883e+00,1.604003757238388062e-01,1.533905506134033203e+00,-3.414559364318847656e-01,-7.832654565572738647e-02,4.106697812676429749e-02,4.227667152881622314e-01,-5.397421717643737793e-01,1.519381254911422729e-01,-4.392323195934295654e-01,-5.008117854595184326e-02,-9.975566715002059937e-02,5.524055361747741699e-01,-3.455275297164916992e-01,2.141156420111656189e-02
1.234237030148506165e-01,3.019860088825225830e-01,5.224224925041198730e-01,2.909895591437816620e-02,7.318296283483505249e-02,3.388703800737857819e-03,9.968881607055664062e-01,8.015744388103485107e-02,1.257821768522262573e-01,-8.118209242820739746e-02,-9.770422577857971191e-01,2.119473665952682495e-01,-1.532552719116210938e+00,-1.842254102230072021e-01,1.137822031974792480e+00,1.734628230333328247e-01,1.563596248626708984e+00,-3.803360760211944580e-01,-8.222788572311401367e-02,4.459312930703163147e-02,4.824384748935699463e-01,-5.882545709609985352e-01,1.607162505388259888e-01,-4.830209910869598389e-01,-5.519497767090797424e-02,-9.102820605039596558e-02,6.139550805091857910e-01,-3.749899566173553467e-01,2.387760952115058899e-02
1.268120855093002319e-01,3.026161491870880127e-01,5.171055197715759277e-01,2.951417863368988037e-02,8.019094914197921753e-02,2.795025939121842384e-03,9.963385462760925293e-01,7.635078579187393188e-02,1.050845086574554443e-01,-1.051279604434967041e-01,-9.770082831382751465e-01,2.068403810262680054e-01,-1.586015224456787109e+00,-2.220011204481124878e-01,1.123225092887878418e+00,1.751403659582138062e-01,1.598461627960205078e+00,-4.374091327190399170e-01,-8.547385036945343018e-02,4.398028180003166199e-02,5.713751316070556641e-01,-6.443935036659240723e-01,1.787485033273696899e-01,-5.347152948379516602e-01,-6.166142225265502930e-02,-8.870362490415573120e-02,6.903592944145202637e-01,-4.248086810111999512e-01,1.887862011790275574e-02
1.302441209554672241e-01,3.020403087139129639e-01,5.085826516151428223e-01,2.907420881092548370e-02,9.253767132759094238e-02,4.422248341143131256e-03,9.952747821807861328e-01,6.570730358362197876e-02,6.728368997573852539e-02,-1.518972814083099365e-01,-9.685251712799072266e-01,2.048068493604660034e-01,-1.644112110137939453e+00,-2.664294540882110596e-01,1.113399267196655273e+00,1.714421212673187256e-01,1.640353679656982422e+00,-5.250667929649353027e-01,-8.545535057783126831e-02,3.788672015070915222e-02,6.911620497703552246e-01,-6.990994215011596680e-01,2.030902057886123657e-01,-6.090394854545593262e-01,-6.584211438894271851e-02,-8.960948139429092407e-02,7.888469099998474121e-01,-4.931784570217132568e-01,-4.435684604686684906e-05
1.335140019655227661e-01,3.013122975826263428e-01,4.984544217586517334e-01,2.855121530592441559e-02,1.052631586790084839e-01,7.157241925597190857e-03,9.940086603164672852e-01,5.651489645242691040e-02,2.687797881662845612e-02,-2.067815363407135010e-01,-9.600116610527038574e-01,2.068455666303634644e-01,-1.699917554855346680e+00,-3.020563125610351562e-01,1.087674260139465332e+00,1.652799844741821289e-01,1.690171480178833008e+00,-6.141337156295776367e-01,-8.559544384479522705e-02,3.237873688340187073e-02,8.087816238403320312e-01,-7.515695691108703613e-01,2.225269526243209839e-01,-6.860971450805664062e-01,-7.147354632616043091e-02,-9.227492660284042358e-02,8.905041813850402832e-01,-5.601781606674194336e-01,-2.442225627601146698e-02
1.377968639135360718e-01,3.002263009548187256e-01,4.864291250705718994e-01,2.891987748444080353e-02,1.186320707201957703e-01,8.556898683309555054e-03,9.924801588058471680e-01,5.255977809429168701e-02,-2.685048803687095642e-02,-2.573032975196838379e-01,-9.630115032196044922e-01,2.005019187927246094e-01,-1.750348448753356934e+00,-3.371402621269226074e-01,1.065197110176086426e+00,1.541088521480560303e-01,1.737060308456420898e+00,-7.006598711013793945e-01,-8.537024259567260742e-02,3.192779421806335449e-02,9.276853799819946289e-01,-8.017538189888000488e-01,2.462411373853683472e-01,-7.701221704483032227e-01,-7.678370177745819092e-02,-9.064976871013641357e-02,1.002190232276916504e+00,-6.057463288307189941e-01,-5.227233096957206726e-02
1.442572772502899170e-01,2.984143793582916260e-01,4.744718670845031738e-01,3.012369200587272644e-02,1.285563111305236816e-01,7.731259334832429886e-03,9.912144541740417480e-01,5.169469490647315979e-02,-7.913933694362640381e-02,-3.006737828254699707e-01,-9.673460125923156738e-01,2.004803121089935303e-01,-1.776235342025756836e+00,-3.610272109508514404e-01,1.043848276138305664e+00,1.513232886791229248e-01,1.771390080451965332e+00,-7.648308277130126953e-01,-8.597721904516220093e-02,3.060587309300899506e-02,1.029982209205627441e+00,-8.534954786300659180e-01,2.678147256374359131e-01,-8.374825119972229004e-01,-8.023688197135925293e-02,-8.846919983625411987e-02,1.104639172554016113e+00,-6.435790657997131348e-01,-8.567253500223159790e-02
1.502261161804199219e-01,2.956466674804687500e-01,4.687581658363342285e-01,3.396904468536376953e-02,1.370162665843963623e-01,1.114308554679155350e-02,9.899234771728515625e-01,4.685083031654357910e-02,-1.189252510666847229e-01,-3.235358595848083496e-01,-9.537742733955383301e-01,1.954891979694366455e-01,-1.778745412826538086e+00,-3.594949543476104736e-01,9.976996183395385742e-01,1.281563490629196167e-01,1.787482023239135742e+00,-7.924079895019531250e-01,-9.287807345390319824e-02,2.631046622991561890e-02,1.062486410140991211e+00,-8.699998855590820312e-01,2.849156260490417480e-01,-8.663642406463623047e-01,-8.135187625885009766e-02,-8.305390924215316772e-02,1.149925827980041504e+00,-6.822992563247680664e-01,-1.447667479515075684e-01
1.614958941936492920e-01,2.927243113517761230e-01,4.676167666912078857e-01,3.621403500437736511e-02,1.433709561824798584e-01,1.360978186130523682e-02,9.889125823974609375e-01,4.071243107318878174e-02,-1.740608662366867065e-01,-3.233315348625183105e-01,-9.274355173110961914e-01,2.042650133371353149e-01,-1.753824114799499512e+00,-3.248129189014434814e-01,9.594489932060241699e-01,1.118998080492019653e-01,1.774742245674133301e+00,-7.740855216979980469e-01,-9.302160888910293579e-02,2.271479181945323944e-02,1.048749804496765137e+00,-8.700000047683715820e-01,2.844545245170593262e-01,-8.503370285034179688e-01,-7.595598697662353516e-02,-8.613976836204528809e-02,1.152402400970458984e+00,-7.110189795494079590e-01,-1.719962060451507568e-01
1.835711300373077393e-01,2.920542657375335693e-01,4.741689264774322510e-01,3.757637739181518555e-02,1.446690261363983154e-01,1.509031560271978378e-02,9.886512160301208496e-01,2.944016084074974060e-02,-2.367398142814636230e-01,-2.714524865150451660e-01,-8.937954306602478027e-01,2.086320817470550537e-01,-1.708600997924804688e+00,-2.275717854499816895e-01,9.443349838256835938e-01,8.708952367305755615e-02,1.738452196121215820e+00,-6.698791384696960449e-01,-8.968704193830490112e-02,2.786112390458583832e-02,9.576287865638732910e-01,-8.700000047683715820e-01,2.564018964767456055e-01,-7.498084306716918945e-01,-7.816506922245025635e-02,-1.015217304229736328e-01,1.069033503532409668e+00,-7.146419286727905273e-01,-1.560294926166534424e-01
2.121865600347518921e-01,2.935823500156402588e-01,4.908325076103210449e-01,3.674551099538803101e-02,1.190829277038574219e-01,2.003115229308605194e-02,9.920018911361694336e-01,1.371364574879407883e-02,-2.282382845878601074e-01,-1.529896259307861328e-01,-8.748249411582946777e-01,2.520038783550262451e-01,-1.610501885414123535e+00,-3.240425139665603638e-02,9.514171481132507324e-01,5.330716818571090698e-02,1.654782056808471680e+00,-4.323631823062896729e-01,-8.658263087272644043e-02,2.639140374958515167e-02,7.519767284393310547e-01,-7.914916872978210449e-01,1.925631761550903320e-01,-5.068294405937194824e-01,-7.868177443742752075e-02,-1.308245211839675903e-01,8.635457754135131836e-01,-6.298992633819580078e-01,-9.064714610576629639e-02
2.359935045242309570e-01,2.977382242679595947e-01,5.093929767608642578e-01,3.811377286911010742e-02,1.036028787493705750e-01,2.678305655717849731e-02,9.935272932052612305e-01,1.009179465472698212e-02,-2.170607745647430420e-01,-5.503413081169128418e-02,-9.062512516975402832e-01,3.065503537654876709e-01,-1.450690269470214844e+00,8.649444580078125000e-02,1.001922011375427246e+00,6.016281619668006897e-02,1.477489709854125977e+00,-2.162121683359146118e-01,-9.001644700765609741e-02,2.495643682777881622e-02,4.906980693340301514e-01,-5.094023346900939941e-01,1.052904948592185974e-01,-2.976160049438476562e-01,-8.189473301172256470e-02,-1.481853723526000977e-01,6.331296563148498535e-01,-3.556897044181823730e-01,2.926671318709850311e-02
2.435121834278106689e-01,3.001896440982818604e-01,5.310116410255432129e-01,4.320225492119789124e-02,9.540789574384689331e-02,2.209972031414508820e-02,9.942547678947448730e-01,3.078461624681949615e-02,-2.094400376081466675e-01,6.855885684490203857e-02,-9.541717767715454102e-01,2.703860998153686523e-01,-1.269652605056762695e+00,1.351684629917144775e-01,1.062986254692077637e+00,6.875412166118621826e-02,1.241916418075561523e+00,-1.218736469745635986e-01,-8.796396851539611816e-02,7.176193594932556152e-02,3.153759837150573730e-01,-2.564770728349685669e-02,5.435065180063247681e-02,-1.716124266386032104e-01,-9.208350628614425659e-02,-1.330096572637557983e-01,4.096446931362152100e-01,1.580410897731781006e-01,1.078768149018287659e-01
2.750916481018066406e-01,2.984386980533599854e-01,5.467306971549987793e-01,4.099981486797332764e-02,8.163996785879135132e-02,2.613531611859798431e-02,9.954751729965209961e-01,1.825568452477455139e-02,-2.032133638858795166e-01,1.613644510507583618e-01,-1.005722165107727051e+00,2.488565593957901001e-01,-1.095717787742614746e+00,1.562960743904113770e-01,1.152554750442504883e+00,4.666078090667724609e-02,9.881359338760375977e-01,-8.987454324960708618e-02,-9.000685065984725952e-02,4.875142499804496765e-02,3.990160524845123291e-01,2.826921045780181885e-01,1.702866144478321075e-02,-1.775350570678710938e-01,-9.254629909992218018e-02,-1.398968845605850220e-01,5.521079301834106445e-01,3.449996411800384521e-01,1.239835098385810852e-01
2.958398759365081787e-01,3.009538054466247559e-01,5.826375484466552734e-01,3.293991088867187500e-02,6.372670084238052368e-02,1.580849103629589081e-02,9.972983598709106445e-01,2.774163894355297089e-02,-1.500468254089355469e-01,2.508703172206878662e-01,-1.099683761596679688e+00,2.220399230718612671e-01,-8.994681835174560547e-01,1.887172609567642212e-01,1.247709870338439941e+00,3.867544978857040405e-02,7.336171865463256836e-01,-1.419388353824615479e-01,-1.536491960287094116e-01,-3.121727705001831055e-02,6.078855991363525391e-01,2.658195495605468750e-01,-1.370373554527759552e-02,-2.157634496688842773e-01,-6.551589071750640869e-02,-1.064494326710700989e-01,6.521507501602172852e-01,3.446729779243469238e-01,8.649106323719024658e-02
3.273830413818359375e-01,3.043240308761596680e-01,6.018098592758178711e-01,3.444398939609527588e-02,3.731517493724822998e-02,9.392067790031433105e-03,9.986655712127685547e-01,3.398589044809341431e-02,-7.033408433198928833e-02,3.488700091838836670e-01,-1.190084576606750488e+00,1.721364408731460571e-01,-7.394752502441406250e-01,2.398474365472793579e-01,1.309981942176818848e+00,-2.558778272941708565e-03,4.894006252288818359e-01,-1.624904274940490723e-01,-2.002347409725189209e-01,-7.431008853018283844e-03,8.273378014564514160e-01,2.377390116453170776e-01,-2.149053663015365601e-02,-2.381879985332489014e-01,-1.122231781482696533e-01,-1.506423801183700562e-01,8.221144080162048340e-01,3.449491560459136963e-01,6.845940649509429932e-02
3.527799844741821289e-01,3.148550689220428467e-01,6.119398474693298340e-01,1.712884940207004547e-02,1.347895711660385132e-02,-3.075845073908567429e-03,9.997577071189880371e-01,4.352360591292381287e-02,-1.147878356277942657e-02,4.077341258525848389e-01,-1.230817317962646484e+00,1.141863837838172913e-01,-5.784564614295959473e-01,2.835977077484130859e-01,1.359827280044555664e+00,-2.305626310408115387e-02,2.989692389965057373e-01,-2.241788357496261597e-01,-1.557780057191848755e-01,7.374686002731323242e-02,1.043613433837890625e+00,1.997879743576049805e-01,-1.520130876451730728e-02,-3.045675456523895264e-01,-1.522702574729919434e-01,-1.674317121505737305e-01,9.645935297012329102e-01,3.448329567909240723e-01,7.361460477113723755e-02
3.817380070686340332e-01,3.152821063995361328e-01,6.226719617843627930e-01,1.522951573133468628e-02,1.173721347004175186e-02,-7.348689250648021698e-03,9.997881054878234863e-01,5.120511725544929504e-02,-6.261616013944149017e-03,4.270011782646179199e-01,-1.263139367103576660e+00,7.529038935899734497e-02,-4.634909927845001221e-01,3.119666576385498047e-01,1.380264163017272949e+00,-7.199127972126007080e-02,1.998439282178878784e-01,-2.895904779434204102e-01,-9.174209833145141602e-02,1.229001581668853760e-01,1.096036076545715332e+00,1.584925949573516846e-01,-5.376557819545269012e-03,-3.773126602172851562e-01,-1.761218756437301636e-01,-1.889620274305343628e-01,9.866294860839843750e-01,3.443550467491149902e-01,6.974972039461135864e-02
4.122258126735687256e-01,3.133785724639892578e-01,6.279814839363098145e-01,1.643706299364566803e-02,6.403440609574317932e-03,-5.438622552901506424e-03,9.998295903205871582e-01,4.878179728984832764e-02,2.437617862597107887e-03,4.541662931442260742e-01,-1.273262143135070801e+00,6.032766029238700867e-02,-3.864694535732269287e-01,3.736002445220947266e-01,1.393932580947875977e+00,-1.230798065662384033e-01,1.890520304441452026e-01,-3.262106478214263916e-01,-5.780809745192527771e-02,1.227024197578430176e-01,1.049696564674377441e+00,1.331460922956466675e-01,2.295739948749542236e-02,-4.163801670074462891e-01,-1.675468087196350098e-01,-1.964669674634933472e-01,9.344518184661865234e-01,3.436647653579711914e-01,7.662510871887207031e-02
4.455167353153228760e-01,3.101372718811035156e-01,6.273306012153625488e-01,2.075820975005626678e-02,-3.400427056476473808e-03,-5.362290423363447189e-03,9.997643828392028809e-01,4.847840219736099243e-02,2.243753522634506226e-02,4.923920035362243652e-01,-1.275855064392089844e+00,6.656359136104583740e-02,-3.483332395553588867e-01,4.445410668849945068e-01,1.396160125732421875e+00,-1.346438974142074585e-01,2.107695788145065308e-01,-3.263838291168212891e-01,-3.771107271313667297e-02,1.060153096914291382e-01,9.240518808364868164e-01,9.576489776372909546e-02,3.662528842687606812e-02,-4.251235127449035645e-01,-1.520875841379165649e-01,-1.960329413414001465e-01,8.265417814254760742e-01,3.424588441848754883e-01,1.116558536887168884e-01
4.820459485054016113e-01,3.048958182334899902e-01,6.227239370346069336e-01,2.532496675848960876e-02,-1.324893161654472351e-02,-2.641989616677165031e-03,9.995879530906677246e-01,4.750147834420204163e-02,4.301010817289352417e-02,5.413689613342285156e-01,-1.264473319053649902e+00,7.151967287063598633e-02,-3.586965501308441162e-01,5.101276040077209473e-01,1.392719864845275879e+00,-1.580567806959152222e-01,2.463428229093551636e-01,-2.996920645236968994e-01,-1.343209855258464813e-02,9.008373320102691650e-02,7.431291341781616211e-01,4.736201837658882141e-02,4.468087106943130493e-02,-4.105544984340667725e-01,-1.266927123069763184e-01,-1.853065788745880127e-01,6.795474290847778320e-01,3.225632309913635254e-01,1.456684768199920654e-01
5.171113014221191406e-01,2.999641597270965576e-01,6.132086515426635742e-01,2.934188954532146454e-02,-1.410281658172607422e-02,-1.700143329799175262e-04,9.994699358940124512e-01,5.262679979205131531e-02,5.319134518504142761e-02,5.724266171455383301e-01,-1.247681856155395508e+00,6.382706016302108765e-02,-3.956522941589355469e-01,5.356634855270385742e-01,1.378525733947753906e+00,-1.722939908504486084e-01,2.616904377937316895e-01,-2.861239314079284668e-01,7.227495312690734863e-03,8.917524665594100952e-02,5.403838157653808594e-01,1.963277161121368408e-02,4.726595431566238403e-02,-4.110080003738403320e-01,-1.025366261601448059e-01,-1.659397482872009277e-01,5.108795166015625000e-01,3.023869991302490234e-01,1.679291278123855591e-01
5.525106191635131836e-01,2.962754964828491211e-01,5.954447388648986816e-01,3.321218490600585938e-02,-9.284589439630508423e-03,1.758369035087525845e-03,9.994036555290222168e-01,6.040280684828758240e-02,5.287978425621986389e-02,5.801485776901245117e-01,-1.234153628349304199e+00,5.376287177205085754e-02,-4.321986138820648193e-01,5.378428101539611816e-01,1.355507135391235352e+00,-1.768536567687988281e-01,2.725407779216766357e-01,-2.769303023815155029e-01,1.098389737308025360e-02,8.010377734899520874e-02,3.339397609233856201e-01,5.410839617252349854e-02,2.543393895030021667e-02,-4.147315621376037598e-01,-8.968167752027511597e-02,-1.435404717922210693e-01,3.529908657073974609e-01,3.449971675872802734e-01,1.934992522001266479e-01
5.943600535392761230e-01,2.911976575851440430e-01,5.722748637199401855e-01,3.610672056674957275e-02,-1.038632728159427643e-02,6.491906940937042236e-03,9.992728829383850098e-01,5.643453076481819153e-02,6.342752277851104736e-02,5.834389328956604004e-01,-1.209587931632995605e+00,5.664099752902984619e-02,-4.677157402038574219e-01,5.400525331497192383e-01,1.333218216896057129e+00,-1.807812303304672241e-01,2.792117595672607422e-01,-2.785547077655792236e-01,-2.152443863451480865e-03,4.981348663568496704e-02,2.143156677484512329e-01,5.481265485286712646e-02,-2.128986082971096039e-02,-4.256353974342346191e-01,-9.087723493576049805e-02,-1.490197330713272095e-01,3.178335428237915039e-01,3.449999988079071045e-01,2.155086249113082886e-01
6.279887557029724121e-01,2.887627780437469482e-01,5.387991070747375488e-01,4.014582559466362000e-02,-2.115640789270401001e-02,1.328429393470287323e-02,9.988815188407897949e-01,4.849769175052642822e-02,8.118553459644317627e-02,5.943347811698913574e-01,-1.177898764610290527e+00,6.309474259614944458e-02,-5.049815773963928223e-01,5.578196048736572266e-01,1.304482340812683105e+00,-1.685390919446945190e-01,2.953702509403228760e-01,-3.008304238319396973e-01,-3.263233602046966553e-02,1.485155988484621048e-02,1.976601183414459229e-01,6.477222591638565063e-02,-8.959893137216567993e-02,-4.351264238357543945e-01,-8.947236835956573486e-02,-1.174221113324165344e-01,3.738661408424377441e-01,3.449999988079071045e-01,2.316082864999771118e-01
6.329122781753540039e-01,2.909719645977020264e-01,5.105479955673217773e-01,3.438117727637290955e-02,-3.981562331318855286e-02,9.686208330094814301e-03,9.985684156417846680e-01,4.925305396318435669e-02,1.091079860925674438e-01,5.936582088470458984e-01,-1.126368880271911621e+00,1.091345176100730896e-01,-5.386362075805664062e-01,5.756251215934753418e-01,1.268883347511291504e+00,-9.693174809217453003e-02,3.237103521823883057e-01,-3.883087337017059326e-01,-4.199242591857910156e-02,2.467509359121322632e-02,3.560453355312347412e-01,-7.459218800067901611e-02,4.594635590910911560e-02,-4.809502363204956055e-01,-6.748974323272705078e-02,-9.091019630432128906e-02,5.239298343658447266e-01,6.031981110572814941e-02,5.695575475692749023e-02
6.502909660339355469e-01,2.905719280242919922e-01,4.917347431182861328e-01,2.834862656891345978e-02,-4.704955965280532837e-02,3.565707709640264511e-03,9.984838366508483887e-01,9.191408753395080566e-02,1.515775769948959351e-01,5.407311320304870605e-01,-1.103531122207641602e+00,9.445752948522567749e-02,-5.207335948944091797e-01,4.939646124839782715e-01,1.229903578758239746e+00,2.048685681074857712e-03,2.908208370208740234e-01,-5.436056256294250488e-01,-1.253562234342098236e-02,9.325327724218368530e-02,7.434520125389099121e-01,-4.047906696796417236e-01,1.621861457824707031e-01,-5.852482914924621582e-01,-5.934483185410499573e-02,-9.667193144559860229e-02,7.965696454048156738e-01,-2.447118163108825684e-01,-6.475818157196044922e-02
6.688795685768127441e-01,2.923944592475891113e-01,4.800814390182495117e-01,2.548537775874137878e-02,-7.252247631549835205e-02,-1.232762122526764870e-03,9.970403313636779785e-01,1.155452728271484375e-01,1.999623477458953857e-01,5.045029520988464355e-01,-1.112201809883117676e+00,8.995787799358367920e-02,-4.681389927864074707e-01,4.511336982250213623e-01,1.222617983818054199e+00,4.131172597408294678e-02,2.673115134239196777e-01,-5.517092943191528320e-01,-1.493202894926071167e-02,6.920170783996582031e-02,9.312189221382141113e-01,-5.236099362373352051e-01,2.014802098274230957e-01,-5.890787243843078613e-01,-6.091759353876113892e-02,-8.884631097316741943e-02,9.682279825210571289e-01,-3.396127521991729736e-01,-8.170703053474426270e-02
6.817290782928466797e-01,2.927154004573822021e-01,4.800871908664703369e-01,2.923376485705375671e-02,-7.995684444904327393e-02,-1.608203351497650146e-02,9.962397813796997070e-01,1.638192534446716309e-01,2.188701927661895752e-01,4.649072587490081787e-01,-1.155529499053955078e+00,7.854469865560531616e-02,-4.621692001819610596e-01,3.807964026927947998e-01,1.211824178695678711e+00,1.014269366860389709e-01,3.082030415534973145e-01,-5.063623785972595215e-01,-4.788892343640327454e-03,1.018033772706985474e-01,9.501170516014099121e-01,-5.694563984870910645e-01,2.068503051996231079e-01,-5.618199110031127930e-01,-5.473050102591514587e-02,-6.736018508672714233e-02,9.924861788749694824e-01,-3.782124817371368408e-01,-8.598661422729492188e-02
6.892144680023193359e-01,2.924595773220062256e-01,4.886462390422821045e-01,3.130221739411354065e-02,-7.707030326128005981e-02,-1.436073798686265945e-02,9.964306950569152832e-01,1.682168692350387573e-01,2.228047400712966919e-01,4.124534130096435547e-01,-1.173071742057800293e+00,9.284456074237823486e-02,-4.879466593265533447e-01,3.198346495628356934e-01,1.212925553321838379e+00,1.008048355579376221e-01,3.803429901599884033e-01,-4.469894170761108398e-01,-1.486287824809551239e-02,1.001447737216949463e-01,8.748053908348083496e-01,-5.685991048812866211e-01,1.861773431301116943e-01,-5.034299492835998535e-01,-5.694584921002388000e-02,-6.708623468875885010e-02,9.208260774612426758e-01,-3.875452280044555664e-01,-7.516771554946899414e-02
6.951604485511779785e-01,2.924198806285858154e-01,5.000387430191040039e-01,2.971422299742698669e-02,-7.024825364351272583e-02,-1.141868904232978821e-02,9.970214962959289551e-01,1.561671048402786255e-01,2.004966288805007935e-01,3.675803244113922119e-01,-1.167556047439575195e+00,1.039590388536453247e-01,-5.423142910003662109e-01,2.585980892181396484e-01,1.224492788314819336e+00,9.399793297052383423e-02,4.497398734092712402e-01,-3.760809600353240967e-01,-1.704798638820648193e-02,1.005921587347984314e-01,7.531080245971679688e-01,-5.366012454032897949e-01,1.590171158313751221e-01,-4.343589544296264648e-01,-5.310650169849395752e-02,-7.791011780500411987e-02,8.085271716117858887e-01,-3.551094830036163330e-01,-5.135241895914077759e-02
7.005666494369506836e-01,2.912511825561523438e-01,5.113811492919921875e-01,2.762376517057418823e-02,-6.401806324720382690e-02,-6.054098252207040787e-03,9.975479841232299805e-01,1.388345807790756226e-01,1.686781942844390869e-01,3.220003545284271240e-01,-1.163810968399047852e+00,1.363510787487030029e-01,-5.874828696250915527e-01,2.156861275434494019e-01,1.244068026542663574e+00,7.939654588699340820e-02,5.156158208847045898e-01,-3.000352978706359863e-01,-2.035589888691902161e-02,8.982816338539123535e-02,6.186501383781433105e-01,-4.787234663963317871e-01,1.367852985858917236e-01,-3.614674508571624756e-01,-4.764997586607933044e-02,-9.787847846746444702e-02,6.874793767929077148e-01,-3.141263127326965332e-01,-3.264650329947471619e-02
7.056112885475158691e-01,2.906872630119323730e-01,5.200486779212951660e-01,2.582360059022903442e-02,-5.340138077735900879e-02,8.227779762819409370e-04,9.982388019561767578e-01,1.252909600734710693e-01,1.286542415618896484e-01,2.658097445964813232e-01,-1.157494306564331055e+00,1.767613142728805542e-01,-6.306743621826171875e-01,1.603074967861175537e-01,1.262482285499572754e+00,6.596264243125915527e-02,5.565927028656005859e-01,-2.421756386756896973e-01,-2.469140291213989258e-02,7.987838983535766602e-02,4.903935492038726807e-01,-4.184904992580413818e-01,1.199785098433494568e-01,-3.055385351181030273e-01,-4.033868387341499329e-02,-1.137171313166618347e-01,5.762791633605957031e-01,-2.719866931438446045e-01,-1.607263460755348206e-02
7.101935744285583496e-01,2.898109555244445801e-01,5.258910655975341797e-01,2.486125752329826355e-02,-4.319015890359878540e-02,6.735365372151136398e-03,9.987347722053527832e-01,1.102048978209495544e-01,8.726599812507629395e-02,2.165371030569076538e-01,-1.147304177284240723e+00,2.161733508110046387e-01,-6.849669218063354492e-01,1.109008789062500000e-01,1.274530291557312012e+00,6.612418591976165771e-02,5.935476422309875488e-01,-1.974801421165466309e-01,-2.748054452240467072e-02,7.150404155254364014e-02,3.870692849159240723e-01,-3.776954710483551025e-01,1.099723950028419495e-01,-2.628116905689239502e-01,-3.355934470891952515e-02,-1.244606897234916687e-01,4.855028390884399414e-01,-2.422751635313034058e-01,-1.213037315756082535e-02
7.138811945915222168e-01,2.888190448284149170e-01,5.287671685218811035e-01,2.414646372199058533e-02,-3.363822028040885925e-02,9.968871250748634338e-03,9.990925788879394531e-01,1.040763705968856812e-01,4.988305643200874329e-02,1.756088882684707642e-01,-1.127277970314025879e+00,2.448281794786453247e-01,-7.522227764129638672e-01,6.775654852390289307e-02,1.277555465698242188e+00,7.431524991989135742e-02,6.395763754844665527e-01,-1.718970090150833130e-01,-2.844942174851894379e-02,6.296786665916442871e-02,3.184316158294677734e-01,-3.617367446422576904e-01,1.048306375741958618e-01,-2.399298697710037231e-01,-2.618457190692424774e-02,-1.290121972560882568e-01,4.239008426666259766e-01,-2.250160425901412964e-01,-7.104266900569200516e-03
7.167665958404541016e-01,2.876551151275634766e-01,5.299597978591918945e-01,2.318933419883251190e-02,-2.578435651957988739e-02,1.319594588130712509e-02,9.993113875389099121e-01,9.916229546070098877e-02,3.057790547609329224e-02,1.373157501220703125e-01,-1.107421517372131348e+00,2.635146677494049072e-01,-8.182343840599060059e-01,2.381181158125400543e-02,1.276845812797546387e+00,8.801598846912384033e-02,6.759259700775146484e-01,-1.592673957347869873e-01,-2.651992999017238617e-02,5.506467074155807495e-02,2.761396467685699463e-01,-3.654132485389709473e-01,1.100549325346946716e-01,-2.305621951818466187e-01,-1.982080563902854919e-02,-1.310262382030487061e-01,3.903643786907196045e-01,-2.285896688699722290e-01,-1.384616456925868988e-02
7.191852331161499023e-01,2.865718305110931396e-01,5.296406149864196777e-01,2.218146994709968567e-02,-1.701076328754425049e-02,1.639236696064472198e-02,9.994748234748840332e-01,9.419573843479156494e-02,2.040750533342361450e-02,9.724470973014831543e-02,-1.091445684432983398e+00,2.664101421833038330e-01,-8.723599314689636230e-01,-1.658470183610916138e-02,1.273156881332397461e+00,9.201572090387344360e-02,7.101733684539794922e-01,-1.705404967069625854e-01,-2.450122870504856110e-02,4.319033399224281311e-02,2.688840329647064209e-01,-3.721135258674621582e-01,1.213316172361373901e-01,-2.424698770046234131e-01,-1.646897383034229279e-02,-1.358592808246612549e-01,3.885610997676849365e-01,-2.357372343540191650e-01,-1.450200751423835754e-02
7.226673364639282227e-01,2.862921953201293945e-01,5.294924974441528320e-01,2.088259905576705933e-02,-1.267678290605545044e-02,1.875297725200653076e-02,9.995256662368774414e-01,9.054746478796005249e-02,2.121097780764102936e-02,6.922584027051925659e-02,-1.085508942604064941e+00,2.563493847846984863e-01,-8.990237116813659668e-01,-4.164030030369758606e-02,1.271906375885009766e+00,8.937073498964309692e-02,7.318524122238159180e-01,-1.780176460742950439e-01,-2.143029309809207916e-02,3.828185796737670898e-02,2.768676877021789551e-01,-3.778920471668243408e-01,1.239996924996376038e-01,-2.466773688793182373e-01,-1.413747109472751617e-02,-1.396322399377822876e-01,3.930385410785675049e-01,-2.440188974142074585e-01,-1.855191588401794434e-02
7.266925573348999023e-01,2.866347432136535645e-01,5.293867588043212891e-01,1.961550861597061157e-02,-9.350558742880821228e-03,1.959129236638545990e-02,9.995719194412231445e-01,9.682410955429077148e-02,2.605229057371616364e-02,5.231241136789321899e-02,-1.084101676940917969e+00,2.412467151880264282e-01,-9.022189974784851074e-01,-5.846753716468811035e-02,1.267789244651794434e+00,9.660415351390838623e-02,7.400185465812683105e-01,-1.817636638879776001e-01,-1.930287666618824005e-02,3.720060735940933228e-02,2.842288315296173096e-01,-3.763240575790405273e-01,1.206706091761589050e-01,-2.469822615385055542e-01,-1.299283653497695923e-02,-1.431503742933273315e-01,3.961616158485412598e-01,-2.485749721527099609e-01,-2.129152230918407440e-02
7.309056520462036133e-01,2.877710759639739990e-01,5.296996235847473145e-01,2.018625102937221527e-02,-7.130406796932220459e-03,1.946911402046680450e-02,9.995812177658081055e-01,1.052118241786956787e-01,2.430631220340728760e-02,5.827168747782707214e-02,-1.090760231018066406e+00,2.237106561660766602e-01,-9.095481038093566895e-01,-5.758925154805183411e-02,1.264837145805358887e+00,1.060150042176246643e-01,7.538810372352600098e-01,-1.782417446374893188e-01,-2.263832464814186096e-02,4.108894988894462585e-02,2.848903536796569824e-01,-3.764969408512115479e-01,1.195915788412094116e-01,-2.387718856334686279e-01,-1.583571359515190125e-02,-1.422369480133056641e-01,3.896406590938568115e-01,-2.540943026542663574e-01,-1.865616068243980408e-02
7.345026731491088867e-01,2.885525822639465332e-01,5.302437543869018555e-01,2.017439343035221100e-02,-2.740327967330813408e-03,1.928587444126605988e-02,9.996066689491271973e-01,1.017838567495346069e-01,1.655509881675243378e-02,6.773879379034042358e-02,-1.096904516220092773e+00,2.115461528301239014e-01,-9.175332188606262207e-01,-4.699389636516571045e-02,1.259890079498291016e+00,1.173111572861671448e-01,7.828651666641235352e-01,-1.776679754257202148e-01,-2.389077097177505493e-02,4.446842521429061890e-02,2.809451520442962646e-01,-3.781944215297698975e-01,1.188744381070137024e-01,-2.314876168966293335e-01,-1.557537727057933807e-02,-1.405707150697708130e-01,3.737606704235076904e-01,-2.572286128997802734e-01,-1.880723610520362854e-02
7.378824353218078613e-01,2.893252074718475342e-01,5.306798815727233887e-01,2.019279636442661285e-02,3.038516268134117126e-03,1.856293901801109314e-02,9.996191263198852539e-01,1.050726696848869324e-01,1.291270367801189423e-02,8.108329027891159058e-02,-1.098859786987304688e+00,1.978703737258911133e-01,-9.285457134246826172e-01,-3.981859236955642700e-02,1.247557640075683594e+00,1.261986494064331055e-01,8.117458224296569824e-01,-1.735679060220718384e-01,-2.641352266073226929e-02,4.288664832711219788e-02,2.663337588310241699e-01,-3.825349807739257812e-01,1.183344647288322449e-01,-2.298063784837722778e-01,-1.619546860456466675e-02,-1.393814980983734131e-01,3.600756824016571045e-01,-2.563953697681427002e-01,-1.731873676180839539e-02
7.407194375991821289e-01,2.901590466499328613e-01,5.309053063392639160e-01,2.061602473258972168e-02,1.037837378680706024e-02,1.747265271842479706e-02,9.995809197425842285e-01,1.081480309367179871e-01,9.766940958797931671e-03,9.900611639022827148e-02,-1.094491958618164062e+00,1.833831369876861572e-01,-9.464527368545532227e-01,-3.184141963720321655e-02,1.232717871665954590e+00,1.348160058259963989e-01,8.444271683692932129e-01,-1.774868965148925781e-01,-2.930890582501888275e-02,4.549575224518775940e-02,2.574486434459686279e-01,-3.926297426223754883e-01,1.194489449262619019e-01,-2.370205223560333252e-01,-1.781994663178920746e-02,-1.365448534488677979e-01,3.542704880237579346e-01,-2.587818801403045654e-01,-1.290822401642799377e-02
7.438347935676574707e-01,2.910348474979400635e-01,5.309242606163024902e-01,2.127279713749885559e-02,1.709365844726562500e-02,1.612512022256851196e-02,9.994974732398986816e-01,1.089837849140167236e-01,8.569759316742420197e-03,1.242037862539291382e-01,-1.087649583816528320e+00,1.721749752759933472e-01,-9.680190086364746094e-01,-1.941043697297573090e-02,1.218813180923461914e+00,1.381613165140151978e-01,8.757623434066772461e-01,-1.814110130071640015e-01,-3.273183479905128479e-02,4.680399224162101746e-02,2.521642446517944336e-01,-4.014013111591339111e-01,1.185887306928634644e-01,-2.470202594995498657e-01,-2.144580334424972534e-02,-1.334615498781204224e-01,3.580007553100585938e-01,-2.689397037029266357e-01,-1.155617833137512207e-02
7.469420433044433594e-01,2.920908033847808838e-01,5.308130979537963867e-01,2.170942164957523346e-02,2.297872677445411682e-02,1.534528937190771103e-02,9.993824362754821777e-01,1.089419424533843994e-01,1.099989190697669983e-02,1.497482061386108398e-01,-1.080013394355773926e+00,1.744485795497894287e-01,-9.876495003700256348e-01,1.532385067548602819e-04,1.211240410804748535e+00,1.420634239912033081e-01,9.153615236282348633e-01,-1.901129633188247681e-01,-3.626077994704246521e-02,4.770565405488014221e-02,2.578932344913482666e-01,-4.127106368541717529e-01,1.219984889030456543e-01,-2.581550478935241699e-01,-2.445887029170989990e-02,-1.301516294479370117e-01,3.651896119117736816e-01,-2.738995850086212158e-01,-7.161756977438926697e-03
7.505224347114562988e-01,2.932310998439788818e-01,5.305684804916381836e-01,2.201991342008113861e-02,2.628238871693611145e-02,1.391379628330469131e-02,9.993151426315307617e-01,1.064095571637153625e-01,1.377972494810819626e-02,1.801878809928894043e-01,-1.080015897750854492e+00,1.714802831411361694e-01,-1.002373456954956055e+00,2.865114994347095490e-02,1.205678582191467285e+00,1.409362554550170898e-01,9.527266025543212891e-01,-1.954368203878402710e-01,-3.893590345978736877e-02,4.901919141411781311e-02,2.703000605106353760e-01,-4.300912916660308838e-01,1.271177977323532104e-01,-2.639824450016021729e-01,-2.869828417897224426e-02,-1.300277858972549438e-01,3.757872879505157471e-01,-2.832142710685729980e-01,-4.942237399518489838e-03
7.540673017501831055e-01,2.947077751159667969e-01,5.299978256225585938e-01,2.233351580798625946e-02,3.071347624063491821e-02,1.321243401616811752e-02,9.991913437843322754e-01,1.070143878459930420e-01,1.671522110700607300e-02,2.098264694213867188e-01,-1.079851031303405762e+00,1.730513125658035278e-01,-1.021396279335021973e+00,5.802564695477485657e-02,1.206972002983093262e+00,1.356980204582214355e-01,9.950476288795471191e-01,-2.123911380767822266e-01,-4.260024428367614746e-02,4.974804818630218506e-02,2.977123558521270752e-01,-4.531084597110748291e-01,1.350181102752685547e-01,-2.730393409729003906e-01,-3.201847150921821594e-02,-1.234110221266746521e-01,3.887934088706970215e-01,-3.004318773746490479e-01,-3.652349114418029785e-03
7.577627301216125488e-01,2.960915565490722656e-01,5.286121368408203125e-01,2.160722389817237854e-02,3.695257380604743958e-02,1.260790880769491196e-02,9.990038275718688965e-01,1.036061272025108337e-01,2.020708285272121429e-02,2.337848991155624390e-01,-1.075526595115661621e+00,1.789504587650299072e-01,-1.043995141983032227e+00,8.497735857963562012e-02,1.209763050079345703e+00,1.372915357351303101e-01,1.037617206573486328e+00,-2.494010478258132935e-01,-4.444392025470733643e-02,4.805982857942581177e-02,3.533341884613037109e-01,-4.865807294845581055e-01,1.427185386419296265e-01,-2.988390326499938965e-01,-3.454232215881347656e-02,-1.188484579324722290e-01,4.263288676738739014e-01,-3.399782478809356689e-01,-1.101636560633778572e-03
7.624712586402893066e-01,2.977072596549987793e-01,5.251604914665222168e-01,2.150998637080192566e-02,4.195769876241683960e-02,1.130797248333692551e-02,9.988238215446472168e-01,1.043625399470329285e-01,2.028964273631572723e-02,2.583360075950622559e-01,-1.067862510681152344e+00,1.830948442220687866e-01,-1.073521852493286133e+00,1.193332225084304810e-01,1.215288281440734863e+00,1.368544846773147583e-01,1.085981726646423340e+00,-2.927795052528381348e-01,-4.786512628197669983e-02,4.777397960424423218e-02,4.298819601535797119e-01,-5.318323969841003418e-01,1.528075039386749268e-01,-3.408249616622924805e-01,-4.137412831187248230e-02,-1.141365170478820801e-01,4.982433915138244629e-01,-3.853744864463806152e-01,-4.381736274808645248e-03
7.664465904235839844e-01,2.993460893630981445e-01,5.201532840728759766e-01,2.179274708032608032e-02,4.522458836436271667e-02,7.862707599997520447e-03,9.987081885337829590e-01,1.115753278136253357e-01,2.462104149162769318e-02,2.885036468505859375e-01,-1.066766262054443359e+00,1.729585677385330200e-01,-1.107656359672546387e+00,1.420838236808776855e-01,1.210365414619445801e+00,1.395609378814697266e-01,1.128314256668090820e+00,-3.417604863643646240e-01,-4.883578047156333923e-02,5.422021076083183289e-02,5.232614278793334961e-01,-5.903122425079345703e-01,1.574290096759796143e-01,-3.933285176753997803e-01,-4.978901520371437073e-02,-1.054868623614311218e-01,5.906434655189514160e-01,-4.367321431636810303e-01,-3.727240953594446182e-03
7.696272730827331543e-01,3.004786968231201172e-01,5.130192041397094727e-01,2.332401089370250702e-02,5.185233801603317261e-02,3.023371566087007523e-03,9.983777999877929688e-01,1.098398864269256592e-01,1.503578294068574905e-02,3.081166446208953857e-01,-1.067426443099975586e+00,1.610119938850402832e-01,-1.153108716011047363e+00,1.568371504545211792e-01,1.203101515769958496e+00,1.472633033990859985e-01,1.176551103591918945e+00,-4.070409834384918213e-01,-4.965863749384880066e-02,6.269475072622299194e-02,6.315804123878479004e-01,-6.586323380470275879e-01,1.762448698282241821e-01,-4.638065397739410400e-01,-5.864319577813148499e-02,-9.140180796384811401e-02,6.978361606597900391e-01,-4.913037121295928955e-01,-1.117884740233421326e-02
7.716910839080810547e-01,3.010340929031372070e-01,5.035420060157775879e-01,2.347483485937118530e-02,6.467889994382858276e-02,5.488742026500403881e-04,9.976298213005065918e-01,1.110429912805557251e-01,-5.615856964141130447e-03,3.032563328742980957e-01,-1.071374893188476562e+00,1.480062752962112427e-01,-1.211360812187194824e+00,1.506630778312683105e-01,1.200565814971923828e+00,1.507254540920257568e-01,1.225462913513183594e+00,-4.984243810176849365e-01,-4.663604125380516052e-02,6.645642966032028198e-02,7.518728971481323242e-01,-7.147796750068664551e-01,1.976060271263122559e-01,-5.533001422882080078e-01,-6.440073251724243164e-02,-8.258420228958129883e-02,8.104652762413024902e-01,-5.412483215332031250e-01,-2.513938583433628082e-02
7.744448184967041016e-01,3.011803030967712402e-01,4.914073050022125244e-01,2.453092113137245178e-02,7.707741111516952515e-02,-1.691610486886929721e-05,9.967232942581176758e-01,1.035205498337745667e-01,-2.943331561982631683e-02,2.766729891300201416e-01,-1.079512357711791992e+00,1.467467397451400757e-01,-1.282195091247558594e+00,1.363362371921539307e-01,1.192346453666687012e+00,1.526516377925872803e-01,1.272613286972045898e+00,-5.921406149864196777e-01,-4.615133255720138550e-02,6.670177727937698364e-02,8.797161579132080078e-01,-7.652173042297363281e-01,2.163163274526596069e-01,-6.459360122680664062e-01,-7.624521106481552124e-02,-8.081503957509994507e-02,9.332124590873718262e-01,-5.830573439598083496e-01,-4.083754122257232666e-02
7.777798175811767578e-01,3.009341359138488770e-01,4.780110418796539307e-01,2.506161853671073914e-02,8.794129639863967896e-02,-1.280282391235232353e-03,9.958094954490661621e-01,9.623948484659194946e-02,-5.972780287265777588e-02,2.351752370595932007e-01,-1.082114458084106445e+00,1.381359547376632690e-01,-1.351363897323608398e+00,1.137893944978713989e-01,1.185917496681213379e+00,1.587883234024047852e-01,1.321328878402709961e+00,-6.797987818717956543e-01,-4.391567036509513855e-02,6.560637056827545166e-02,1.005861401557922363e+00,-8.153496384620666504e-01,2.339005470275878906e-01,-7.351710200309753418e-01,-8.486383408308029175e-02,-7.794212549924850464e-02,1.055193066596984863e+00,-6.108430624008178711e-01,-6.094666570425033569e-02
7.815631031990051270e-01,3.003808259963989258e-01,4.639498591423034668e-01,2.448272146284580231e-02,1.003985330462455750e-01,-3.203402739018201828e-03,9.946408867835998535e-01,9.375251829624176025e-02,-1.035205796360969543e-01,1.707835942506790161e-01,-1.085909843444824219e+00,1.314056813716888428e-01,-1.427530169486999512e+00,6.923221051692962646e-02,1.170712828636169434e+00,1.712594926357269287e-01,1.368459224700927734e+00,-7.646722793579101562e-01,-3.254456818103790283e-02,6.945934146642684937e-02,1.123332142829895020e+00,-8.539997339248657227e-01,2.451596558094024658e-01,-8.288125991821289062e-01,-8.924105018377304077e-02,-7.310888171195983887e-02,1.179958701133728027e+00,-6.392108201980590820e-01,-8.706700056791305542e-02
7.831897139549255371e-01,2.993108928203582764e-01,4.535727500915527344e-01,2.577503584325313568e-02,1.101181581616401672e-01,-4.803528543561697006e-03,9.935726523399353027e-01,9.530573338270187378e-02,-1.540233641862869263e-01,8.777398616075515747e-02,-1.098117589950561523e+00,1.336457729339599609e-01,-1.498892903327941895e+00,1.175348553806543350e-02,1.158855199813842773e+00,1.810148805379867554e-01,1.413561224937438965e+00,-8.255152106285095215e-01,-2.666337788105010986e-02,6.928825378417968750e-02,1.196686267852783203e+00,-8.700000047683715820e-01,2.545082867145538330e-01,-9.056016206741333008e-01,-8.937510102987289429e-02,-6.179205328226089478e-02,1.272917032241821289e+00,-6.310227513313293457e-01,-1.022406294941902161e-01
7.847563028335571289e-01,2.982673048973083496e-01,4.473079442977905273e-01,2.615342102944850922e-02,1.145428642630577087e-01,-1.512949122115969658e-03,9.930728077888488770e-01,8.449732512235641479e-02,-1.846936792135238647e-01,-1.943593099713325500e-02,-1.098378300666809082e+00,1.601224839687347412e-01,-1.560722708702087402e+00,-5.441232398152351379e-02,1.143885731697082520e+00,1.798761487007141113e-01,1.449572086334228516e+00,-8.577891588211059570e-01,-2.471309714019298553e-02,6.506243348121643066e-02,1.235383868217468262e+00,-8.700000047683715820e-01,2.492758333683013916e-01,-9.400927424430847168e-01,-9.259828925132751465e-02,-6.282694637775421143e-02,1.324965596199035645e+00,-6.426367163658142090e-01,-1.150791198015213013e-01
7.908141613006591797e-01,2.970705330371856689e-01,4.470900893211364746e-01,2.592221647500991821e-02,1.191073805093765259e-01,-2.719990734476596117e-04,9.925429224967956543e-01,7.804907113313674927e-02,-2.041272222995758057e-01,-1.193568482995033264e-01,-1.102845668792724609e+00,1.893345415592193604e-01,-1.619052767753601074e+00,-1.246667802333831787e-01,1.123662352561950684e+00,1.850728839635848999e-01,1.493910193443298340e+00,-8.525403141975402832e-01,-2.226760610938072205e-02,6.347033381462097168e-02,1.231655359268188477e+00,-8.700000047683715820e-01,2.536884546279907227e-01,-9.250358343124389648e-01,-8.616601675748825073e-02,-6.625084578990936279e-02,1.314348459243774414e+00,-6.839554309844970703e-01,-1.413524895906448364e-01
8.039230108261108398e-01,2.958635985851287842e-01,4.520922601222991943e-01,2.551843784749507904e-02,1.230448335409164429e-01,-1.399288070388138294e-03,9.920719861984252930e-01,7.353027909994125366e-02,-2.307983189821243286e-01,-1.906842887401580811e-01,-1.078251004219055176e+00,2.128936499357223511e-01,-1.661401152610778809e+00,-1.771612912416458130e-01,1.094869017601013184e+00,1.872800290584564209e-01,1.542445540428161621e+00,-8.006847500801086426e-01,-2.003069035708904266e-02,6.368540227413177490e-02,1.186179280281066895e+00,-8.700000047683715820e-01,2.488993853330612183e-01,-8.672535419464111328e-01,-7.777249813079833984e-02,-7.311940193176269531e-02,1.260985732078552246e+00,-7.060278058052062988e-01,-1.555771380662918091e-01
8.263311386108398438e-01,2.972840070724487305e-01,4.625203311443328857e-01,2.259653434157371521e-02,1.220640838146209717e-01,-7.096042856574058533e-03,9.922395944595336914e-01,7.439499348402023315e-02,-2.591751217842102051e-01,-2.043566256761550903e-01,-1.041312694549560547e+00,2.237666696310043335e-01,-1.683268189430236816e+00,-1.943169385194778442e-01,1.081075549125671387e+00,1.904918849468231201e-01,1.586517691612243652e+00,-6.841423511505126953e-01,-1.596064493060112000e-02,7.476031035184860229e-02,1.091738224029541016e+00,-8.665713667869567871e-01,2.271059602499008179e-01,-7.460425496101379395e-01,-7.170011848211288452e-02,-8.520723134279251099e-02,1.146285414695739746e+00,-6.799957156181335449e-01,-1.150619164109230042e-01
8.481586575508117676e-01,3.002246618270874023e-01,4.823054075241088867e-01,2.014426700770854950e-02,1.069836616516113281e-01,-6.758917588740587234e-03,9.940336942672729492e-01,6.723686307668685913e-02,-2.359384298324584961e-01,-1.565506160259246826e-01,-1.019942998886108398e+00,2.463837414979934692e-01,-1.653813123703002930e+00,-1.534023731946945190e-01,1.067098498344421387e+00,1.867232769727706909e-01,1.586658477783203125e+00,-4.945709705352783203e-01,-2.226986177265644073e-02,8.606173843145370483e-02,8.971292972564697266e-01,-7.557968497276306152e-01,1.696796566247940063e-01,-5.525402426719665527e-01,-7.820287346839904785e-02,-1.091258004307746887e-01,9.483923316001892090e-01,-5.495712161064147949e-01,-3.945141285657882690e-02
8.666470646858215332e-01,3.024699091911315918e-01,5.048769116401672363e-01,2.282217517495155334e-02,8.651950955390930176e-02,-5.396324209868907928e-03,9.959741234779357910e-01,6.493683904409408569e-02,-2.008242309093475342e-01,-8.364908397197723389e-02,-1.029144763946533203e+00,2.626760005950927734e-01,-1.550225734710693359e+00,-9.883663058280944824e-02,1.061978101730346680e+00,1.855015754699707031e-01,1.508606672286987305e+00,-2.840028703212738037e-01,-3.624852001667022705e-02,9.243785589933395386e-02,6.416317224502563477e-01,-4.677119851112365723e-01,9.681068360805511475e-02,-3.492679297924041748e-01,-8.534444868564605713e-02,-1.191883757710456848e-01,7.185009121894836426e-01,-2.444665580987930298e-01,5.498829111456871033e-02
8.711267113685607910e-01,3.026250004768371582e-01,5.308885574340820312e-01,3.177286311984062195e-02,8.025477826595306396e-02,-7.784648798406124115e-03,9.962374567985534668e-01,6.652423739433288574e-02,-2.030630558729171753e-01,-1.278529502451419830e-02,-1.067049741744995117e+00,2.634194195270538330e-01,-1.417004466056823730e+00,-5.550045520067214966e-02,1.069881558418273926e+00,1.958590894937515259e-01,1.375989198684692383e+00,-1.882984787225723267e-01,-5.327241867780685425e-02,1.032099202275276184e-01,4.287925660610198975e-01,-3.874772693961858749e-03,7.677178084850311279e-02,-2.133493721485137939e-01,-9.968469291925430298e-02,-1.279631853103637695e-01,4.561857581138610840e-01,2.540687322616577148e-01,9.585490822792053223e-02
9.175451993942260742e-01,2.984938621520996094e-01,5.399591326713562012e-01,3.102392889559268951e-02,7.250521332025527954e-02,1.763541717082262039e-03,9.968838691711425781e-01,5.620152503252029419e-02,-2.115134000778198242e-01,7.521872222423553467e-02,-1.085698008537292480e+00,2.339937686920166016e-01,-1.297024726867675781e+00,-1.703192363493144512e-03,1.134966492652893066e+00,1.789990365505218506e-01,1.214833736419677734e+00,-1.190888136625289917e-01,-4.447183385491371155e-02,5.512789264321327209e-02,4.312394857406616211e-01,2.762390375137329102e-01,2.546119503676891327e-02,-2.080994844436645508e-01,-1.230071112513542175e-01,-1.566579937934875488e-01,6.514570713043212891e-01,3.449994325637817383e-01,1.542760878801345825e-01
9.353338479995727539e-01,3.005736768245697021e-01,5.727382302284240723e-01,3.716239333152770996e-02,5.130126327276229858e-02,3.090979531407356262e-03,9.979867935180664062e-01,4.527051001787185669e-02,-1.812816262245178223e-01,1.752345860004425049e-01,-1.113231658935546875e+00,2.433190792798995972e-01,-1.140363574028015137e+00,7.683642208576202393e-02,1.161173820495605469e+00,1.776588708162307739e-01,1.021001338958740234e+00,-1.283665597438812256e-01,-1.468914896249771118e-01,-5.732451751828193665e-02,5.052354931831359863e-01,2.940702736377716064e-01,3.558772429823875427e-02,-2.082968205213546753e-01,-1.004073321819305420e-01,-1.175960302352905273e-01,6.692771315574645996e-01,3.449999988079071045e-01,1.110805198550224304e-01
9.600036740303039551e-01,3.002687096595764160e-01,5.956743955612182617e-01,3.573344275355339050e-02,3.255825489759445190e-02,4.894791170954704285e-03,9.988188743591308594e-01,4.498726502060890198e-02,-1.402704268693923950e-01,2.518206834793090820e-01,-1.145813226699829102e+00,2.432689517736434937e-01,-9.602018594741821289e-01,1.417811810970306396e-01,1.209170222282409668e+00,1.766578406095504761e-01,8.193303942680358887e-01,-1.438306570053100586e-01,-1.645788699388504028e-01,-5.117251351475715637e-02,5.997736454010009766e-01,3.079906105995178223e-01,1.474069338291883469e-02,-2.070029824972152710e-01,-6.837994605302810669e-02,-1.068152040243148804e-01,6.998026371002197266e-01,3.449999988079071045e-01,1.304370909929275513e-01
9.895825386047363281e-01,2.997624874114990234e-01,6.111899614334106445e-01,3.772856295108795166e-02,1.973345689475536346e-02,6.231894250959157944e-03,9.990737438201904297e-01,4.800739139318466187e-02,-1.021758094429969788e-01,2.993993461132049561e-01,-1.196162223815917969e+00,2.333993762731552124e-01,-7.523198127746582031e-01,1.970838308334350586e-01,1.262275815010070801e+00,1.488077044486999512e-01,6.111864447593688965e-01,-1.583120375871658325e-01,-1.541713029146194458e-01,-4.220359493046998978e-03,6.345894932746887207e-01,2.849774956703186035e-01,2.355039678514003754e-02,-2.095493078231811523e-01,-6.634135544300079346e-02,-1.241083666682243347e-01,7.076528072357177734e-01,3.449999988079071045e-01,1.519349515438079834e-01
1.014422774314880371e+00,2.998947799205780029e-01,6.282593011856079102e-01,3.718780726194381714e-02,1.391395926475524902e-02,4.917948972433805466e-03,9.991993308067321777e-01,4.251178354024887085e-02,-6.415040791034698486e-02,3.197373747825622559e-01,-1.238176703453063965e+00,2.166705131530761719e-01,-5.323144197463989258e-01,2.164696156978607178e-01,1.299556374549865723e+00,1.156613379716873169e-01,3.794301152229309082e-01,-1.829755902290344238e-01,-1.341753453016281128e-01,3.635635599493980408e-02,5.881007909774780273e-01,2.297674864530563354e-01,4.371370747685432434e-02,-2.168565690517425537e-01,-6.121136993169784546e-02,-1.341397464275360107e-01,6.179930567741394043e-01,3.449999988079071045e-01,1.575255841016769409e-01
1.032363891601562500e+00,3.008390069007873535e-01,6.406509876251220703e-01,2.725054509937763214e-02,3.184144617989659309e-03,-2.793825929984450340e-03,9.996196627616882324e-01,6.107662990689277649e-02,-2.496078796684741974e-02,3.416148126125335693e-01,-1.238190174102783203e+00,1.949002891778945923e-01,-3.456011414527893066e-01,2.333326637744903564e-01,1.322935581207275391e+00,1.186745092272758484e-01,1.918800771236419678e-01,-2.266663163900375366e-01,-8.469869196414947510e-02,7.589311152696609497e-02,5.587785243988037109e-01,1.597100496292114258e-01,4.377299919724464417e-02,-2.345599234104156494e-01,-3.971945494413375854e-02,-1.169762462377548218e-01,5.072841644287109375e-01,3.438133001327514648e-01,1.512757092714309692e-01
1.062167763710021973e+00,2.995741665363311768e-01,6.431130170822143555e-01,2.592340111732482910e-02,-9.021777659654617310e-03,-3.936699591577053070e-03,9.996154904365539551e-01,5.925844982266426086e-02,5.318918265402317047e-03,4.019658267498016357e-01,-1.237035989761352539e+00,2.097446769475936890e-01,-2.494103163480758667e-01,2.882163524627685547e-01,1.329897880554199219e+00,1.029431074857711792e-01,8.982367068529129028e-02,-2.221474349498748779e-01,-6.743856519460678101e-02,1.009458526968955994e-01,4.844033718109130859e-01,1.042039841413497925e-01,5.626358836889266968e-02,-2.431020587682723999e-01,-2.840259484946727753e-02,-1.030805557966232300e-01,4.489006102085113525e-01,2.783997952938079834e-01,1.106371507048606873e-01
1.091093540191650391e+00,2.995424270629882812e-01,6.377930641174316406e-01,2.635384723544120789e-02,-1.330723054707050323e-02,-4.862162750214338303e-03,9.995522499084472656e-01,6.527421623468399048e-02,2.982070110738277435e-02,4.691854119300842285e-01,-1.229065537452697754e+00,1.959754228591918945e-01,-2.210864722728729248e-01,3.590501844882965088e-01,1.331167459487915039e+00,6.532771885395050049e-02,7.518514990806579590e-02,-2.316930294036865234e-01,-5.807866156101226807e-02,1.210933625698089600e-01,4.010904133319854736e-01,9.561175107955932617e-02,5.462674424052238464e-02,-2.665933370590209961e-01,-3.172254934906959534e-02,-1.076664850115776062e-01,3.908316791057586670e-01,2.614272534847259521e-01,9.838151931762695312e-02
1.118425488471984863e+00,3.001181781291961670e-01,6.249727010726928711e-01,2.763555385172367096e-02,-1.256397645920515060e-02,-6.032404489815235138e-03,9.995208978652954102e-01,5.970444157719612122e-02,4.451952874660491943e-02,5.355100631713867188e-01,-1.220855355262756348e+00,1.532520800828933716e-01,-2.420418411493301392e-01,4.265779554843902588e-01,1.331970572471618652e+00,1.974665373563766479e-02,9.838075190782546997e-02,-2.533369362354278564e-01,-5.627824366092681885e-02,1.276254355907440186e-01,3.136980533599853516e-01,1.196614280343055725e-01,4.325257241725921631e-02,-3.019826710224151611e-01,-4.060798510909080505e-02,-1.168282404541969299e-01,3.375368714332580566e-01,2.759715020656585693e-01,1.071619540452957153e-01
1.144403934478759766e+00,3.009620010852813721e-01,6.046932935714721680e-01,2.916538715362548828e-02,-1.237586606293916702e-02,-6.358977872878313065e-03,9.994777441024780273e-01,5.896805226802825928e-02,6.533440202474594116e-02,5.964394211769104004e-01,-1.208458065986633301e+00,1.109282076358795166e-01,-2.737398445606231689e-01,4.883403182029724121e-01,1.332439661026000977e+00,-3.213213011622428894e-02,1.394392251968383789e-01,-2.789270281791687012e-01,-5.634301900863647461e-02,1.255131810903549194e-01,2.353074252605438232e-01,1.610142439603805542e-01,3.588827699422836304e-02,-3.325812518596649170e-01,-5.288270115852355957e-02,-1.398030072450637817e-01,2.888225317001342773e-01,3.298328816890716553e-01,1.314351707696914673e-01
1.176364421844482422e+00,3.011340200901031494e-01,5.790920853614807129e-01,3.247801586985588074e-02,-1.700332760810852051e-02,-6.974708288908004761e-03,9.993034601211547852e-01,6.414254009723663330e-02,8.592397719621658325e-02,6.460288763046264648e-01,-1.198410749435424805e+00,7.421695441007614136e-02,-3.034648597240447998e-01,5.383439064025878906e-01,1.324640750885009766e+00,-6.448493897914886475e-02,1.730735301971435547e-01,-2.966492474079132080e-01,-6.927350908517837524e-02,8.024249225854873657e-02,2.004337906837463379e-01,1.624376028776168823e-01,2.641502209007740021e-02,-3.512255251407623291e-01,-6.911031901836395264e-02,-1.684431582689285278e-01,2.936802804470062256e-01,3.449980914592742920e-01,1.500761508941650391e-01
1.208544254302978516e+00,3.001368641853332520e-01,5.459049940109252930e-01,3.625468164682388306e-02,-2.668199874460697174e-02,-5.145143717527389526e-03,9.989730715751647949e-01,6.181327253580093384e-02,1.162437796592712402e-01,6.909648180007934570e-01,-1.185677170753479004e+00,5.626773089170455933e-02,-3.387890756130218506e-01,5.765528082847595215e-01,1.315155506134033203e+00,-6.798289716243743896e-02,1.885286271572113037e-01,-3.155330121517181396e-01,-8.107149600982666016e-02,2.509245835244655609e-02,2.296333014965057373e-01,1.555429250001907349e-01,2.560311369597911835e-02,-3.667190372943878174e-01,-8.490550518035888672e-02,-1.811051517724990845e-01,3.690595030784606934e-01,3.449999988079071045e-01,1.551814526319503784e-01
1.218170285224914551e+00,3.032562434673309326e-01,5.139961838722229004e-01,3.123087622225284576e-02,-4.323472455143928528e-02,-1.499177049845457077e-02,9.984641671180725098e-01,5.714262276887893677e-02,1.369991153478622437e-01,7.331468462944030762e-01,-1.162265062332153320e+00,4.404320195317268372e-02,-3.752184808254241943e-01,6.043115258216857910e-01,1.302526593208312988e+00,-6.524311751127243042e-02,1.939858943223953247e-01,-3.831917047500610352e-01,-8.802404254674911499e-02,-1.512623950839042664e-02,3.847239613533020020e-01,4.606516286730766296e-02,8.071472495794296265e-02,-4.136429131031036377e-01,-7.404869049787521362e-02,-1.682249754667282104e-01,5.051159262657165527e-01,1.491159349679946899e-01,4.455514624714851379e-02
1.239405632019042969e+00,2.992045879364013672e-01,4.953897893428802490e-01,2.865348383784294128e-02,-7.061882317066192627e-02,-2.251741103827953339e-02,9.968374371528625488e-01,7.873326539993286133e-02,2.100891321897506714e-01,7.494181990623474121e-01,-1.152691483497619629e+00,6.721858400851488113e-03,-3.643347620964050293e-01,6.052447557449340820e-01,1.278030633926391602e+00,-1.967613399028778076e-02,1.847594678401947021e-01,-4.563589096069335938e-01,-8.306547999382019043e-02,1.757975481450557709e-02,7.405583858489990234e-01,-3.734930157661437988e-01,1.564507186412811279e-01,-4.692288339138031006e-01,-7.536464184522628784e-02,-1.599730700254440308e-01,8.068681955337524414e-01,-2.466340661048889160e-01,-4.877986758947372437e-02
1.253763437271118164e+00,2.977004051208496094e-01,4.805637300014495850e-01,2.498640492558479309e-02,-7.869234681129455566e-02,-1.959432661533355713e-02,9.963931441307067871e-01,8.249024301767349243e-02,2.490058392286300659e-01,6.639406681060791016e-01,-1.150279283523559570e+00,5.467962473630905151e-03,-3.171200156211853027e-01,5.540828108787536621e-01,1.280768036842346191e+00,2.823415212333202362e-02,2.034798413515090942e-01,-5.167732834815979004e-01,-7.785040140151977539e-02,2.676958031952381134e-02,9.326585531234741211e-01,-5.174732208251953125e-01,2.101145088672637939e-01,-5.069572329521179199e-01,-8.320488780736923218e-02,-1.697430908679962158e-01,9.668906331062316895e-01,-4.050536453723907471e-01,-1.034664735198020935e-01
1.264886260032653809e+00,2.984027266502380371e-01,4.770377576351165771e-01,2.804881148040294647e-02,-8.595296740531921387e-02,-2.702251821756362915e-02,9.955376386642456055e-01,1.034034788608551025e-01,2.727824151515960693e-01,5.891546607017517090e-01,-1.186371803283691406e+00,2.518151700496673584e-02,-3.392950594425201416e-01,4.988949298858642578e-01,1.258715391159057617e+00,9.889793395996093750e-02,2.831981778144836426e-01,-4.996231496334075928e-01,-8.905469626188278198e-02,3.258885815739631653e-02,9.852128624916076660e-01,-5.892117023468017578e-01,2.341900616884231567e-01,-4.922386705875396729e-01,-8.375431597232818604e-02,-1.469559669494628906e-01,1.011794686317443848e+00,-4.592700898647308350e-01,-1.118645444512367249e-01
1.271399378776550293e+00,2.985426783561706543e-01,4.811789095401763916e-01,2.967218868434429169e-02,-8.498490601778030396e-02,-3.340294957160949707e-02,9.953799843788146973e-01,1.061274781823158264e-01,2.675809860229492188e-01,5.245575308799743652e-01,-1.204975128173828125e+00,5.666931718587875366e-02,-4.381715059280395508e-01,4.413712322711944580e-01,1.233880281448364258e+00,1.546403169631958008e-01,4.027419686317443848e-01,-4.627270996570587158e-01,-8.500459790229797363e-02,4.400560259819030762e-02,9.527295231819152832e-01,-5.914033055305480957e-01,2.267223894596099854e-01,-4.651407897472381592e-01,-8.581586182117462158e-02,-1.434219926595687866e-01,9.845808148384094238e-01,-4.497966766357421875e-01,-8.972130715847015381e-02
1.274070739746093750e+00,2.983904778957366943e-01,4.903135597705841064e-01,2.904223278164863586e-02,-7.771389186382293701e-02,-3.597149997949600220e-02,9.959031939506530762e-01,1.029733940958976746e-01,2.418208867311477661e-01,4.657262265682220459e-01,-1.198210716247558594e+00,8.336323499679565430e-02,-5.735077261924743652e-01,3.817242681980133057e-01,1.208896875381469727e+00,1.782322227954864502e-01,5.425415039062500000e-01,-4.244741201400756836e-01,-7.757619768381118774e-02,4.828138649463653564e-02,8.729394078254699707e-01,-5.520396828651428223e-01,2.032598853111267090e-01,-4.195897877216339111e-01,-7.314842939376831055e-02,-1.434497833251953125e-01,8.903354406356811523e-01,-4.198494851589202881e-01,-7.046614587306976318e-02
1.276046514511108398e+00,2.984620928764343262e-01,5.011572837829589844e-01,2.899465523660182953e-02,-7.050780206918716431e-02,-3.495854884386062622e-02,9.964767098426818848e-01,9.676738083362579346e-02,2.085002958774566650e-01,3.983050882816314697e-01,-1.188688635826110840e+00,1.178394705057144165e-01,-6.883493065834045410e-01,3.215534687042236328e-01,1.191708564758300781e+00,1.754698604345321655e-01,6.481075882911682129e-01,-3.728103637695312500e-01,-7.603021711111068726e-02,4.799112305045127869e-02,7.637092471122741699e-01,-4.918698668479919434e-01,1.800532937049865723e-01,-3.599175810813903809e-01,-6.485759466886520386e-02,-1.511748582124710083e-01,7.700192332267761230e-01,-3.793196380138397217e-01,-4.472487792372703552e-02
1.277167916297912598e+00,2.983778417110443115e-01,5.110571384429931641e-01,2.735970169305801392e-02,-6.157343462109565735e-02,-3.486773371696472168e-02,9.971180558204650879e-01,7.599232345819473267e-02,1.848229765892028809e-01,3.076234459877014160e-01,-1.178668498992919922e+00,1.653317064046859741e-01,-7.625564932823181152e-01,2.552182078361511230e-01,1.189664840698242188e+00,1.806576550006866455e-01,7.287379503250122070e-01,-3.209855854511260986e-01,-7.056553661823272705e-02,4.972507059574127197e-02,6.461094021797180176e-01,-4.342031478881835938e-01,1.689302623271942139e-01,-3.090877830982208252e-01,-4.916000738739967346e-02,-1.523063778877258301e-01,6.523946523666381836e-01,-3.262627124786376953e-01,-2.965258434414863586e-02
1.278771162033081055e+00,2.986519336700439453e-01,5.184060335159301758e-01,2.769934013485908508e-02,-5.104519054293632507e-02,-3.468653559684753418e-02,9.977093935012817383e-01,6.995493918657302856e-02,1.421799361705780029e-01,2.148506492376327515e-01,-1.169839382171630859e+00,2.109284251928329468e-01,-8.349963426589965820e-01,1.906305253505706787e-01,1.188382506370544434e+00,1.739438027143478394e-01,8.103602528572082520e-01,-2.720255255699157715e-01,-7.303365319967269897e-02,4.961110278964042664e-02,5.284912586212158203e-01,-3.947625160217285156e-01,1.607270687818527222e-01,-2.754756808280944824e-01,-4.045660048723220825e-02,-1.519390642642974854e-01,5.585294365882873535e-01,-2.800612747669219971e-01,-1.408254634588956833e-02
1.279933929443359375e+00,2.983658909797668457e-01,5.228766798973083496e-01,2.685979381203651428e-02,-4.079012945294380188e-02,-3.753468021750450134e-02,9.981011152267456055e-01,5.680784955620765686e-02,1.004246398806571960e-01,1.263030171394348145e-01,-1.153655529022216797e+00,2.563781738281250000e-01,-9.030374288558959961e-01,1.256788820028305054e-01,1.175273895263671875e+00,1.786369532346725464e-01,8.926712274551391602e-01,-2.326995730400085449e-01,-7.032698392868041992e-02,5.187891423702239990e-02,4.303774833679199219e-01,-3.700890243053436279e-01,1.473346799612045288e-01,-2.554773390293121338e-01,-2.990569546818733215e-02,-1.516132503747940063e-01,4.872171878814697266e-01,-2.553163766860961914e-01,-9.956533089280128479e-03
1.280476331710815430e+00,2.981299757957458496e-01,5.255858302116394043e-01,2.790342085063457489e-02,-3.130589053034782410e-02,-3.980511054396629333e-02,9.983270764350891113e-01,3.892070800065994263e-02,6.466687470674514771e-02,3.741255775094032288e-02,-1.134871959686279297e+00,2.975770533084869385e-01,-9.681842923164367676e-01,6.693565845489501953e-02,1.166629672050476074e+00,1.669070124626159668e-01,9.747576713562011719e-01,-2.023495733737945557e-01,-7.177392393350601196e-02,5.752382427453994751e-02,3.495234549045562744e-01,-3.758696019649505615e-01,1.508242636919021606e-01,-2.490251064300537109e-01,-2.623349241912364960e-02,-1.533421427011489868e-01,4.407384395599365234e-01,-2.529702186584472656e-01,-2.707650186493992805e-03
1.279864549636840820e+00,2.972759902477264404e-01,5.265047550201416016e-01,2.903409115970134735e-02,-2.037825435400009155e-02,-4.542778804898262024e-02,9.983376264572143555e-01,1.770882122218608856e-02,3.595064580440521240e-02,-5.944509431719779968e-02,-1.113347411155700684e+00,3.391194939613342285e-01,-1.015846490859985352e+00,6.210756837390363216e-04,1.152321457862854004e+00,1.679954975843429565e-01,1.044667840003967285e+00,-1.992385685443878174e-01,-6.968604773283004761e-02,6.431829184293746948e-02,3.052267134189605713e-01,-3.799306750297546387e-01,1.545120179653167725e-01,-2.658710479736328125e-01,-1.932296529412269592e-02,-1.401393860578536987e-01,4.234206080436706543e-01,-2.710016667842864990e-01,-6.353167351335287094e-03
1.280236721038818359e+00,2.974633574485778809e-01,5.260796546936035156e-01,3.178490698337554932e-02,-1.404661871492862701e-02,-5.413033440709114075e-02,9.979290366172790527e-01,-2.400836162269115448e-02,2.833637222647666931e-02,-1.406348943710327148e-01,-1.107230067253112793e+00,3.543188571929931641e-01,-1.039250850677490234e+00,-5.751645192503929138e-02,1.138060927391052246e+00,1.652089059352874756e-01,1.090644955635070801e+00,-2.070868462324142456e-01,-7.022580504417419434e-02,8.174543827772140503e-02,3.003273904323577881e-01,-3.817515373229980469e-01,1.602012664079666138e-01,-2.884598076343536377e-01,-1.906391419470310211e-02,-1.160465329885482788e-01,4.326772689819335938e-01,-2.792074382305145264e-01,-5.181782413274049759e-03
1.282606363296508789e+00,2.971777319908142090e-01,5.258992910385131836e-01,3.337169811129570007e-02,-1.297232042998075485e-02,-6.671208143234252930e-02,9.971296787261962891e-01,-6.085886433720588684e-02,2.963334321975708008e-02,-1.913791447877883911e-01,-1.107894778251647949e+00,3.436710834503173828e-01,-1.027824282646179199e+00,-9.373098611831665039e-02,1.136349439620971680e+00,1.684004366397857666e-01,1.103263616561889648e+00,-2.051630020141601562e-01,-6.825236976146697998e-02,1.035324037075042725e-01,3.109120428562164307e-01,-3.956457674503326416e-01,1.647344678640365601e-01,-2.948093414306640625e-01,-1.437668688595294952e-02,-9.231866896152496338e-02,4.400377869606018066e-01,-2.808730900287628174e-01,8.450164459645748138e-04
1.286289453506469727e+00,2.972651720046997070e-01,5.255187749862670898e-01,3.239751234650611877e-02,-1.764161884784698486e-02,-8.439537137746810913e-02,9.957492351531982422e-01,-9.620366990566253662e-02,3.250016272068023682e-02,-2.094203978776931763e-01,-1.111763477325439453e+00,3.238815665245056152e-01,-9.888194799423217773e-01,-1.028720214962959290e-01,1.144312977790832520e+00,1.878895610570907593e-01,1.096347570419311523e+00,-1.973689347505569458e-01,-5.816210061311721802e-02,1.384329199790954590e-01,3.411213457584381104e-01,-4.124148190021514893e-01,1.683984845876693726e-01,-2.804366946220397949e-01,-1.767094247043132782e-03,-5.775258690118789673e-02,4.370288252830505371e-01,-2.824411392211914062e-01,-1.507679262431338429e-04
1.291252970695495605e+00,2.965491712093353271e-01,5.247760415077209473e-01,2.924771234393119812e-02,-2.467877045273780823e-02,-1.040022000670433044e-01,9.938405752182006836e-01,-1.266916543245315552e-01,5.108594894409179688e-02,-2.012742459774017334e-01,-1.119355082511901855e+00,3.075835704803466797e-01,-9.464169144630432129e-01,-9.356987476348876953e-02,1.154322147369384766e+00,2.220118790864944458e-01,1.084758520126342773e+00,-1.945405006408691406e-01,-4.072318971157073975e-02,1.723059117794036865e-01,3.957250714302062988e-01,-4.255790412425994873e-01,1.736979931592941284e-01,-2.561346292495727539e-01,1.874208077788352966e-02,-1.422580517828464508e-02,4.333513081073760986e-01,-2.979590296745300293e-01,-5.403810646384954453e-03
1.296924114227294922e+00,2.951634228229522705e-01,5.232049822807312012e-01,2.485719136893749237e-02,-2.931147441267967224e-02,-1.259493976831436157e-01,9.912919402122497559e-01,-1.547903120517730713e-01,7.297791540622711182e-02,-1.775054037570953369e-01,-1.124522447586059570e+00,2.772422432899475098e-01,-9.058837294578552246e-01,-8.961917459964752197e-02,1.155933380126953125e+00,2.614891827106475830e-01,1.060063719749450684e+00,-2.210008800029754639e-01,-7.682358846068382263e-03,2.130718529224395752e-01,4.991179108619689941e-01,-4.332192540168762207e-01,1.827445179224014282e-01,-2.392739206552505493e-01,4.120240733027458191e-02,2.477521635591983795e-02,4.364595115184783936e-01,-3.118023872375488281e-01,-1.240453682839870453e-02
1.302488088607788086e+00,2.924284338951110840e-01,5.205575227737426758e-01,1.930263079702854156e-02,-3.697403892874717712e-02,-1.465059518814086914e-01,9.883300662040710449e-01,-1.784361600875854492e-01,1.012885943055152893e-01,-1.385314762592315674e-01,-1.126317501068115234e+00,2.492727488279342651e-01,-8.626802563667297363e-01,-6.817030906677246094e-02,1.156568765640258789e+00,2.801017463207244873e-01,1.028744101524353027e+00,-2.604420781135559082e-01,4.243084415793418884e-02,2.516993582248687744e-01,6.348722577095031738e-01,-4.076191782951354980e-01,1.770212352275848389e-01,-2.099572867155075073e-01,6.586535274982452393e-02,6.489282846450805664e-02,4.344268143177032471e-01,-3.263789117336273193e-01,-2.163627371191978455e-02
