4.412032365798950195e-01,1.292947649955749512e+00,4.322246015071868896e-01,-1.197980903089046478e-02,-7.439311593770980835e-02,-2.595951259136199951e-01,9.627733230590820312e-01,-8.110710382461547852e-01,2.909873146563768387e-03,3.502734899520874023e-01,2.117917835712432861e-01,-2.532963454723358154e-02,-2.306730985641479492e+00,7.597891986370086670e-02,-3.764751553535461426e-02,1.168942004442214966e-01,2.311994552612304688e+00,-2.420821189880371094e-01,3.359319567680358887e-01,7.108391523361206055e-01,1.099124312400817871e+00,-6.406598687171936035e-01,7.786133885383605957e-02,-1.134778708219528198e-01,-7.199521660804748535e-01,-9.026462435722351074e-01,1.142994880676269531e+00,-5.064169168472290039e-01,-2.899723127484321594e-02
4.315158426761627197e-01,1.298281073570251465e+00,4.136193394660949707e-01,-2.591482549905776978e-02,-8.409497141838073730e-02,-2.458340078592300415e-01,9.653093218803405762e-01,-9.016937017440795898e-01,5.298784375190734863e-02,8.661684393882751465e-01,3.400172889232635498e-01,-5.082830786705017090e-01,-2.245767831802368164e+00,1.776634156703948975e-01,-4.840605705976486206e-02,5.030237138271331787e-02,2.271710157394409180e+00,-3.503383696079254150e-01,3.777775466442108154e-01,6.136702895164489746e-01,1.252000808715820312e+00,-7.012849450111389160e-01,9.976730495691299438e-02,-2.283086776733398438e-01,-7.761397361755371094e-01,-8.081352710723876953e-01,1.327279210090637207e+00,-5.762145519256591797e-01,-3.767847269773483276e-02
4.295746982097625732e-01,1.296218156814575195e+00,4.136604964733123779e-01,-1.898036152124404907e-02,-8.855726569890975952e-02,-2.250985354185104370e-01,9.701175093650817871e-01,-9.489922523498535156e-01,4.113070666790008545e-02,1.219996809959411621e+00,4.264045059680938721e-01,-8.609902858734130859e-01,-2.127421140670776367e+00,2.373081743717193604e-01,-6.388372182846069336e-02,-1.143966073868796229e-04,2.208356142044067383e+00,-3.595623075962066650e-01,3.411654829978942871e-01,5.821286439895629883e-01,1.245719552040100098e+00,-6.990729570388793945e-01,1.046069413423538208e-01,-1.811227649450302124e-01,-8.020573854446411133e-01,-8.647738695144653320e-01,1.328849673271179199e+00,-5.827308297157287598e-01,-3.572649881243705750e-02
4.295939803123474121e-01,1.295921683311462402e+00,4.136945605278015137e-01,-1.703437417745590210e-02,-8.665400743484497070e-02,-2.241770029067993164e-01,9.705387949943542480e-01,-9.500161409378051758e-01,3.632907941937446594e-02,1.220000028610229492e+00,4.245209395885467529e-01,-8.666833043098449707e-01,-2.121407032012939453e+00,2.494265735149383545e-01,-7.133225351572036743e-02,-1.403324119746685028e-02,2.195977926254272461e+00,-3.662497699260711670e-01,3.398933112621307373e-01,5.820521712303161621e-01,1.247116327285766602e+00,-6.985124945640563965e-01,1.039650216698646545e-01,-1.794641911983489990e-01,-8.077803850173950195e-01,-8.710889816284179688e-01,1.328338265419006348e+00,-5.822445154190063477e-01,-3.150820732116699219e-02
4.293144643306732178e-01,1.295857191085815430e+00,4.141456484794616699e-01,-1.614645682275295258e-02,-8.518940210342407227e-02,-2.243250906467437744e-01,9.706494212150573730e-01,-9.490149617195129395e-01,3.399297222495079041e-02,1.220000028610229492e+00,4.212348759174346924e-01,-8.647211194038391113e-01,-2.117594957351684570e+00,2.629732787609100342e-01,-7.693511247634887695e-02,-2.694043144583702087e-02,2.187992334365844727e+00,-3.682934343814849854e-01,3.401489257812500000e-01,5.853878855705261230e-01,1.244227528572082520e+00,-6.968080401420593262e-01,1.032975688576698303e-01,-1.813987195491790771e-01,-8.076879382133483887e-01,-8.736777901649475098e-01,1.325451850891113281e+00,-5.806994438171386719e-01,-3.024275600910186768e-02
4.289802014827728271e-01,1.295917630195617676e+00,4.146672189235687256e-01,-1.551666483283042908e-02,-8.375863730907440186e-02,-2.248921990394592285e-01,9.706529974937438965e-01,-9.461047053337097168e-01,3.287336975336074829e-02,1.220000028610229492e+00,4.192834198474884033e-01,-8.617627620697021484e-01,-2.112511157989501953e+00,2.761136889457702637e-01,-8.082024753093719482e-02,-4.077744483947753906e-02,2.183602809906005859e+00,-3.692168891429901123e-01,3.407804667949676514e-01,5.897887945175170898e-01,1.239870548248291016e+00,-6.954783201217651367e-01,1.018927469849586487e-01,-1.837499290704727173e-01,-8.072469234466552734e-01,-8.761253356933593750e-01,1.322745203971862793e+00,-5.779197216033935547e-01,-2.828588895499706268e-02
4.286737740039825439e-01,1.296008229255676270e+00,4.150891005992889404e-01,-1.502456050366163254e-02,-8.195415139198303223e-02,-2.254728525876998901e-01,9.706800580024719238e-01,-9.406464695930480957e-01,3.121365979313850403e-02,1.220000028610229492e+00,4.188805222511291504e-01,-8.624307513236999512e-01,-2.107541799545288086e+00,2.872403562068939209e-01,-8.237812668085098267e-02,-5.700959265232086182e-02,2.182032346725463867e+00,-3.713935315608978271e-01,3.415439426898956299e-01,5.930773615837097168e-01,1.236105918884277344e+00,-6.947361826896667480e-01,9.969135373830795288e-02,-1.862034350633621216e-01,-8.073299527168273926e-01,-8.795701861381530762e-01,1.320823431015014648e+00,-5.755771994590759277e-01,-2.506981045007705688e-02
4.281924068927764893e-01,1.296168088912963867e+00,4.154674410820007324e-01,-1.421579346060752869e-02,-7.961916923522949219e-02,-2.257692217826843262e-01,9.708176851272583008e-01,-9.344512820243835449e-01,3.011192940175533295e-02,1.220000028610229492e+00,4.189906716346740723e-01,-8.681450486183166504e-01,-2.103971958160400391e+00,2.958409190177917480e-01,-8.211947977542877197e-02,-7.592001557350158691e-02,2.182300329208374023e+00,-3.757359981536865234e-01,3.416298925876617432e-01,5.958461761474609375e-01,1.232718110084533691e+00,-6.956129074096679688e-01,9.841295331716537476e-02,-1.894610524177551270e-01,-8.085896968841552734e-01,-8.844511508941650391e-01,1.319154977798461914e+00,-5.760318636894226074e-01,-2.256234921514987946e-02
4.273481965065002441e-01,1.296350836753845215e+00,4.158680737018585205e-01,-1.282643247395753860e-02,-7.726377993822097778e-02,-2.255750894546508789e-01,9.710724353790283203e-01,-9.279864430427551270e-01,2.898668497800827026e-02,1.220000028610229492e+00,4.192526638507843018e-01,-8.770800828933715820e-01,-2.101269006729125977e+00,3.029310405254364014e-01,-8.078519254922866821e-02,-9.594292938709259033e-02,2.182455062866210938e+00,-3.816829025745391846e-01,3.396462202072143555e-01,5.976616740226745605e-01,1.229442000389099121e+00,-6.971907019615173340e-01,9.959113597869873047e-02,-1.938882917165756226e-01,-8.102945089340209961e-01,-8.893935680389404297e-01,1.316975712776184082e+00,-5.805918574333190918e-01,-2.256021834909915924e-02
4.263959825038909912e-01,1.296481132507324219e+00,4.162548184394836426e-01,-1.166281383484601974e-02,-7.479437440633773804e-02,-2.252132743597030640e-01,9.713643789291381836e-01,-9.223993420600891113e-01,2.873324602842330933e-02,1.220000028610229492e+00,4.167296886444091797e-01,-8.852985501289367676e-01,-2.101827859878540039e+00,3.103027343750000000e-01,-7.536100596189498901e-02,-1.148090437054634094e-01,2.182656526565551758e+00,-3.888408541679382324e-01,3.371461033821105957e-01,5.978114604949951172e-01,1.226395845413208008e+00,-6.979561448097229004e-01,1.028814837336540222e-01,-1.994707733392715454e-01,-8.103445172309875488e-01,-8.933049440383911133e-01,1.315042614936828613e+00,-5.860466957092285156e-01,-2.496401965618133545e-02
4.255827963352203369e-01,1.296543359756469727e+00,4.165643155574798584e-01,-1.081950124353170395e-02,-7.278902083635330200e-02,-2.248000055551528931e-01,9.716221690177917480e-01,-9.176011085510253906e-01,2.958728559315204620e-02,1.220000028610229492e+00,4.138330817222595215e-01,-8.902614116668701172e-01,-2.102678298950195312e+00,3.187387287616729736e-01,-6.847239285707473755e-02,-1.311630010604858398e-01,2.182745218276977539e+00,-3.953174948692321777e-01,3.339948356151580811e-01,5.961640477180480957e-01,1.223367929458618164e+00,-6.983736157417297363e-01,1.071051731705665588e-01,-2.047068029642105103e-01,-8.100316524505615234e-01,-8.958585858345031738e-01,1.314329504966735840e+00,-5.887069106101989746e-01,-2.779128961265087128e-02
4.248502850532531738e-01,1.296525359153747559e+00,4.169173836708068848e-01,-1.021481491625308990e-02,-7.138767838478088379e-02,-2.243261933326721191e-01,9.718421697616577148e-01,-9.125835299491882324e-01,3.162758424878120422e-02,1.220000028610229492e+00,4.108608663082122803e-01,-8.921991586685180664e-01,-2.103106498718261719e+00,3.277869820594787598e-01,-6.353717297315597534e-02,-1.455458849668502808e-01,2.182791233062744141e+00,-4.000893533229827881e-01,3.306699693202972412e-01,5.937420129776000977e-01,1.219907522201538086e+00,-6.979740262031555176e-01,1.110803037881851196e-01,-2.087062448263168335e-01,-8.089003562927246094e-01,-8.975355029106140137e-01,1.313137173652648926e+00,-5.901455283164978027e-01,-3.077112697064876556e-02
4.241071343421936035e-01,1.296366214752197266e+00,4.174554646015167236e-01,-9.714317508041858673e-03,-7.054331153631210327e-02,-2.236898839473724365e-01,9.720556139945983887e-01,-9.073533415794372559e-01,3.483592718839645386e-02,1.220000028610229492e+00,4.071324467658996582e-01,-8.917598128318786621e-01,-2.102879285812377930e+00,3.371997177600860596e-01,-6.110870838165283203e-02,-1.586013436317443848e-01,2.182439804077148438e+00,-4.024684429168701172e-01,3.279056847095489502e-01,5.922579765319824219e-01,1.214996576309204102e+00,-6.964499950408935547e-01,1.136338487267494202e-01,-2.109869867563247681e-01,-8.059615492820739746e-01,-8.986078500747680664e-01,1.310048222541809082e+00,-5.910035371780395508e-01,-3.332077339291572571e-02
4.233765006065368652e-01,1.296100854873657227e+00,4.181870818138122559e-01,-9.038926102221012115e-03,-7.003118097782135010e-02,-2.231915742158889771e-01,9.722136855125427246e-01,-9.011732935905456543e-01,3.857301175594329834e-02,1.220000028610229492e+00,4.028268754482269287e-01,-8.902422785758972168e-01,-2.102060556411743164e+00,3.475349247455596924e-01,-6.107163429260253906e-02,-1.701130270957946777e-01,2.181351184844970703e+00,-4.029403030872344971e-01,3.247072398662567139e-01,5.916418433189392090e-01,1.208349823951721191e+00,-6.937903761863708496e-01,1.148760840296745300e-01,-2.116183936595916748e-01,-8.027963042259216309e-01,-9.004763364791870117e-01,1.305504202842712402e+00,-5.904932022094726562e-01,-3.530176356434822083e-02
4.226496517658233643e-01,1.295757293701171875e+00,4.190683662891387939e-01,-8.328212425112724304e-03,-6.978495419025421143e-02,-2.228130251169204712e-01,9.723245501518249512e-01,-8.956707119941711426e-01,4.105741530656814575e-02,1.220000028610229492e+00,3.972730636596679688e-01,-8.889954686164855957e-01,-2.102110624313354492e+00,3.591148555278778076e-01,-6.293039768934249878e-02,-1.801659762859344482e-01,2.180388450622558594e+00,-4.020060002803802490e-01,3.215705156326293945e-01,5.915940403938293457e-01,1.200684905052185059e+00,-6.893969178199768066e-01,1.145323887467384338e-01,-2.110240012407302856e-01,-7.990635037422180176e-01,-9.028010964393615723e-01,1.299565792083740234e+00,-5.890971422195434570e-01,-3.738077357411384583e-02
4.218433201313018799e-01,1.295307278633117676e+00,4.200504422187805176e-01,-7.762848865240812302e-03,-6.993594020605087280e-02,-2.224822491407394409e-01,9.723941087722778320e-01,-8.922343254089355469e-01,4.101039469242095947e-02,1.220000028610229492e+00,3.908331990242004395e-01,-8.879296779632568359e-01,-2.103327751159667969e+00,3.716602921485900879e-01,-6.676154583692550659e-02,-1.895612478256225586e-01,2.179456233978271484e+00,-3.997687399387359619e-01,3.192287683486938477e-01,5.918934941291809082e-01,1.192477941513061523e+00,-6.841967105865478516e-01,1.123777478933334351e-01,-2.097220271825790405e-01,-7.938798666000366211e-01,-9.044454097747802734e-01,1.292475938796997070e+00,-5.876640081405639648e-01,-3.928086906671524048e-02
4.210098981857299805e-01,1.294761657714843750e+00,4.209822118282318115e-01,-6.972000934183597565e-03,-7.018397003412246704e-02,-2.221524417400360107e-01,9.724576473236083984e-01,-8.886897563934326172e-01,3.777380660176277161e-02,1.220000028610229492e+00,3.861205577850341797e-01,-8.880809545516967773e-01,-2.102919816970825195e+00,3.845007717609405518e-01,-7.200274616479873657e-02,-1.992683112621307373e-01,2.177294015884399414e+00,-3.973530530929565430e-01,3.173125982284545898e-01,5.928020477294921875e-01,1.184790015220642090e+00,-6.784002184867858887e-01,1.084726080298423767e-01,-2.089849859476089478e-01,-7.889675498008728027e-01,-9.049887657165527344e-01,1.285693526268005371e+00,-5.862171649932861328e-01,-4.105959832668304443e-02
4.202311336994171143e-01,1.294133067131042480e+00,4.218030869960784912e-01,-6.136029493063688278e-03,-7.019648700952529907e-02,-2.219352722167968750e-01,9.725119471549987793e-01,-8.837987184524536133e-01,3.315488621592521667e-02,1.220000028610229492e+00,3.824445307254791260e-01,-8.892179131507873535e-01,-2.101971149444580078e+00,3.974190056324005127e-01,-7.685280591249465942e-02,-2.100129872560501099e-01,2.175117969512939453e+00,-3.954646587371826172e-01,3.161932528018951416e-01,5.938868522644042969e-01,1.178022503852844238e+00,-6.731405258178710938e-01,1.046141162514686584e-01,-2.088875770568847656e-01,-7.846528291702270508e-01,-9.054275751113891602e-01,1.280004739761352539e+00,-5.852884054183959961e-01,-4.340394958853721619e-02
4.195325970649719238e-01,1.293527960777282715e+00,4.224445819854736328e-01,-5.228415597230195999e-03,-7.001052796840667725e-02,-2.216324210166931152e-01,9.725997447967529297e-01,-8.766050934791564941e-01,2.804385684430599213e-02,1.220000028610229492e+00,3.804711699485778809e-01,-8.907178640365600586e-01,-2.101669788360595703e+00,4.101248383522033691e-01,-7.931673526763916016e-02,-2.220760732889175415e-01,2.172684669494628906e+00,-3.946511149406433105e-01,3.149144053459167480e-01,5.945056080818176270e-01,1.172381758689880371e+00,-6.684874296188354492e-01,1.015432849526405334e-01,-2.092047780752182007e-01,-7.819055914878845215e-01,-9.064218997955322266e-01,1.275869011878967285e+00,-5.846159458160400391e-01,-4.607623815536499023e-02
4.189928472042083740e-01,1.293036937713623047e+00,4.229158163070678711e-01,-4.416677169501781464e-03,-6.953307241201400757e-02,-2.211370468139648438e-01,9.727507829666137695e-01,-8.693083524703979492e-01,2.337686903774738312e-02,1.220000028610229492e+00,3.795078992843627930e-01,-8.932308554649353027e-01,-2.102341651916503906e+00,4.217531979084014893e-01,-7.911830395460128784e-02,-2.356943488121032715e-01,2.170408248901367188e+00,-3.950997889041900635e-01,3.137094974517822266e-01,5.947152972221374512e-01,1.167895317077636719e+00,-6.641134619712829590e-01,9.947405010461807251e-02,-2.100044935941696167e-01,-7.804772853851318359e-01,-9.077829122543334961e-01,1.273326396942138672e+00,-5.833249092102050781e-01,-4.890907928347587585e-02
4.186094701290130615e-01,1.292649865150451660e+00,4.233198165893554688e-01,-3.699821885675191879e-03,-6.882338225841522217e-02,-2.205500453710556030e-01,9.729374647140502930e-01,-8.638141155242919922e-01,2.040516771376132965e-02,1.220000028610229492e+00,3.788917064666748047e-01,-8.956535458564758301e-01,-2.104242086410522461e+00,4.333511888980865479e-01,-7.666461914777755737e-02,-2.492127567529678345e-01,2.168819189071655273e+00,-3.962456881999969482e-01,3.122132420539855957e-01,5.943520665168762207e-01,1.163905143737792969e+00,-6.607493758201599121e-01,9.822677075862884521e-02,-2.111757546663284302e-01,-7.796261310577392578e-01,-9.089675545692443848e-01,1.271461725234985352e+00,-5.817652940750122070e-01,-5.165947973728179932e-02
4.182667732238769531e-01,1.292268037796020508e+00,4.237126410007476807e-01,-2.731332788243889809e-03,-6.834167987108230591e-02,-2.198122888803482056e-01,9.731415510177612305e-01,-8.604288101196289062e-01,1.854733377695083618e-02,1.220000028610229492e+00,3.789767026901245117e-01,-8.979372978210449219e-01,-2.106835365295410156e+00,4.450067877769470215e-01,-7.356009632349014282e-02,-2.619540691375732422e-01,2.168417692184448242e+00,-3.970066308975219727e-01,3.096514940261840820e-01,5.937694907188415527e-01,1.159986615180969238e+00,-6.579974889755249023e-01,9.724690765142440796e-02,-2.123163640499114990e-01,-7.791551947593688965e-01,-9.092990756034851074e-01,1.269415855407714844e+00,-5.808205008506774902e-01,-5.386596173048019409e-02
4.179269075393676758e-01,1.291909098625183105e+00,4.240967035293579102e-01,-1.536720781587064266e-03,-6.815393269062042236e-02,-2.190134823322296143e-01,9.733374118804931641e-01,-8.590151071548461914e-01,1.696201600134372711e-02,1.220000028610229492e+00,3.796729147434234619e-01,-8.996557593345642090e-01,-2.109003543853759766e+00,4.560920596122741699e-01,-7.181376218795776367e-02,-2.742668688297271729e-01,2.169313430786132812e+00,-3.970349729061126709e-01,3.065702319145202637e-01,5.940318107604980469e-01,1.156073927879333496e+00,-6.550459265708923340e-01,9.630572050809860229e-02,-2.130318582057952881e-01,-7.792703509330749512e-01,-9.095458984375000000e-01,1.267267107963562012e+00,-5.802688002586364746e-01,-5.600141733884811401e-02
4.176222085952758789e-01,1.291608572006225586e+00,4.245092570781707764e-01,-3.196182660758495331e-04,-6.801934540271759033e-02,-2.182642966508865356e-01,9.735162854194641113e-01,-8.578835129737854004e-01,1.606179773807525635e-02,1.220000028610229492e+00,3.807761073112487793e-01,-9.005023837089538574e-01,-2.109710693359375000e+00,4.669277966022491455e-01,-7.161752879619598389e-02,-2.859079539775848389e-01,2.169141054153442383e+00,-3.965339958667755127e-01,3.032128512859344482e-01,5.947380065917968750e-01,1.151723623275756836e+00,-6.523518562316894531e-01,9.571683406829833984e-02,-2.134988903999328613e-01,-7.795832157135009766e-01,-9.099460840225219727e-01,1.264970183372497559e+00,-5.795928239822387695e-01,-5.829223990440368652e-02
4.173441827297210693e-01,1.291291475296020508e+00,4.249905645847320557e-01,8.062118431553244591e-04,-6.794548034667968750e-02,-2.175632566213607788e-01,9.736780524253845215e-01,-8.564357161521911621e-01,1.589576527476310730e-02,1.220000028610229492e+00,3.817545473575592041e-01,-9.015188217163085938e-01,-2.109115839004516602e+00,4.778636693954467773e-01,-7.206519693136215210e-02,-2.967932522296905518e-01,2.167209148406982422e+00,-3.954546451568603516e-01,2.998095452785491943e-01,5.953046679496765137e-01,1.146858692169189453e+00,-6.496948003768920898e-01,9.470158815383911133e-02,-2.140313684940338135e-01,-7.786170840263366699e-01,-9.094064235687255859e-01,1.261962413787841797e+00,-5.794190764427185059e-01,-6.051084771752357483e-02
4.170517325401306152e-01,1.290911674499511719e+00,4.255337715148925781e-01,1.762689440511167049e-03,-6.789225339889526367e-02,-2.167834043502807617e-01,9.738544225692749023e-01,-8.551183342933654785e-01,1.660130359232425690e-02,1.220000028610229492e+00,3.825522363185882568e-01,-9.034103155136108398e-01,-2.107673406600952148e+00,4.886388778686523438e-01,-7.322961837053298950e-02,-3.074575066566467285e-01,2.164575338363647461e+00,-3.941425681114196777e-01,2.970281243324279785e-01,5.958635210990905762e-01,1.141884684562683105e+00,-6.465969085693359375e-01,9.310557693243026733e-02,-2.146411240100860596e-01,-7.757030725479125977e-01,-9.077976346015930176e-01,1.257980704307556152e+00,-5.802737474441528320e-01,-6.291939318180084229e-02
4.167213141918182373e-01,1.290634512901306152e+00,4.260528385639190674e-01,2.481773262843489647e-03,-6.781219691038131714e-02,-2.165092676877975464e-01,9.739194512367248535e-01,-8.537964224815368652e-01,1.832970976829528809e-02,1.220000028610229492e+00,3.823221027851104736e-01,-9.053760766983032227e-01,-2.105879306793212891e+00,4.995039999485015869e-01,-7.450267672538757324e-02,-3.179737031459808350e-01,2.162529945373535156e+00,-3.927067816257476807e-01,2.947354912757873535e-01,5.967538952827453613e-01,1.136856555938720703e+00,-6.439006328582763672e-01,9.159844368696212769e-02,-2.144032418727874756e-01,-7.744210958480834961e-01,-9.087384939193725586e-01,1.254633307456970215e+00,-5.794512629508972168e-01,-6.526467204093933105e-02
4.164037108421325684e-01,1.290547728538513184e+00,4.265168309211730957e-01,2.966660540550947189e-03,-6.778849661350250244e-02,-2.163380384445190430e-01,9.739577770233154297e-01,-8.528441786766052246e-01,1.987278833985328674e-02,1.220000028610229492e+00,3.815815746784210205e-01,-9.069011807441711426e-01,-2.104819059371948242e+00,5.104918479919433594e-01,-7.504957169294357300e-02,-3.282209932804107666e-01,2.161378860473632812e+00,-3.914712667465209961e-01,2.925148308277130127e-01,5.974756479263305664e-01,1.132065057754516602e+00,-6.418150067329406738e-01,9.091044217348098755e-02,-2.137809842824935913e-01,-7.741454839706420898e-01,-9.105364680290222168e-01,1.251890063285827637e+00,-5.774905681610107422e-01,-6.683661043643951416e-02
4.160555899143218994e-01,1.290567874908447266e+00,4.269608855247497559e-01,3.319764276966452599e-03,-6.783251464366912842e-02,-2.161403298377990723e-01,9.739974737167358398e-01,-8.530895113945007324e-01,2.071781270205974579e-02,1.220000028610229492e+00,3.809342384338378906e-01,-9.072740077972412109e-01,-2.105113506317138672e+00,5.214098095893859863e-01,-7.543664425611495972e-02,-3.382233977317810059e-01,2.160049200057983398e+00,-3.904421329498291016e-01,2.902212738990783691e-01,5.978496074676513672e-01,1.127494692802429199e+00,-6.404506564140319824e-01,9.115686267614364624e-02,-2.134476751089096069e-01,-7.734879851341247559e-01,-9.117292165756225586e-01,1.249140739440917969e+00,-5.759229063987731934e-01,-6.859716027975082397e-02
4.156989455223083496e-01,1.290548682212829590e+00,4.273846745491027832e-01,3.455630969256162643e-03,-6.778182834386825562e-02,-2.160804420709609985e-01,9.740138053894042969e-01,-8.543087840080261230e-01,2.191912010312080383e-02,1.220000028610229492e+00,3.802223801612854004e-01,-9.063901305198669434e-01,-2.106194019317626953e+00,5.316700339317321777e-01,-7.535281777381896973e-02,-3.486568033695220947e-01,2.158509492874145508e+00,-3.898019790649414062e-01,2.884061336517333984e-01,5.975157618522644043e-01,1.123351812362670898e+00,-6.391062736511230469e-01,9.161095321178436279e-02,-2.136584818363189697e-01,-7.715523242950439453e-01,-9.121533632278442383e-01,1.246219635009765625e+00,-5.751366615295410156e-01,-7.074752449989318848e-02
4.153458476066589355e-01,1.290429949760437012e+00,4.277664721012115479e-01,3.448514966294169426e-03,-6.750838458538055420e-02,-2.159039676189422607e-01,9.740719795227050781e-01,-8.562645316123962402e-01,2.342458628118038177e-02,1.220000028610229492e+00,3.794168531894683838e-01,-9.053561687469482422e-01,-2.107571363449096680e+00,5.412021875381469727e-01,-7.449433207511901855e-02,-3.597095310688018799e-01,2.157624006271362305e+00,-3.899728357791900635e-01,2.875913083553314209e-01,5.968350768089294434e-01,1.120010852813720703e+00,-6.371804475784301758e-01,9.181334823369979858e-02,-2.144325226545333862e-01,-7.683293223381042480e-01,-9.118695259094238281e-01,1.243277311325073242e+00,-5.750643014907836914e-01,-7.272607833147048950e-02
4.149916172027587891e-01,1.290223002433776855e+00,4.281355440616607666e-01,3.453909885138273239e-03,-6.696300208568572998e-02,-2.154701352119445801e-01,9.742056727409362793e-01,-8.583961129188537598e-01,2.477954886853694916e-02,1.220000028610229492e+00,3.787555694580078125e-01,-9.048470258712768555e-01,-2.108447551727294922e+00,5.506764650344848633e-01,-7.304716110229492188e-02,-3.705913424491882324e-01,2.156535863876342773e+00,-3.909904956817626953e-01,2.872163057327270508e-01,5.959862470626831055e-01,1.117048978805541992e+00,-6.352573037147521973e-01,9.191366285085678101e-02,-2.158252149820327759e-01,-7.638556957244873047e-01,-9.107081890106201172e-01,1.240196347236633301e+00,-5.760726928710937500e-01,-7.420591264963150024e-02
4.146930277347564697e-01,1.290014266967773438e+00,4.284554123878479004e-01,3.401729511097073555e-03,-6.617464870214462280e-02,-2.153761237859725952e-01,9.742804765701293945e-01,-8.602603673934936523e-01,2.624587155878543854e-02,1.220000028610229492e+00,3.774719834327697754e-01,-9.051445722579956055e-01,-2.108245849609375000e+00,5.599370598793029785e-01,-7.164119184017181396e-02,-3.815234899520874023e-01,2.155606985092163086e+00,-3.921514749526977539e-01,2.876133024692535400e-01,5.957486629486083984e-01,1.114471793174743652e+00,-6.336535811424255371e-01,9.142341464757919312e-02,-2.167019098997116089e-01,-7.606992125511169434e-01,-9.115233421325683594e-01,1.237801671028137207e+00,-5.762684345245361328e-01,-7.480709999799728394e-02
4.144919514656066895e-01,1.289786338806152344e+00,4.286882877349853516e-01,3.285610815510153770e-03,-6.548731029033660889e-02,-2.156517207622528076e-01,9.742663502693176270e-01,-8.616839647293090820e-01,2.835310436785221100e-02,1.220000028610229492e+00,3.754449784755706787e-01,-9.052205085754394531e-01,-2.107216596603393555e+00,5.691380500793457031e-01,-7.109811156988143921e-02,-3.922574818134307861e-01,2.154881000518798828e+00,-3.927405178546905518e-01,2.892533540725708008e-01,5.964587926864624023e-01,1.112942337989807129e+00,-6.316411495208740234e-01,8.936876058578491211e-02,-2.169068455696105957e-01,-7.585581541061401367e-01,-9.131619334220886230e-01,1.236046075820922852e+00,-5.758088231086730957e-01,-7.443063706159591675e-02
4.142841696739196777e-01,1.289570450782775879e+00,4.288793206214904785e-01,3.218955826014280319e-03,-6.515344232320785522e-02,-2.161417752504348755e-01,9.741804003715515137e-01,-8.618375062942504883e-01,3.025353327393531799e-02,1.220000028610229492e+00,3.731457889080047607e-01,-9.047827124595642090e-01,-2.105676174163818359e+00,5.789984464645385742e-01,-7.131175696849822998e-02,-4.019089341163635254e-01,2.153070449829101562e+00,-3.924353718757629395e-01,2.912644147872924805e-01,5.978611111640930176e-01,1.111840724945068359e+00,-6.299749612808227539e-01,8.642558753490447998e-02,-2.169033437967300415e-01,-7.568570375442504883e-01,-9.142107963562011719e-01,1.234534025192260742e+00,-5.757764577865600586e-01,-7.406381517648696899e-02
4.140201807022094727e-01,1.289358258247375488e+00,4.290495514869689941e-01,3.286425722762942314e-03,-6.519336253404617310e-02,-2.167083173990249634e-01,9.740515947341918945e-01,-8.609353303909301758e-01,3.099557384848594666e-02,1.220000028610229492e+00,3.704622387886047363e-01,-9.041004180908203125e-01,-2.104156255722045898e+00,5.893727540969848633e-01,-7.230230420827865601e-02,-4.107126593589782715e-01,2.149832725524902344e+00,-3.913407921791076660e-01,2.927004098892211914e-01,5.992739200592041016e-01,1.110666036605834961e+00,-6.291410923004150391e-01,8.387024700641632080e-02,-2.168815284967422485e-01,-7.555080652236938477e-01,-9.144905209541320801e-01,1.233205437660217285e+00,-5.765751600265502930e-01,-7.427857816219329834e-02
4.137452840805053711e-01,1.289194345474243164e+00,4.292093813419342041e-01,3.464352106675505638e-03,-6.538933515548706055e-02,-2.171722203493118286e-01,9.739345312118530273e-01,-8.595373034477233887e-01,3.040793538093566895e-02,1.220000028610229492e+00,3.675448894500732422e-01,-9.028471708297729492e-01,-2.102865457534790039e+00,5.999757647514343262e-01,-7.371073961257934570e-02,-4.190858900547027588e-01,2.145921468734741211e+00,-3.901460170745849609e-01,2.931489944458007812e-01,6.002525091171264648e-01,1.109255671501159668e+00,-6.289997696876525879e-01,8.229294419288635254e-02,-2.172327190637588501e-01,-7.544549703598022461e-01,-9.139288663864135742e-01,1.232151150703430176e+00,-5.775905847549438477e-01,-7.507282495498657227e-02
4.134061932563781738e-01,1.289116740226745605e+00,4.294465184211730957e-01,3.639380680397152901e-03,-6.552763283252716064e-02,-2.174614667892456055e-01,9.738600254058837891e-01,-8.573511242866516113e-01,2.897248230874538422e-02,1.220000028610229492e+00,3.646255433559417725e-01,-9.014748334884643555e-01,-2.101990938186645508e+00,6.106866002082824707e-01,-7.439662516117095947e-02,-4.272066354751586914e-01,2.142224788665771484e+00,-3.893290460109710693e-01,2.926432788372039795e-01,6.007231473922729492e-01,1.107016205787658691e+00,-6.293014287948608398e-01,8.179325610399246216e-02,-2.182020097970962524e-01,-7.529325485229492188e-01,-9.129897952079772949e-01,1.230631470680236816e+00,-5.793584585189819336e-01,-7.679647207260131836e-02
4.130030274391174316e-01,1.288962960243225098e+00,4.298103749752044678e-01,3.873015055432915688e-03,-6.542924046516418457e-02,-2.175789624452590942e-01,9.738395214080810547e-01,-8.548846840858459473e-01,2.745678648352622986e-02,1.220000028610229492e+00,3.620787560939788818e-01,-9.011844992637634277e-01,-2.101696252822875977e+00,6.211304664611816406e-01,-7.329992949962615967e-02,-4.354692101478576660e-01,2.139764070510864258e+00,-3.889945149421691895e-01,2.912612557411193848e-01,6.003848314285278320e-01,1.103817701339721680e+00,-6.292752027511596680e-01,8.208338916301727295e-02,-2.195708602666854858e-01,-7.502486705780029297e-01,-9.121316671371459961e-01,1.228126287460327148e+00,-5.820408463478088379e-01,-7.924033701419830322e-02
4.126496911048889160e-01,1.288603782653808594e+00,4.302501380443572998e-01,4.219175782054662704e-03,-6.490344554185867310e-02,-2.173667699098587036e-01,9.739206433296203613e-01,-8.513841629028320312e-01,2.561751194298267365e-02,1.220000028610229492e+00,3.598663806915283203e-01,-9.021015763282775879e-01,-2.101665735244750977e+00,6.309115290641784668e-01,-7.138461619615554810e-02,-4.441733956336975098e-01,2.139639139175415039e+00,-3.895464241504669189e-01,2.895828187465667725e-01,5.989626646041870117e-01,1.100268244743347168e+00,-6.274440884590148926e-01,8.166952431201934814e-02,-2.208321690559387207e-01,-7.467873096466064453e-01,-9.120147228240966797e-01,1.224912166595458984e+00,-5.844894051551818848e-01,-8.169378340244293213e-02
4.123625159263610840e-01,1.287963867187500000e+00,4.307383894920349121e-01,4.622466396540403366e-03,-6.410161405801773071e-02,-2.169558703899383545e-01,9.740635156631469727e-01,-8.469105958938598633e-01,2.255271747708320618e-02,1.220000028610229492e+00,3.571755588054656982e-01,-9.033188223838806152e-01,-2.101378202438354492e+00,6.405807733535766602e-01,-7.057651877403259277e-02,-4.528326690196990967e-01,2.141692399978637695e+00,-3.906930983066558838e-01,2.881010174751281738e-01,5.964239239692687988e-01,1.096757769584655762e+00,-6.233242750167846680e-01,7.927230745553970337e-02,-2.217760086059570312e-01,-7.421376705169677734e-01,-9.121078848838806152e-01,1.220886468887329102e+00,-5.869934558868408203e-01,-8.416161686182022095e-02
4.120610356330871582e-01,1.286992788314819336e+00,4.312427937984466553e-01,5.195956211537122726e-03,-6.331400573253631592e-02,-2.167805731296539307e-01,9.741511940956115723e-01,-8.417224287986755371e-01,1.873465999960899353e-02,1.220000028610229492e+00,3.531760871410369873e-01,-9.043682217597961426e-01,-2.100386142730712891e+00,6.506245136260986328e-01,-7.223746180534362793e-02,-4.614297151565551758e-01,2.143940448760986328e+00,-3.918716013431549072e-01,2.867764234542846680e-01,5.927596092224121094e-01,1.093424320220947266e+00,-6.171050667762756348e-01,7.435771077871322632e-02,-2.219401001930236816e-01,-7.374524474143981934e-01,-9.132349491119384766e-01,1.216768622398376465e+00,-5.891887545585632324e-01,-8.623538911342620850e-02
4.118091166019439697e-01,1.285453915596008301e+00,4.317104816436767578e-01,6.086308043450117111e-03,-6.260774284601211548e-02,-2.169618010520935059e-01,9.741513133049011230e-01,-8.349816203117370605e-01,1.444208435714244843e-02,1.220000028610229492e+00,3.477093875408172607e-01,-9.056351184844970703e-01,-2.097664117813110352e+00,6.606328487396240234e-01,-7.761951535940170288e-02,-4.711005091667175293e-01,2.144472599029541016e+00,-3.933415114879608154e-01,2.850767374038696289e-01,5.857569575309753418e-01,1.091005206108093262e+00,-6.069536209106445312e-01,6.460881978273391724e-02,-2.215162515640258789e-01,-7.321284413337707520e-01,-9.145952463150024414e-01,1.212238192558288574e+00,-5.921768546104431152e-01,-8.852900564670562744e-02
4.117224216461181641e-01,1.282890439033508301e+00,4.320176243782043457e-01,7.401723880320787430e-03,-6.187475845217704773e-02,-2.177451252937316895e-01,9.740142822265625000e-01,-8.264648914337158203e-01,9.298824705183506012e-03,1.220000028610229492e+00,3.397258818149566650e-01,-9.064114093780517578e-01,-2.092381477355957031e+00,6.708012223243713379e-01,-8.695036172866821289e-02,-4.827592968940734863e-01,2.143667221069335938e+00,-3.967164158821105957e-01,2.818220853805541992e-01,5.701243281364440918e-01,1.091063141822814941e+00,-5.891550779342651367e-01,4.566212743520736694e-02,-2.223306447267532349e-01,-7.239305377006530762e-01,-9.125032424926757812e-01,1.207338452339172363e+00,-5.976002216339111328e-01,-9.280398488044738770e-02
4.118098914623260498e-01,1.279125332832336426e+00,4.320722222328186035e-01,9.000658988952636719e-03,-6.109033524990081787e-02,-2.198176383972167969e-01,9.735847115516662598e-01,-8.160243630409240723e-01,3.351065563037991524e-03,1.220000028610229492e+00,3.273202776908874512e-01,-9.053148031234741211e-01,-2.084982395172119141e+00,6.818003654479980469e-01,-9.946509450674057007e-02,-4.975006878376007080e-01,2.143240213394165039e+00,-4.036000669002532959e-01,2.735828459262847900e-01,5.382341146469116211e-01,1.093555688858032227e+00,-5.643180012702941895e-01,1.912277378141880035e-02,-2.263698875904083252e-01,-7.126864790916442871e-01,-9.044308662414550781e-01,1.204061388969421387e+00,-6.039682030677795410e-01,-9.953844547271728516e-02
4.108336567878723145e-01,1.274039387702941895e+00,4.322657287120819092e-01,1.093132514506578445e-02,-6.022372469305992126e-02,-2.248302549123764038e-01,9.724736213684082031e-01,-8.019974231719970703e-01,-4.977867007255554199e-03,1.220000028610229492e+00,3.103188574314117432e-01,-9.019496440887451172e-01,-2.075412511825561523e+00,7.008787393569946289e-01,-1.151521056890487671e-01,-5.221959352493286133e-01,2.143855571746826172e+00,-4.133532345294952393e-01,2.587647140026092529e-01,4.901313483715057373e-01,1.094725847244262695e+00,-5.325957536697387695e-01,-1.359128952026367188e-02,-2.371679246425628662e-01,-6.983265280723571777e-01,-8.933532834053039551e-01,1.200444459915161133e+00,-6.120584011077880859e-01,-1.170966848731040955e-01
4.101802706718444824e-01,1.270251631736755371e+00,4.314302206039428711e-01,1.155528612434864044e-02,-6.007083877921104431e-02,-2.295411378145217896e-01,9.713746905326843262e-01,-7.869943380355834961e-01,-1.330047752708196640e-02,1.220000028610229492e+00,2.916052341461181641e-01,-8.934116363525390625e-01,-2.064271450042724609e+00,7.179931402206420898e-01,-1.261602044105529785e-01,-5.434597730636596680e-01,2.148167133331298828e+00,-4.279670119285583496e-01,2.411369830369949341e-01,4.357294142246246338e-01,1.103820800781250000e+00,-5.030997991561889648e-01,-3.741843998432159424e-02,-2.489398717880249023e-01,-6.920219063758850098e-01,-8.796314597129821777e-01,1.207940697669982910e+00,-6.188424825668334961e-01,-1.368328779935836792e-01
4.089556336402893066e-01,1.266073226928710938e+00,4.296621680259704590e-01,1.220526825636625290e-02,-5.928511545062065125e-02,-2.330045700073242188e-01,9.705901145935058594e-01,-7.703022956848144531e-01,-2.704353630542755127e-02,1.220000028610229492e+00,2.695418000221252441e-01,-8.816559910774230957e-01,-2.052714109420776367e+00,7.362357974052429199e-01,-1.275549679994583130e-01,-5.701689720153808594e-01,2.157994985580444336e+00,-4.459433853626251221e-01,2.302525043487548828e-01,3.859837353229522705e-01,1.117615580558776855e+00,-4.761198461055755615e-01,-5.228779464960098267e-02,-2.744647860527038574e-01,-6.846842169761657715e-01,-8.523881435394287109e-01,1.226748824119567871e+00,-6.214154958724975586e-01,-1.611388474702835083e-01
4.080347418785095215e-01,1.262473225593566895e+00,4.266893863677978516e-01,1.264318823814392090e-02,-5.633795261383056641e-02,-2.323399484157562256e-01,9.709193110466003418e-01,-7.541028261184692383e-01,-4.421726614236831665e-02,1.220000028610229492e+00,2.465186417102813721e-01,-8.733578324317932129e-01,-2.041299819946289062e+00,7.556576132774353027e-01,-1.017102450132369995e-01,-6.006585955619812012e-01,2.177801847457885742e+00,-4.671099185943603516e-01,2.382545024156570435e-01,3.618169426918029785e-01,1.133483767509460449e+00,-4.666528701782226562e-01,-4.600723087787628174e-02,-3.155392408370971680e-01,-6.792646050453186035e-01,-8.083348870277404785e-01,1.262776494026184082e+00,-6.138745546340942383e-01,-1.758397072553634644e-01
4.089786708354949951e-01,1.260967493057250977e+00,4.225265383720397949e-01,1.280588749796152115e-02,-4.936209693551063538e-02,-2.252369374036788940e-01,9.729685187339782715e-01,-7.452759742736816406e-01,-6.640408933162689209e-02,1.220000028610229492e+00,2.212601155042648315e-01,-8.755807280540466309e-01,-2.031738758087158203e+00,7.694544196128845215e-01,-3.011424839496612549e-02,-6.306193470954895020e-01,2.219218730926513672e+00,-4.911307692527770996e-01,2.648145854473114014e-01,3.731381893157958984e-01,1.145288228988647461e+00,-4.922800064086914062e-01,-7.231407333165407181e-03,-3.803092539310455322e-01,-6.785226464271545410e-01,-7.372236251831054688e-01,1.320605039596557617e+00,-5.893851518630981445e-01,-1.598741561174392700e-01
4.121959805488586426e-01,1.260931849479675293e+00,4.177268743515014648e-01,8.699195459485054016e-03,-4.355480149388313293e-02,-2.077959030866622925e-01,9.771633148193359375e-01,-7.608380913734436035e-01,-8.515878021717071533e-02,1.220000028610229492e+00,2.018284946680068970e-01,-8.748283982276916504e-01,-2.027235507965087891e+00,7.205942273139953613e-01,1.005704402923583984e-01,-5.993419289588928223e-01,2.275416374206542969e+00,-5.133299231529235840e-01,2.901052236557006836e-01,3.824526071548461914e-01,1.153801202774047852e+00,-5.415791869163513184e-01,4.951630160212516785e-02,-4.399878382682800293e-01,-6.645654439926147461e-01,-6.523559093475341797e-01,1.391625523567199707e+00,-5.527526140213012695e-01,-9.452278912067413330e-02
4.145409166812896729e-01,1.263172507286071777e+00,4.126488566398620605e-01,-1.917446777224540710e-02,-4.853054136037826538e-02,-2.064124643802642822e-01,9.770726561546325684e-01,-7.733144760131835938e-01,-4.503761604428291321e-02,1.220000028610229492e+00,1.883330345153808594e-01,-8.386009931564331055e-01,-1.981917262077331543e+00,2.267699986696243286e-01,3.390960395336151123e-01,-9.437188506126403809e-02,2.257739782333374023e+00,-5.112406015396118164e-01,3.668014705181121826e-01,3.724974691867828369e-01,1.177974224090576172e+00,-5.846589207649230957e-01,8.064161986112594604e-02,-4.742453694343566895e-01,-5.984380245208740234e-01,-5.574629306793212891e-01,1.478705763816833496e+00,-5.153549909591674805e-01,-2.375162020325660706e-02
4.135315120220184326e-01,1.258839130401611328e+00,4.104920625686645508e-01,-2.733736671507358551e-02,-5.544412136077880859e-02,-2.223379760980606079e-01,9.730079174041748047e-01,-7.627636194229125977e-01,-4.248177260160446167e-02,1.220000028610229492e+00,1.491725593805313110e-01,-8.249065279960632324e-01,-1.964277386665344238e+00,1.121806055307388306e-01,4.929597675800323486e-01,1.279661059379577637e-02,2.200528621673583984e+00,-4.826257526874542236e-01,4.246812462806701660e-01,3.932646214962005615e-01,1.185494184494018555e+00,-5.915246605873107910e-01,6.975632160902023315e-02,-5.165299773216247559e-01,-5.739952325820922852e-01,-4.527809619903564453e-01,1.566919803619384766e+00,-4.822600483894348145e-01,-2.864148467779159546e-03
4.103020727634429932e-01,1.250244021415710449e+00,4.114089012145996094e-01,-2.277213893830776215e-02,-6.421546638011932373e-02,-2.366163879632949829e-01,9.692112803459167480e-01,-7.679381370544433594e-01,-5.770713835954666138e-02,1.220000028610229492e+00,1.559257805347442627e-01,-8.297744393348693848e-01,-1.955907940864562988e+00,1.265021860599517822e-01,5.757601857185363770e-01,-3.458335995674133301e-02,2.136234045028686523e+00,-4.305297136306762695e-01,4.520531594753265381e-01,4.300340712070465088e-01,1.160091161727905273e+00,-5.792605876922607422e-01,4.441790655255317688e-02,-5.506045222282409668e-01,-5.819364786148071289e-01,-3.350414335727691650e-01,1.638447284698486328e+00,-4.250425398349761963e-01,6.858841981738805771e-03
4.035429060459136963e-01,1.237562060356140137e+00,4.165604412555694580e-01,-9.594568982720375061e-03,-7.384636998176574707e-02,-2.427340596914291382e-01,9.672304987907409668e-01,-8.102455139160156250e-01,-8.049152046442031860e-02,1.220000028610229492e+00,2.195212543010711670e-01,-8.549970388412475586e-01,-1.949790239334106445e+00,1.893745660781860352e-01,6.056286096572875977e-01,-1.642435044050216675e-01,2.051709175109863281e+00,-3.626489937305450439e-01,4.399600625038146973e-01,4.613519012928009033e-01,1.083244085311889648e+00,-5.367704033851623535e-01,2.146441489458084106e-02,-5.645155310630798340e-01,-5.916386246681213379e-01,-2.158564329147338867e-01,1.655707001686096191e+00,-3.157999217510223389e-01,2.754461392760276794e-02
3.934877812862396240e-01,1.221041679382324219e+00,4.272081553936004639e-01,3.210598137229681015e-03,-8.267627656459808350e-02,-2.439895421266555786e-01,9.662418961524963379e-01,-8.732573986053466797e-01,-1.049080267548561096e-01,1.220000028610229492e+00,3.137095272541046143e-01,-8.914566636085510254e-01,-1.946053147315979004e+00,2.316238731145858765e-01,6.166637539863586426e-01,-2.968685626983642578e-01,1.921944856643676758e+00,-2.779599130153656006e-01,4.072844088077545166e-01,4.789403080940246582e-01,9.460148811340332031e-01,-4.498315751552581787e-01,-2.843879861757159233e-03,-5.363463759422302246e-01,-5.943130254745483398e-01,-1.326151341199874878e-01,1.592560887336730957e+00,-1.766553968191146851e-01,4.320704564452171326e-02
3.823791444301605225e-01,1.201485395431518555e+00,4.427052736282348633e-01,1.050699409097433090e-02,-9.033406525850296021e-02,-2.432794570922851562e-01,9.656834006309509277e-01,-9.344700574874877930e-01,-1.245385631918907166e-01,1.220000028610229492e+00,4.220027029514312744e-01,-9.352391362190246582e-01,-1.945068478584289551e+00,2.131500691175460815e-01,6.129133701324462891e-01,-3.923895657062530518e-01,1.724853038787841797e+00,-1.565355956554412842e-01,3.648524880409240723e-01,4.919498562812805176e-01,7.273831367492675781e-01,-2.991780340671539307e-01,-3.673293814063072205e-02,-4.642704725265502930e-01,-6.108428239822387695e-01,-1.055706068873405457e-01,1.448890447616577148e+00,-5.506629124283790588e-02,4.214170947670936584e-02
3.736716806888580322e-01,1.180672764778137207e+00,4.575158655643463135e-01,1.397277042269706726e-02,-9.628818929195404053e-02,-2.424883842468261719e-01,9.652630090713500977e-01,-9.754006266593933105e-01,-1.491472870111465454e-01,1.220000028610229492e+00,5.334432125091552734e-01,-9.900557994842529297e-01,-1.957027435302734375e+00,1.158948540687561035e-01,5.680794119834899902e-01,-4.428058564662933350e-01,1.451001644134521484e+00,-2.350617572665214539e-02,3.247557580471038818e-01,4.908087849617004395e-01,4.889720380306243896e-01,-8.374942839145660400e-02,-9.179086983203887939e-02,-3.671098053455352783e-01,-6.465359330177307129e-01,-1.286003291606903076e-01,1.246689915657043457e+00,2.350857108831405640e-02,2.700216695666313171e-02
3.651256561279296875e-01,1.161750912666320801e+00,4.698126614093780518e-01,1.183410361409187317e-02,-9.645921736955642700e-02,-2.410971224308013916e-01,9.656229615211486816e-01,-9.998006820678710938e-01,-1.775529980659484863e-01,1.220000028610229492e+00,6.302830576896667480e-01,-1.029963612556457520e+00,-1.981390357017517090e+00,-1.023503690958023071e-01,5.248745083808898926e-01,-4.067593514919281006e-01,1.101036310195922852e+00,7.391442358493804932e-02,3.136911094188690186e-01,4.554889500141143799e-01,2.888871133327484131e-01,2.062843441963195801e-01,-1.545305103063583374e-01,-2.558436691761016846e-01,-6.539834737777709961e-01,-1.854834109544754028e-01,9.935061335563659668e-01,1.213237196207046509e-01,1.263491064310073853e-02
3.598832190036773682e-01,1.141010522842407227e+00,4.764391481876373291e-01,2.032728493213653564e-02,-1.102827712893486023e-01,-2.328006029129028320e-01,9.660374522209167480e-01,-9.990121126174926758e-01,-1.911857873201370239e-01,1.220000028610229492e+00,7.593582272529602051e-01,-1.065222859382629395e+00,-1.975419044494628906e+00,-3.603861033916473389e-01,4.188098907470703125e-01,-3.667554855346679688e-01,7.130472064018249512e-01,1.258677244186401367e-01,3.188072443008422852e-01,3.973345160484313965e-01,2.491649985313415527e-01,3.449999988079071045e-01,-2.297466695308685303e-01,-1.062770262360572815e-01,-6.252782344818115234e-01,-1.901718676090240479e-01,7.357485890388488770e-01,2.578693926334381104e-01,1.490307897329330444e-01
3.434650301933288574e-01,1.111371994018554688e+00,4.830965995788574219e-01,2.342697046697139740e-02,-1.182247400283813477e-01,-2.179945707321166992e-01,9.684794545173645020e-01,-9.721532464027404785e-01,-2.116102725267410278e-01,1.220000028610229492e+00,8.763430118560791016e-01,-1.107162833213806152e+00,-1.961513996124267578e+00,-5.843407511711120605e-01,2.552883625030517578e-01,-2.878813743591308594e-01,3.459105193614959717e-01,8.671538531780242920e-02,3.822176456451416016e-01,2.778677940368652344e-01,3.252988159656524658e-01,3.449999988079071045e-01,-1.798378378152847290e-01,-3.386892611160874367e-03,-5.047829747200012207e-01,-1.433481723070144653e-01,5.598743557929992676e-01,3.259859085083007812e-01,1.977287679910659790e-01
3.243623077869415283e-01,1.084294199943542480e+00,4.867437779903411865e-01,2.246758900582790375e-02,-1.240868344902992249e-01,-2.255419790744781494e-01,9.660375118255615234e-01,-8.905765414237976074e-01,-2.118960469961166382e-01,1.220000028610229492e+00,9.080306291580200195e-01,-1.148309230804443359e+00,-1.968440294265747070e+00,-7.257275581359863281e-01,2.361035645008087158e-01,-1.737838834524154663e-01,2.527423799037933350e-01,6.012359168380498886e-03,4.129219651222229004e-01,1.092564463615417480e-01,5.077618360519409180e-01,2.692519426345825195e-01,-1.087003871798515320e-01,1.042750664055347443e-02,-4.116501808166503906e-01,-1.281318664550781250e-01,5.247637033462524414e-01,2.798863351345062256e-01,1.920076161623001099e-01
3.226459324359893799e-01,1.061935186386108398e+00,4.826861619949340820e-01,2.550010569393634796e-02,-1.095207780599594116e-01,-2.632704377174377441e-01,9.581459164619445801e-01,-7.215701341629028320e-01,-2.285900264978408813e-01,1.220000028610229492e+00,8.135277032852172852e-01,-1.219446420669555664e+00,-2.008059501647949219e+00,-9.547719955444335938e-01,3.556846380233764648e-01,4.737263545393943787e-02,3.512698709964752197e-01,-1.381913125514984131e-01,3.654387891292572021e-01,-2.449827641248703003e-02,8.697147965431213379e-01,1.021037474274635315e-01,-5.430202186107635498e-02,-6.461131572723388672e-02,-3.748206198215484619e-01,-1.356311291456222534e-01,5.937067866325378418e-01,1.017090007662773132e-01,1.569587439298629761e-01
3.193970918655395508e-01,1.041946530342102051e+00,4.755959510803222656e-01,2.804742939770221710e-02,-7.800237089395523071e-02,-2.991399168968200684e-01,9.506020545959472656e-01,-5.063350200653076172e-01,-2.639273405075073242e-01,1.220000028610229492e+00,6.548225283622741699e-01,-1.296671867370605469e+00,-2.058875083923339844e+00,-1.027371168136596680e+00,5.107412934303283691e-01,1.393968909978866577e-01,5.714952945709228516e-01,-3.052636086940765381e-01,2.852407395839691162e-01,-8.937008678913116455e-02,1.183931708335876465e+00,-2.243565628305077553e-03,-2.989456057548522949e-02,-1.945249438285827637e-01,-3.138721287250518799e-01,-1.057327464222908020e-01,6.821522116661071777e-01,-8.981834352016448975e-02,9.688615053892135620e-02
3.127912878990173340e-01,1.020542502403259277e+00,4.631378352642059326e-01,1.573228463530540466e-02,-3.940934687852859497e-02,-3.252569735050201416e-01,9.446731209754943848e-01,-2.805084586143493652e-01,-3.068945705890655518e-01,1.220000028610229492e+00,4.857782423496246338e-01,-1.342620015144348145e+00,-2.096830129623413086e+00,-9.144920110702514648e-01,6.437635421752929688e-01,1.117185130715370178e-01,8.811924457550048828e-01,-4.938597381114959717e-01,1.942493766546249390e-01,-1.439482122659683228e-01,1.442212820053100586e+00,-6.797866523265838623e-02,-5.380973219871520996e-02,-3.340210318565368652e-01,-2.048823237419128418e-01,-8.956699818372726440e-02,8.042844533920288086e-01,-2.535443902015686035e-01,2.484473958611488342e-02
3.057969808578491211e-01,9.958789944648742676e-01,4.468826055526733398e-01,-1.361651625484228134e-02,-1.195422001183032990e-02,-3.418087363243103027e-01,9.395948648452758789e-01,-7.203889638185501099e-02,-3.270757496356964111e-01,1.220000028610229492e+00,3.061563670635223389e-01,-1.354980230331420898e+00,-2.115521430969238281e+00,-6.980682015419006348e-01,7.455418705940246582e-01,3.505425527691841125e-02,1.198446750640869141e+00,-6.505411863327026367e-01,9.245278686285018921e-02,-1.796296983957290649e-01,1.619069337844848633e+00,-1.261721849441528320e-01,-9.443543851375579834e-02,-4.149608910083770752e-01,-8.027570694684982300e-02,-1.413897722959518433e-01,9.267523884773254395e-01,-3.710376620292663574e-01,-3.894192352890968323e-02
2.975866198539733887e-01,9.686312079429626465e-01,4.306161999702453613e-01,-4.916806519031524658e-02,-2.340147038921713829e-03,-3.546056449413299561e-01,9.337193965911865234e-01,1.293752789497375488e-01,-3.192434906959533691e-01,1.220000028610229492e+00,9.657002240419387817e-02,-1.342870354652404785e+00,-2.104885816574096680e+00,-4.568408727645874023e-01,8.516705036163330078e-01,-9.253590367734432220e-03,1.497117280960083008e+00,-7.620759010314941406e-01,-1.043220330029726028e-02,-1.750109344720840454e-01,1.693528175354003906e+00,-1.873472481966018677e-01,-1.197004318237304688e-01,-4.366433918476104736e-01,3.649768978357315063e-02,-2.202378511428833008e-01,1.031995654106140137e+00,-4.473045170307159424e-01,-8.746634423732757568e-02
2.873382270336151123e-01,9.411637783050537109e-01,4.187715351581573486e-01,-7.266448438167572021e-02,-1.175676193088293076e-02,-3.725924193859100342e-01,9.250711202621459961e-01,3.486520051956176758e-01,-2.969723641872406006e-01,1.023215293884277344e+00,-1.645399928092956543e-01,-1.148224115371704102e+00,-2.068597555160522461e+00,-2.533258199691772461e-01,9.096343517303466797e-01,6.051022186875343323e-02,1.754812955856323242e+00,-8.208338618278503418e-01,-1.265211701393127441e-01,-1.128916665911674500e-01,1.648263096809387207e+00,-2.312962710857391357e-01,-1.396740823984146118e-01,-4.139417409896850586e-01,1.349957585334777832e-01,-2.584901452064514160e-01,1.102721333503723145e+00,-5.062716007232666016e-01,-1.241124421358108521e-01
2.741679847240447998e-01,9.147446155548095703e-01,4.121307432651519775e-01,-6.389018148183822632e-02,-2.761337347328662872e-02,-3.647504448890686035e-01,9.285002350807189941e-01,5.054318308830261230e-01,-2.692408561706542969e-01,6.638722419738769531e-01,-3.627193272113800049e-01,-8.394863009452819824e-01,-1.935945987701416016e+00,-1.349984109401702881e-01,8.248330354690551758e-01,1.747571378946304321e-01,1.914958596229553223e+00,-8.751691579818725586e-01,-2.892558276653289795e-01,-1.512202899903059006e-02,1.497045040130615234e+00,-2.322296649217605591e-01,-1.495098173618316650e-01,-3.804831206798553467e-01,1.548693925142288208e-01,-3.046268820762634277e-01,1.139576911926269531e+00,-5.676060318946838379e-01,-1.517905443906784058e-01
2.616541385650634766e-01,8.933289647102355957e-01,4.057697355747222900e-01,-7.443564385175704956e-02,-2.841427177190780640e-02,-3.442282676696777344e-01,9.354992508888244629e-01,6.109191775321960449e-01,-2.755762934684753418e-01,6.197057366371154785e-01,-4.208062887191772461e-01,-8.780069351196289062e-01,-1.762153267860412598e+00,-1.075046434998512268e-01,7.423533797264099121e-01,3.002530932426452637e-01,2.015899419784545898e+00,-9.125914573669433594e-01,-3.877645730972290039e-01,5.728341266512870789e-02,1.322856783866882324e+00,-1.989666968584060669e-01,-1.628280133008956909e-01,-3.425523936748504639e-01,2.125840336084365845e-01,-3.959491848945617676e-01,1.120265722274780273e+00,-6.136305332183837891e-01,-1.817237138748168945e-01
2.470884323120117188e-01,8.752281665802001953e-01,4.006963968276977539e-01,-9.399614483118057251e-02,-2.487487345933914185e-02,-3.412180244922637939e-01,9.349418282508850098e-01,6.991123557090759277e-01,-2.820812463760375977e-01,6.042361855506896973e-01,-4.208863377571105957e-01,-9.784628748893737793e-01,-1.555493354797363281e+00,-2.344590723514556885e-01,6.484063267707824707e-01,5.185042023658752441e-01,2.083105564117431641e+00,-8.977029323577880859e-01,-3.982397019863128662e-01,1.337073296308517456e-01,1.122399449348449707e+00,-1.075833588838577271e-01,-2.068159133195877075e-01,-3.129372596740722656e-01,3.060166239738464355e-01,-4.613064527511596680e-01,1.075929045677185059e+00,-6.363541483879089355e-01,-2.143922746181488037e-01
2.371122986078262329e-01,8.548617362976074219e-01,3.944163918495178223e-01,-1.025863140821456909e-01,-1.320214383304119110e-02,-3.301302492618560791e-01,9.382514357566833496e-01,7.608951330184936523e-01,-2.952056527137756348e-01,5.806679725646972656e-01,-3.585712611675262451e-01,-1.113258719444274902e+00,-1.289399623870849609e+00,-5.609659552574157715e-01,5.978180170059204102e-01,8.559444546699523926e-01,2.091228246688842773e+00,-8.482418656349182129e-01,-3.984121084213256836e-01,2.230115085840225220e-01,9.279226660728454590e-01,2.945910207927227020e-02,-2.141343504190444946e-01,-2.897400856018066406e-01,3.852610886096954346e-01,-5.246564745903015137e-01,1.020064234733581543e+00,-6.473662853240966797e-01,-2.362567633390426636e-01
2.277980595827102661e-01,8.293389678001403809e-01,3.880146741867065430e-01,-8.594036102294921875e-02,-1.215674076229333878e-02,-3.159495890140533447e-01,9.447975158691406250e-01,7.990040183067321777e-01,-2.653238475322723389e-01,5.179938673973083496e-01,-2.705712616443634033e-01,-1.215478539466857910e+00,-9.516450762748718262e-01,-9.761338829994201660e-01,5.890819430351257324e-01,1.255417943000793457e+00,2.053397417068481445e+00,-7.752963304519653320e-01,-3.803847730159759521e-01,3.508283793926239014e-01,8.036744594573974609e-01,1.383437812328338623e-01,-1.768643558025360107e-01,-2.600978016853332520e-01,4.000000059604644775e-01,-5.745130181312561035e-01,9.943718314170837402e-01,-6.540188789367675781e-01,-2.256551384925842285e-01
2.203008830547332764e-01,8.060631752014160156e-01,3.831974565982818604e-01,-6.427519768476486206e-02,-2.009658142924308777e-02,-3.044866025447845459e-01,9.501330256462097168e-01,8.102381825447082520e-01,-2.128748297691345215e-01,5.206791162490844727e-01,-1.505220383405685425e-01,-1.369765281677246094e+00,-5.542216897010803223e-01,-1.373090982437133789e+00,6.486749053001403809e-01,1.619064331054687500e+00,1.988543987274169922e+00,-7.181001901626586914e-01,-3.896163105964660645e-01,3.904162645339965820e-01,7.669362425804138184e-01,1.311138421297073364e-01,-8.991397172212600708e-02,-2.117220759391784668e-01,4.000000059604644775e-01,-6.064583659172058105e-01,9.551848769187927246e-01,-6.322041749954223633e-01,-1.860483437776565552e-01
2.115558236837387085e-01,7.905438542366027832e-01,3.828751742839813232e-01,-4.868712276220321655e-02,-3.869890794157981873e-02,-3.137120604515075684e-01,9.474791288375854492e-01,8.233706951141357422e-01,-1.502333432435989380e-01,5.352839231491088867e-01,-8.982087671756744385e-02,-1.520950794219970703e+00,-2.608128786087036133e-01,-1.649034857749938965e+00,7.749724984169006348e-01,1.890942692756652832e+00,1.933264851570129395e+00,-7.047037482261657715e-01,-4.000000059604644775e-01,3.677001297473907471e-01,8.053756356239318848e-01,7.162465248256921768e-03,-3.318145172670483589e-03,-1.494524925947189331e-01,4.000000059604644775e-01,-5.971305370330810547e-01,9.099042415618896484e-01,-5.676651000976562500e-01,-1.310522556304931641e-01
2.051864862442016602e-01,7.655438184738159180e-01,3.852246999740600586e-01,-1.612144522368907928e-02,-5.432698130607604980e-02,-3.236862123012542725e-01,9.444659352302551270e-01,8.589633703231811523e-01,-9.067901968955993652e-02,5.842462778091430664e-01,-1.331196874380111694e-01,-1.661948680877685547e+00,-1.686198413372039795e-01,-1.799018740653991699e+00,9.203692674636840820e-01,2.076759576797485352e+00,1.900801539421081543e+00,-7.088696956634521484e-01,-4.000000059604644775e-01,3.818207681179046631e-01,8.706226944923400879e-01,-9.778397530317306519e-02,3.700893744826316833e-02,-6.796080619096755981e-02,4.000000059604644775e-01,-5.553350448608398438e-01,8.272081613540649414e-01,-4.942659139633178711e-01,-8.985704183578491211e-02
2.073544859886169434e-01,7.339368462562561035e-01,3.868946433067321777e-01,2.827283553779125214e-02,-7.050429284572601318e-02,-3.525473475456237793e-01,9.327058196067810059e-01,9.568341970443725586e-01,-1.662395521998405457e-02,7.930340170860290527e-01,-2.848761677742004395e-01,-1.871911168098449707e+00,-1.975408941507339478e-01,-1.837804555892944336e+00,1.076332092285156250e+00,2.179186820983886719e+00,1.885802626609802246e+00,-7.014946341514587402e-01,-3.999313712120056152e-01,4.522537291049957275e-01,9.240903854370117188e-01,-1.842082291841506958e-01,7.624281197786331177e-02,7.382532954216003418e-02,4.000000059604644775e-01,-4.423055052757263184e-01,6.881830692291259766e-01,-3.615937232971191406e-01,-4.684042930603027344e-02
2.097346037626266479e-01,7.147709131240844727e-01,3.889831602573394775e-01,4.421325027942657471e-02,-7.981822639703750610e-02,-3.903276622295379639e-01,9.161432981491088867e-01,1.000000000000000000e+00,9.949207305908203125e-03,8.899548649787902832e-01,-3.783380985260009766e-01,-1.925179243087768555e+00,-2.401727139949798584e-01,-1.768069505691528320e+00,1.150860786437988281e+00,2.142789840698242188e+00,1.884794473648071289e+00,-6.921353340148925781e-01,-3.726267218589782715e-01,4.746644496917724609e-01,9.680721759796142578e-01,-2.511069178581237793e-01,1.167648062109947205e-01,1.792889088392257690e-01,4.000000059604644775e-01,-3.312628865242004395e-01,6.093360185623168945e-01,-1.264711022377014160e-01,5.235092341899871826e-02
2.082249522209167480e-01,6.977557539939880371e-01,3.923177719116210938e-01,5.144832283258438110e-02,-8.931606262922286987e-02,-4.211196303367614746e-01,9.011293053627014160e-01,1.000000000000000000e+00,4.021028416900662705e-07,8.541375398635864258e-01,-4.510360360145568848e-01,-1.844663023948669434e+00,-3.688383996486663818e-01,-1.610753297805786133e+00,1.136661767959594727e+00,2.007503271102905273e+00,1.906602621078491211e+00,-6.613520979881286621e-01,-3.422220647335052490e-01,4.752841591835021973e-01,9.985134005546569824e-01,-3.091899156570434570e-01,1.569020301103591919e-01,2.387273609638214111e-01,4.000000059604644775e-01,-2.168160974979400635e-01,5.950908660888671875e-01,1.778216511011123657e-01,2.091370373964309692e-01
2.012229412794113159e-01,6.751856803894042969e-01,3.980764746665954590e-01,4.086660593748092651e-02,-8.017299324274063110e-02,-4.402855038642883301e-01,8.933369517326354980e-01,9.626351594924926758e-01,-6.885331869125366211e-02,7.124667763710021973e-01,-5.385441184043884277e-01,-1.640977740287780762e+00,-6.542981863021850586e-01,-1.376492500305175781e+00,1.059241414070129395e+00,1.767068147659301758e+00,1.950579047203063965e+00,-6.384044885635375977e-01,-2.608645558357238770e-01,4.299227297306060791e-01,1.040019154548645020e+00,-3.515625596046447754e-01,1.756445765495300293e-01,1.825003623962402344e-01,4.000000059604644775e-01,-2.010678797960281372e-01,7.196012139320373535e-01,3.161944746971130371e-01,3.147574067115783691e-01
2.086114436388015747e-01,6.516033411026000977e-01,4.036667644977569580e-01,1.119369082152843475e-02,-3.545352444052696228e-02,-4.232812821865081787e-01,9.052351713180541992e-01,7.734449505805969238e-01,-1.893131583929061890e-01,5.162274241447448730e-01,-5.839152932167053223e-01,-1.329485535621643066e+00,-9.910228252410888672e-01,-1.090310811996459961e+00,9.209780097007751465e-01,1.414954304695129395e+00,1.995844364166259766e+00,-6.509618163108825684e-01,-1.989602595567703247e-01,3.045526742935180664e-01,1.073135614395141602e+00,-4.007459282875061035e-01,2.228942066431045532e-01,-2.017694897949695587e-02,2.961477637290954590e-01,-3.659264743328094482e-01,1.022500276565551758e+00,2.029173970222473145e-01,2.967252731323242188e-01
2.191018015146255493e-01,6.270068287849426270e-01,4.072784185409545898e-01,2.603833936154842377e-02,-9.779575280845165253e-03,-4.080788493156433105e-01,9.125229120254516602e-01,5.565526485443115234e-01,-2.872549891471862793e-01,3.855565190315246582e-01,-6.032471060752868652e-01,-1.047055363655090332e+00,-1.259745955467224121e+00,-7.899025678634643555e-01,8.294711709022521973e-01,1.047405719757080078e+00,2.016377449035644531e+00,-6.475753188133239746e-01,-2.115915864706039429e-01,2.553911507129669189e-01,1.067589640617370605e+00,-4.642076492309570312e-01,2.827903032302856445e-01,-2.417160570621490479e-01,-1.313603366725146770e-03,-3.882584869861602783e-01,1.381931304931640625e+00,7.648564875125885010e-02,2.664967179298400879e-01
2.151942402124404907e-01,5.967078208923339844e-01,4.085754156112670898e-01,5.287952721118927002e-02,-4.686485975980758667e-03,-4.008993804454803467e-01,9.145826697349548340e-01,3.234623968601226807e-01,-3.488139808177947998e-01,3.148983120918273926e-01,-5.571762919425964355e-01,-8.000050187110900879e-01,-1.481890916824340820e+00,-5.480110049247741699e-01,7.946463227272033691e-01,7.068213224411010742e-01,2.006217718124389648e+00,-6.226732134819030762e-01,-2.168369442224502563e-01,2.364848703145980835e-01,1.056583523750305176e+00,-5.174553990364074707e-01,2.911914288997650146e-01,-4.703378975391387939e-01,-2.499579936265945435e-01,-2.647236883640289307e-01,1.638396263122558594e+00,-1.691771857440471649e-02,2.276540696620941162e-01
2.006602585315704346e-01,5.585705637931823730e-01,4.142192900180816650e-01,7.182179391384124756e-02,-2.600110881030559540e-02,-4.019195139408111572e-01,9.124835729598999023e-01,8.036579191684722900e-02,-3.490000069141387939e-01,2.786047458648681641e-01,-4.303695261478424072e-01,-5.638866424560546875e-01,-1.660788893699645996e+00,-3.735569715499877930e-01,7.685220241546630859e-01,4.263306856155395508e-01,1.956201910972595215e+00,-5.191317796707153320e-01,-1.919432133436203003e-01,2.261694669723510742e-01,1.008739233016967773e+00,-5.483211874961853027e-01,2.399029135704040527e-01,-6.410971283912658691e-01,-4.430146813392639160e-01,-1.075832471251487732e-01,1.732285499572753906e+00,-7.649337500333786011e-02,1.661822348833084106e-01
1.856482028961181641e-01,5.194060802459716797e-01,4.283553659915924072e-01,7.328927516937255859e-02,-5.856361985206604004e-02,-4.124366044998168945e-01,9.061429500579833984e-01,-1.507493555545806885e-01,-3.247473835945129395e-01,2.235275506973266602e-01,-2.568864524364471436e-01,-3.333148658275604248e-01,-1.815916419029235840e+00,-2.892028093338012695e-01,7.473788261413574219e-01,2.390058487653732300e-01,1.837216615676879883e+00,-3.331757187843322754e-01,-1.419741660356521606e-01,2.114470154047012329e-01,8.817045092582702637e-01,-5.208518505096435547e-01,1.526694446802139282e-01,-7.395837903022766113e-01,-5.704846978187561035e-01,3.015001304447650909e-02,1.654749989509582520e+00,-8.253684639930725098e-02,1.264639943838119507e-01
1.717655360698699951e-01,4.853330552577972412e-01,4.468796253204345703e-01,5.815166234970092773e-02,-9.285295009613037109e-02,-4.277766048908233643e-01,8.972200751304626465e-01,-3.421641290187835693e-01,-2.553313374519348145e-01,2.071881145238876343e-01,-8.399559557437896729e-02,-1.698845475912094116e-01,-1.963042259216308594e+00,-3.058263361454010010e-01,7.413884401321411133e-01,1.515156328678131104e-01,1.628563404083251953e+00,-9.867676347494125366e-02,-7.653991132974624634e-02,2.109197229146957397e-01,6.886225342750549316e-01,-3.811921477317810059e-01,4.619586095213890076e-02,-7.421844005584716797e-01,-6.052803993225097656e-01,1.151342466473579407e-01,1.439962267875671387e+00,-2.283121575601398945e-04,1.392315626144409180e-01
1.578207463026046753e-01,4.586880207061767578e-01,4.649220108985900879e-01,3.845432028174400330e-02,-1.083020791411399841e-01,-4.366486966609954834e-01,8.922610878944396973e-01,-4.826091825962066650e-01,-2.133755683898925781e-01,2.905924022197723389e-01,7.506394386291503906e-02,-1.537324637174606323e-01,-2.108465671539306641e+00,-4.159970879554748535e-01,7.505272030830383301e-01,1.139238774776458740e-01,1.341714620590209961e+00,7.985994964838027954e-02,5.556846968829631805e-03,2.521515190601348877e-01,5.092880129814147949e-01,-1.128885969519615173e-01,-4.913314059376716614e-02,-6.539283394813537598e-01,-5.675616264343261719e-01,1.553231626749038696e-01,1.112399339675903320e+00,2.097558528184890747e-01,2.047917246818542480e-01
1.482696980237960815e-01,4.142784178256988525e-01,4.786584973335266113e-01,1.298928260803222656e-02,-1.121529787778854370e-01,-4.150871932506561279e-01,9.027488827705383301e-01,-6.256395578384399414e-01,-1.608467400074005127e-01,6.695451140403747559e-01,3.006075024604797363e-01,-4.649308621883392334e-01,-2.175963401794433594e+00,-5.763165950775146484e-01,7.426767349243164062e-01,6.383460015058517456e-02,9.654127359390258789e-01,2.101075798273086548e-01,1.636660695075988770e-01,3.286421000957489014e-01,4.204234778881072998e-01,1.332931071519851685e-01,-1.380806714296340942e-01,-4.499246776103973389e-01,-5.441101789474487305e-01,1.108108684420585632e-01,8.193555474281311035e-01,3.449999988079071045e-01,2.710894048213958740e-01
1.386497467756271362e-01,3.635974526405334473e-01,4.897269308567047119e-01,-6.164791993796825409e-04,-1.239169090986251831e-01,-3.532924056053161621e-01,9.272694587707519531e-01,-8.005495667457580566e-01,-1.141680553555488586e-01,1.089972376823425293e+00,5.905141830444335938e-01,-8.501527905464172363e-01,-2.090506792068481445e+00,-7.162712216377258301e-01,6.023268103599548340e-01,-3.289228305220603943e-02,5.486958026885986328e-01,2.234709113836288452e-01,3.548487424850463867e-01,3.349705636501312256e-01,5.130193233489990234e-01,2.073567807674407959e-01,-1.483067125082015991e-01,-2.299490720033645630e-01,-6.021927595138549805e-01,-4.380151629447937012e-02,6.409443616867065430e-01,3.449999988079071045e-01,2.992816865444183350e-01
1.286893337965011597e-01,3.239108026027679443e-01,4.962723255157470703e-01,-1.400277856737375259e-02,-1.373454332351684570e-01,-3.169147670269012451e-01,9.383524060249328613e-01,-8.940849900245666504e-01,-8.666635304689407349e-02,1.219992041587829590e+00,7.579364180564880371e-01,-9.696018695831298828e-01,-2.035004377365112305e+00,-8.519057035446166992e-01,4.282265603542327881e-01,-3.387783467769622803e-02,1.998986154794692993e-01,1.506422907114028931e-01,4.351123571395874023e-01,1.681284755468368530e-01,7.543280124664306641e-01,1.606243848800659180e-01,-9.923269599676132202e-02,-7.630904018878936768e-02,-6.176127791404724121e-01,-1.975066214799880981e-01,5.222278833389282227e-01,3.449999988079071045e-01,3.144448399543762207e-01
1.245211288332939148e-01,2.882685661315917969e-01,4.924350082874298096e-01,-2.977281622588634491e-02,-1.375562399625778198e-01,-3.150657117366790771e-01,9.385762810707092285e-01,-8.829864859580993652e-01,-6.476464122533798218e-02,1.219827294349670410e+00,7.836301922798156738e-01,-9.685819745063781738e-01,-2.036961078643798828e+00,-9.226141571998596191e-01,3.766947686672210693e-01,2.817949280142784119e-02,7.348177582025527954e-02,8.728829771280288696e-02,3.863404095172882080e-01,-2.518956176936626434e-02,1.044152021408081055e+00,1.113277226686477661e-01,-9.301163256168365479e-02,-2.354880236089229584e-02,-5.688199996948242188e-01,-2.391103655099868774e-01,5.054898858070373535e-01,3.449999988079071045e-01,3.163793683052062988e-01
1.122529357671737671e-01,2.615788578987121582e-01,4.787082076072692871e-01,-3.688798844814300537e-02,-1.352503299713134766e-01,-3.265446424484252930e-01,9.347273707389831543e-01,-8.068362474441528320e-01,-5.019728094339370728e-02,1.219566822052001953e+00,7.264817357063293457e-01,-9.901720285415649414e-01,-2.053247451782226562e+00,-9.657543897628784180e-01,4.036322832107543945e-01,1.195466443896293640e-01,9.458944201469421387e-02,8.436320931650698185e-04,2.808507978916168213e-01,-1.408869773149490356e-01,1.373094320297241211e+00,7.820567488670349121e-02,-1.027314439415931702e-01,-2.852783910930156708e-02,-5.069786906242370605e-01,-2.287696450948715210e-01,5.269383788108825684e-01,3.449999988079071045e-01,2.808931469917297363e-01
7.825540006160736084e-02,2.593613266944885254e-01,4.696039855480194092e-01,-3.666400909423828125e-02,-1.289429664611816406e-01,-3.640330433845520020e-01,9.216883778572082520e-01,-6.497095823287963867e-01,-7.053264230489730835e-02,1.220000028610229492e+00,5.889621376991271973e-01,-1.039080500602722168e+00,-2.070729970932006836e+00,-9.887650609016418457e-01,4.907009303569793701e-01,1.934803426265716553e-01,2.161696404218673706e-01,-1.899589598178863525e-01,1.921656727790832520e-01,-1.329863965511322021e-01,1.692010998725891113e+00,7.449362426996231079e-02,-8.028637617826461792e-02,-1.002778708934783936e-01,-4.519512951374053955e-01,-2.475312352180480957e-01,4.215806722640991211e-01,3.449999988079071045e-01,1.908148676156997681e-01
5.772647634148597717e-02,2.253924757242202759e-01,4.609108269214630127e-01,-3.055757656693458557e-02,-9.868767857551574707e-02,-3.822612166404724121e-01,9.182610511779785156e-01,-4.488563537597656250e-01,-1.477582156658172607e-01,1.220000028610229492e+00,4.129701256752014160e-01,-1.135422468185424805e+00,-2.088404655456542969e+00,-9.361672401428222656e-01,5.921655297279357910e-01,1.884803622961044312e-01,4.943978786468505859e-01,-4.092169106006622314e-01,1.326433420181274414e-01,-1.563350707292556763e-01,1.886491894721984863e+00,3.299620747566223145e-02,-6.190954148769378662e-02,-2.415126115083694458e-01,-3.826246857643127441e-01,-2.735011875629425049e-01,5.681613683700561523e-01,3.464533016085624695e-02,6.846439093351364136e-02
4.451061040163040161e-02,1.835067719221115112e-01,4.495659768581390381e-01,-4.148489609360694885e-02,-5.628630146384239197e-02,-3.912541270256042480e-01,9.176225066184997559e-01,-2.522857189178466797e-01,-2.137096226215362549e-01,1.220000028610229492e+00,2.255622893571853638e-01,-1.211158633232116699e+00,-2.097225189208984375e+00,-7.295095324516296387e-01,7.108665704727172852e-01,7.855561375617980957e-02,8.920934200286865234e-01,-6.289045810699462891e-01,3.890082240104675293e-02,-1.805804222822189331e-01,1.955552577972412109e+00,-2.663845382630825043e-02,-4.335865005850791931e-02,-3.744427859783172607e-01,-2.665709257125854492e-01,-2.932793498039245605e-01,7.687895894050598145e-01,-2.284048050642013550e-01,-2.265032008290290833e-02
3.623525425791740417e-02,1.422379910945892334e-01,4.379594326019287109e-01,-7.521276175975799561e-02,-3.419236466288566589e-02,-4.034549891948699951e-01,9.112617373466491699e-01,-4.955097287893295288e-02,-2.396582663059234619e-01,1.220000028610229492e+00,1.093724276870489120e-02,-1.228032469749450684e+00,-2.087234258651733398e+00,-4.455458223819732666e-01,8.522434234619140625e-01,-3.772664116695523262e-03,1.278019905090332031e+00,-7.559237480163574219e-01,-7.861737161874771118e-02,-1.727763861417770386e-01,1.885631561279296875e+00,-1.043825745582580566e-01,-3.210818767547607422e-02,-4.034822583198547363e-01,-1.322353929281234741e-01,-3.542874753475189209e-01,9.185598492622375488e-01,-3.968149125576019287e-01,-7.502742111682891846e-02
2.116428129374980927e-02,1.002618074417114258e-01,4.318435788154602051e-01,-8.692213892936706543e-02,-3.635121881961822510e-02,-4.194891452789306641e-01,9.028576612472534180e-01,1.820832788944244385e-01,-2.558954954147338867e-01,9.434587955474853516e-01,-2.612201869487762451e-01,-9.864886999130249023e-01,-2.050066232681274414e+00,-2.012006044387817383e-01,9.435698986053466797e-01,4.612893983721733093e-02,1.620928406715393066e+00,-8.252420425415039062e-01,-1.687382608652114868e-01,-1.090482473373413086e-01,1.679184675216674805e+00,-1.641387194395065308e-01,-2.496008388698101044e-02,-3.825779855251312256e-01,-3.515446931123733521e-02,-3.942589759826660156e-01,1.009792327880859375e+00,-5.259740352630615234e-01,-1.345076411962509155e-01
4.624285793397575617e-04,6.567575037479400635e-02,4.273688495159149170e-01,-7.913429290056228638e-02,-3.512775525450706482e-02,-4.148595333099365234e-01,9.057567715644836426e-01,3.676591515541076660e-01,-2.714031934738159180e-01,8.121859431266784668e-01,-4.249680042266845703e-01,-9.411125183105468750e-01,-1.924572944641113281e+00,-8.518071472644805908e-02,9.402834773063659668e-01,1.771332621574401855e-01,1.824004292488098145e+00,-8.942217230796813965e-01,-2.257069349288940430e-01,-9.902913123369216919e-03,1.408217430114746094e+00,-1.464568525552749634e-01,-2.085436321794986725e-02,-3.765958249568939209e-01,4.067757632583379745e-03,-4.713280797004699707e-01,1.073787450790405273e+00,-5.988970398902893066e-01,-1.948708295822143555e-01
-1.603376120328903198e-02,3.987713530659675598e-02,4.206543266773223877e-01,-7.799949496984481812e-02,-2.901028841733932495e-02,-4.100536704063415527e-01,9.082568287849426270e-01,5.469272136688232422e-01,-2.773688733577728271e-01,8.069177269935607910e-01,-5.005509853363037109e-01,-1.038968920707702637e+00,-1.750342369079589844e+00,-9.459789842367172241e-02,8.677657842636108398e-01,3.578926324844360352e-01,1.956841468811035156e+00,-9.050906896591186523e-01,-2.735106348991394043e-01,9.950953722000122070e-02,1.110599875450134277e+00,-3.764098882675170898e-02,-6.363878399133682251e-02,-3.724049925804138184e-01,4.871474206447601318e-02,-5.414126515388488770e-01,1.116470813751220703e+00,-6.357629895210266113e-01,-2.296638637781143188e-01
-2.666685171425342560e-02,1.811340823769569397e-02,4.125235974788665771e-01,-8.782815188169479370e-02,-2.508473396301269531e-02,-4.179281294345855713e-01,9.038766622543334961e-01,7.237720489501953125e-01,-2.668062746524810791e-01,8.871632218360900879e-01,-5.292702317237854004e-01,-1.221795916557312012e+00,-1.545442342758178711e+00,-3.070825338363647461e-01,7.761008143424987793e-01,6.437661647796630859e-01,2.029331207275390625e+00,-8.489598631858825684e-01,-3.480559587478637695e-01,1.576914340257644653e-01,7.988439202308654785e-01,1.289509832859039307e-01,-1.605847030878067017e-01,-3.457899391651153564e-01,1.384098380804061890e-01,-5.645351409912109375e-01,1.120195269584655762e+00,-6.583265066146850586e-01,-2.408400028944015503e-01
-3.282369673252105713e-02,-7.232876028865575790e-03,4.019927382469177246e-01,-1.000157743692398071e-01,-2.010334841907024384e-02,-4.276468157768249512e-01,8.981708884239196777e-01,8.632336258888244629e-01,-2.540440261363983154e-01,9.769697189331054688e-01,-5.174381136894226074e-01,-1.439429521560668945e+00,-1.299881339073181152e+00,-6.654400229454040527e-01,7.543397545814514160e-01,9.942483901977539062e-01,2.070860385894775391e+00,-7.790305614471435547e-01,-3.927830755710601807e-01,2.223201841115951538e-01,5.633639097213745117e-01,2.826982736587524414e-01,-2.418091148138046265e-01,-2.902112305164337158e-01,2.450350672006607056e-01,-5.801725983619689941e-01,1.091167330741882324e+00,-6.734988689422607422e-01,-2.440579384565353394e-01
-3.491563349962234497e-02,-3.830632567405700684e-02,3.916897475719451904e-01,-1.053931862115859985e-01,-1.648971997201442719e-02,-4.395277500152587891e-01,8.918720483779907227e-01,9.717674255371093750e-01,-2.482000589370727539e-01,1.072355389595031738e+00,-4.726096689701080322e-01,-1.699618577957153320e+00,-9.898945093154907227e-01,-1.025713205337524414e+00,8.167113065719604492e-01,1.311194658279418945e+00,2.085995912551879883e+00,-7.379412055015563965e-01,-3.990446031093597412e-01,3.099829852581024170e-01,5.026571154594421387e-01,3.449999988079071045e-01,-2.835163176059722900e-01,-2.078034430742263794e-01,3.433954417705535889e-01,-5.745903849601745605e-01,1.037801861763000488e+00,-6.746367216110229492e-01,-2.310572266578674316e-01
-4.581242427229881287e-02,-6.789027899503707886e-02,3.863274455070495605e-01,-9.412081539630889893e-02,-2.506457082927227020e-02,-4.589839279651641846e-01,8.830893635749816895e-01,1.000000000000000000e+00,-2.262593209743499756e-01,1.206164121627807617e+00,-4.248859286308288574e-01,-2.010017871856689453e+00,-6.226255893707275391e-01,-1.342044830322265625e+00,9.314339160919189453e-01,1.571561336517333984e+00,2.066234827041625977e+00,-7.282236814498901367e-01,-3.999247848987579346e-01,2.837256491184234619e-01,5.612401962280273438e-01,3.449999988079071045e-01,-2.834458053112030029e-01,-1.251938641071319580e-01,4.000000059604644775e-01,-5.399412512779235840e-01,9.744049906730651855e-01,-6.320580840110778809e-01,-2.012000381946563721e-01
-6.854733079671859741e-02,-8.414588868618011475e-02,3.894764780998229980e-01,-6.544189155101776123e-02,-3.832032158970832825e-02,-4.903495013713836670e-01,8.682202100753784180e-01,1.000000000000000000e+00,-1.795484572649002075e-01,1.220000028610229492e+00,-4.702578485012054443e-01,-2.230645179748535156e+00,-3.428681790828704834e-01,-1.595214724540710449e+00,1.088731408119201660e+00,1.774627327919006348e+00,2.033040046691894531e+00,-7.381373047828674316e-01,-4.000000059604644775e-01,1.976488083600997925e-01,5.723037719726562500e-01,2.855845093727111816e-01,-2.392148971557617188e-01,-8.813002705574035645e-02,4.000000059604644775e-01,-4.781636595726013184e-01,9.247624278068542480e-01,-5.434508919715881348e-01,-1.678056865930557251e-01
-8.348859846591949463e-02,-1.122267618775367737e-01,3.926601707935333252e-01,-3.595334291458129883e-02,-7.099379599094390869e-02,-4.881729781627655029e-01,8.691112399101257324e-01,1.000000000000000000e+00,-9.301812946796417236e-02,1.198250532150268555e+00,-4.990594089031219482e-01,-2.269999980926513672e+00,-2.565195858478546143e-01,-1.703110337257385254e+00,1.222499966621398926e+00,1.945264697074890137e+00,1.982754468917846680e+00,-7.062234282493591309e-01,-4.000000059604644775e-01,2.548673152923583984e-01,6.520552635192871094e-01,1.104355752468109131e-01,-1.492584794759750366e-01,4.214597865939140320e-02,4.000000059604644775e-01,-4.441980123519897461e-01,8.193302154541015625e-01,-4.558584392070770264e-01,-1.309523880481719971e-01
-8.670825511217117310e-02,-1.411616504192352295e-01,3.927043974399566650e-01,-5.865268409252166748e-03,-8.285971730947494507e-02,-4.784245491027832031e-01,8.741909265518188477e-01,1.000000000000000000e+00,-3.885410726070404053e-02,1.139186978340148926e+00,-5.033445358276367188e-01,-2.269999980926513672e+00,-2.723166346549987793e-01,-1.742099881172180176e+00,1.304657220840454102e+00,2.043854713439941406e+00,1.935973167419433594e+00,-7.027506828308105469e-01,-4.000000059604644775e-01,3.256551623344421387e-01,7.310314774513244629e-01,-1.303907949477434158e-02,-3.830262273550033569e-02,1.324439346790313721e-01,4.000000059604644775e-01,-4.173292219638824463e-01,7.294632196426391602e-01,-3.034169971942901611e-01,-5.635292083024978638e-02
-8.133526891469955444e-02,-1.652878522872924805e-01,3.944759666919708252e-01,8.009033277630805969e-03,-8.743923902511596680e-02,-4.855192303657531738e-01,8.698053359985351562e-01,1.000000000000000000e+00,-2.434545196592807770e-02,1.172059297561645508e+00,-5.238929390907287598e-01,-2.269999980926513672e+00,-2.639541923999786377e-01,-1.707881093025207520e+00,1.326450586318969727e+00,2.043058872222900391e+00,1.902115821838378906e+00,-6.990896463394165039e-01,-4.000000059604644775e-01,3.391717076301574707e-01,8.153954744338989258e-01,-1.371335387229919434e-01,7.004260271787643433e-02,2.125326991081237793e-01,4.000000059604644775e-01,-3.427335321903228760e-01,6.673844456672668457e-01,-2.894179709255695343e-02,8.144980669021606445e-02
-8.175401389598846436e-02,-1.866392642259597778e-01,3.958506882190704346e-01,1.285357121378183365e-02,-1.004922762513160706e-01,-4.938578605651855469e-01,8.636205792427062988e-01,1.000000000000000000e+00,-4.712364077568054199e-02,1.181110262870788574e+00,-5.400646924972534180e-01,-2.207777500152587891e+00,-3.469955027103424072e-01,-1.574151039123535156e+00,1.271738529205322266e+00,1.945306181907653809e+00,1.909482359886169434e+00,-6.616559624671936035e-01,-3.989309668540954590e-01,3.336242139339447021e-01,8.769280910491943359e-01,-2.317825406789779663e-01,1.588432937860488892e-01,2.455088049173355103e-01,4.000000059604644775e-01,-2.696798443794250488e-01,6.982780098915100098e-01,2.968557476997375488e-01,2.609992921352386475e-01
-8.571558445692062378e-02,-2.213535308837890625e-01,3.912579119205474854e-01,6.272773724049329758e-03,-9.440752863883972168e-02,-4.979946017265319824e-01,8.620030283927917480e-01,1.000000000000000000e+00,-1.321708410978317261e-01,1.012342333793640137e+00,-6.104524731636047363e-01,-1.949076175689697266e+00,-6.454732418060302734e-01,-1.371053814888000488e+00,1.174042940139770508e+00,1.748479723930358887e+00,1.955069899559020996e+00,-6.314843893051147461e-01,-3.752369582653045654e-01,2.674483358860015869e-01,9.645427465438842773e-01,-3.282393515110015869e-01,2.162481844425201416e-01,1.867124289274215698e-01,4.000000059604644775e-01,-3.020114302635192871e-01,9.024267196655273438e-01,3.449999988079071045e-01,3.449999988079071045e-01
-8.222632855176925659e-02,-2.460615038871765137e-01,4.014647006988525391e-01,-1.210740860551595688e-02,-5.942340940237045288e-02,-5.066881775856018066e-01,8.599938154220581055e-01,9.285017251968383789e-01,-2.134853452444076538e-01,7.945635914802551270e-01,-7.379837632179260254e-01,-1.604739904403686523e+00,-1.011388301849365234e+00,-1.162185072898864746e+00,1.039774298667907715e+00,1.538041114807128906e+00,2.001461267471313477e+00,-6.399106979370117188e-01,-3.038219213485717773e-01,2.045381218194961548e-01,1.026324748992919922e+00,-3.956666886806488037e-01,2.794256806373596191e-01,-2.003470435738563538e-02,2.968446612358093262e-01,-3.397075235843658447e-01,1.153639793395996094e+00,2.724588811397552490e-01,3.393906056880950928e-01
-7.633753120899200439e-02,-2.782826721668243408e-01,4.042414724826812744e-01,4.336150828748941422e-03,-3.525263071060180664e-02,-4.981696605682373047e-01,8.663517832756042480e-01,7.460873723030090332e-01,-2.981766760349273682e-01,6.412345767021179199e-01,-7.976873517036437988e-01,-1.297684550285339355e+00,-1.306872129440307617e+00,-9.185718297958374023e-01,8.904553651809692383e-01,1.257580041885375977e+00,2.020934581756591797e+00,-6.459081768989562988e-01,-3.085366189479827881e-01,1.599663496017456055e-01,1.068799018859863281e+00,-4.686343371868133545e-01,3.256554305553436279e-01,-2.504129409790039062e-01,4.842158034443855286e-02,-3.442489802837371826e-01,1.453952550888061523e+00,1.206632629036903381e-01,2.979076504707336426e-01
-7.901253551244735718e-02,-3.105826377868652344e-01,4.067278802394866943e-01,2.503890357911586761e-02,-2.490820549428462982e-02,-4.906864762306213379e-01,8.706201314926147461e-01,5.415958166122436523e-01,-3.481825292110443115e-01,5.488504171371459961e-01,-7.778274416923522949e-01,-1.032594442367553711e+00,-1.528193831443786621e+00,-6.433694362640380859e-01,8.024639487266540527e-01,9.229338169097900391e-01,2.014133930206298828e+00,-6.233810782432556152e-01,-3.047551214694976807e-01,1.328333914279937744e-01,1.084039092063903809e+00,-5.319887995719909668e-01,3.388698101043701172e-01,-4.589561223983764648e-01,-1.889398694038391113e-01,-2.624648511409759521e-01,1.653290987014770508e+00,4.802887514233589172e-02,2.587734162807464600e-01
-9.056385606527328491e-02,-3.467108905315399170e-01,4.132086634635925293e-01,3.720965608954429626e-02,-3.370664641261100769e-02,-4.902674555778503418e-01,8.701247572898864746e-01,3.282696008682250977e-01,-3.490000069141387939e-01,5.172911882400512695e-01,-6.740777492523193359e-01,-8.182595372200012207e-01,-1.692266225814819336e+00,-3.969132304191589355e-01,7.773044109344482422e-01,6.123093962669372559e-01,1.980463504791259766e+00,-5.307074785232543945e-01,-2.760089039802551270e-01,1.085368692874908447e-01,1.054870128631591797e+00,-5.799346566200256348e-01,3.099565804004669189e-01,-6.093369126319885254e-01,-3.597549796104431152e-01,-1.582190543413162231e-01,1.713238835334777832e+00,9.499364532530307770e-03,2.013049274682998657e-01
-1.053599193692207336e-01,-3.859640955924987793e-01,4.268307089805603027e-01,3.885015845298767090e-02,-4.930594936013221741e-02,-4.961134493350982666e-01,8.659855723381042480e-01,1.235529705882072449e-01,-3.479077517986297607e-01,4.997687935829162598e-01,-5.116102695465087891e-01,-6.559700369834899902e-01,-1.815079927444458008e+00,-2.621163725852966309e-01,7.816176414489746094e-01,3.985140323638916016e-01,1.907551527023315430e+00,-3.718982338905334473e-01,-2.175526171922683716e-01,7.168084383010864258e-02,9.500754475593566895e-01,-5.803207755088806152e-01,2.295576781034469604e-01,-6.998625397682189941e-01,-4.602480232715606689e-01,-7.106687128543853760e-02,1.642830014228820801e+00,-1.218707673251628876e-02,1.665730029344558716e-01
-1.210302710533142090e-01,-4.228279590606689453e-01,4.449701309204101562e-01,2.924596518278121948e-02,-7.135032117366790771e-02,-5.031036138534545898e-01,8.607790470123291016e-01,-6.984167546033859253e-02,-3.111267089843750000e-01,4.835542142391204834e-01,-3.272885978221893311e-01,-5.234559178352355957e-01,-1.895413517951965332e+00,-2.209278643131256104e-01,7.779684662818908691e-01,2.817654907703399658e-01,1.776282072067260742e+00,-1.563915163278579712e-01,-1.489305198192596436e-01,3.132857754826545715e-02,7.664036750793457031e-01,-4.748706817626953125e-01,1.260168552398681641e-01,-7.143801450729370117e-01,-5.037180185317993164e-01,-1.933256536722183228e-02,1.473771214485168457e+00,1.146689057350158691e-02,1.682369858026504517e-01
-1.360754668712615967e-01,-4.526248574256896973e-01,4.622031152248382568e-01,1.314647868275642395e-02,-8.689573407173156738e-02,-5.088467597961425781e-01,8.563593029975891113e-01,-2.379859983921051025e-01,-2.770026326179504395e-01,4.605045318603515625e-01,-1.546639651060104370e-01,-4.191306531429290771e-01,-1.965225458145141602e+00,-2.689073383808135986e-01,7.807814478874206543e-01,2.292787283658981323e-01,1.582953453063964844e+00,3.013385646045207977e-02,-7.094041258096694946e-02,1.405533961951732635e-02,5.905151963233947754e-01,-2.404496371746063232e-01,2.766777947545051575e-02,-6.733703017234802246e-01,-4.934944808483123779e-01,8.812696672976016998e-03,1.227275967597961426e+00,1.146660074591636658e-01,2.035472691059112549e-01
-1.520608216524124146e-01,-4.757534563541412354e-01,4.785699546337127686e-01,-1.368545927107334137e-03,-9.713393449783325195e-02,-5.124102830886840820e-01,8.532285094261169434e-01,-3.720213472843170166e-01,-2.550014555454254150e-01,4.679891765117645264e-01,-1.058694440871477127e-02,-3.561365306377410889e-01,-2.053001642227172852e+00,-3.969812095165252686e-01,7.916293144226074219e-01,2.186549603939056396e-01,1.317201852798461914e+00,1.330044716596603394e-01,1.965461857616901398e-02,5.678184702992439270e-02,5.125973224639892578e-01,3.465196583420038223e-03,-1.118820719420909882e-02,-5.646885037422180176e-01,-4.510729014873504639e-01,3.980486094951629639e-02,8.881258368492126465e-01,3.208395242691040039e-01,2.611826956272125244e-01
-1.625778675079345703e-01,-5.270681381225585938e-01,4.888254404067993164e-01,-1.112733408808708191e-02,-1.072206720709800720e-01,-4.973338842391967773e-01,8.608361482620239258e-01,-4.878326058387756348e-01,-2.269111871719360352e-01,5.602868795394897461e-01,1.340523362159729004e-01,-3.900180459022521973e-01,-2.138875722885131836e+00,-5.706465244293212891e-01,7.854756712913513184e-01,2.225632816553115845e-01,9.974023699760437012e-01,1.861096173524856567e-01,1.789451390504837036e-01,1.542713940143585205e-01,6.214838624000549316e-01,2.346004359424114227e-02,1.613859459757804871e-02,-4.233194887638092041e-01,-4.378799796104431152e-01,6.573258340358734131e-02,7.048823833465576172e-01,3.449999988079071045e-01,3.060617148876190186e-01
-1.683786064386367798e-01,-5.679939389228820801e-01,4.956257343292236328e-01,-3.191402554512023926e-02,-1.194063648581504822e-01,-4.732754826545715332e-01,8.722006082534790039e-01,-6.234199404716491699e-01,-1.657332181930541992e-01,8.423345088958740234e-01,3.226311802864074707e-01,-6.034872531890869141e-01,-2.154057264328002930e+00,-7.933324575424194336e-01,7.564989328384399414e-01,2.101173251867294312e-01,5.828467607498168945e-01,1.509993821382522583e-01,3.108137249946594238e-01,1.261126846075057983e-01,9.037465453147888184e-01,-5.196848884224891663e-02,7.502801716327667236e-02,-2.686620056629180908e-01,-4.483776986598968506e-01,4.824150353670120239e-02,5.510624647140502930e-01,3.449999988079071045e-01,3.181056380271911621e-01
-1.756429076194763184e-01,-6.030553579330444336e-01,4.922251999378204346e-01,-5.165336653590202332e-02,-1.285130381584167480e-01,-4.519695937633514404e-01,8.812149763107299805e-01,-7.390767335891723633e-01,-1.063434183597564697e-01,1.049578905105590820e+00,4.822389483451843262e-01,-7.516106367111206055e-01,-2.129537105560302734e+00,-1.006885170936584473e+00,6.719564795494079590e-01,1.807137876749038696e-01,2.189694344997406006e-01,7.464954257011413574e-02,3.380148410797119141e-01,-7.366137113422155380e-03,1.223582148551940918e+00,-1.044135615229606628e-01,8.989831805229187012e-02,-1.693198233842849731e-01,-4.387754499912261963e-01,4.550936073064804077e-02,4.982110559940338135e-01,3.449999988079071045e-01,3.078054785728454590e-01
-1.877676397562026978e-01,-6.366304755210876465e-01,4.810490012168884277e-01,-5.985824763774871826e-02,-1.324753314256668091e-01,-4.399953186511993408e-01,8.861553668975830078e-01,-7.978691458702087402e-01,-6.512280553579330444e-02,1.132911562919616699e+00,5.648143887519836426e-01,-8.181734681129455566e-01,-2.117412328720092773e+00,-1.129879117012023926e+00,6.071804761886596680e-01,2.108107656240463257e-01,5.791522189974784851e-02,-1.078140176832675934e-02,3.244230747222900391e-01,-9.967739880084991455e-02,1.500577092170715332e+00,-1.217748746275901794e-01,7.587061822414398193e-02,-1.170391589403152466e-01,-3.970064818859100342e-01,9.233790636062622070e-02,5.095711350440979004e-01,3.449999988079071045e-01,2.689189314842224121e-01
-2.145294249057769775e-01,-6.533262729644775391e-01,4.675489664077758789e-01,-6.263910979032516479e-02,-1.318971365690231323e-01,-4.416475594043731689e-01,8.852270245552062988e-01,-8.027072548866271973e-01,-6.063915416598320007e-02,1.191423058509826660e+00,5.682470202445983887e-01,-8.916216492652893066e-01,-2.122097015380859375e+00,-1.163152098655700684e+00,6.123268008232116699e-01,2.762837111949920654e-01,7.791382074356079102e-02,-1.742141246795654297e-01,2.787757813930511475e-01,-1.486137509346008301e-01,1.748607873916625977e+00,-1.121594458818435669e-01,5.218564346432685852e-02,-1.195327863097190857e-01,-3.283583819866180420e-01,1.401858478784561157e-01,4.805474877357482910e-01,3.449999988079071045e-01,2.101140022277832031e-01
-2.439923584461212158e-01,-6.667767167091369629e-01,4.599880278110504150e-01,-6.472862511873245239e-02,-1.149435415863990784e-01,-4.545111954212188721e-01,8.809186816215515137e-01,-7.432690858840942383e-01,-8.290866762399673462e-02,1.220000028610229492e+00,5.028349161148071289e-01,-9.741729497909545898e-01,-2.111719846725463867e+00,-1.142999410629272461e+00,6.642103195190429688e-01,3.195422887802124023e-01,1.969816237688064575e-01,-4.160759747028350830e-01,2.028842568397521973e-01,-1.441982835531234741e-01,1.910096645355224609e+00,-8.411543816328048706e-02,2.575929649174213409e-02,-1.899169683456420898e-01,-2.399388849735260010e-01,1.371565759181976318e-01,4.821604490280151367e-01,1.847763806581497192e-01,1.247282028198242188e-01
-2.570737898349761963e-01,-7.016369104385375977e-01,4.494746923446655273e-01,-6.838683038949966431e-02,-9.067457914352416992e-02,-4.564045667648315430e-01,8.824943304061889648e-01,-6.469600200653076172e-01,-9.740210324525833130e-02,1.220000028610229492e+00,3.823414444923400879e-01,-1.028123497962951660e+00,-2.061534881591796875e+00,-1.074091553688049316e+00,7.329540848731994629e-01,3.058108687400817871e-01,3.692441880702972412e-01,-5.923526287078857422e-01,7.583015412092208862e-02,-1.029575169086456299e-01,1.923549294471740723e+00,-1.130508407950401306e-01,-1.232943031936883926e-02,-2.957043051719665527e-01,-1.481749117374420166e-01,8.867929875850677490e-02,6.821038722991943359e-01,-1.174369901418685913e-01,3.537488356232643127e-02
-2.683354318141937256e-01,-7.366528511047363281e-01,4.404444694519042969e-01,-8.461350202560424805e-02,-7.403650879859924316e-02,-4.711855649948120117e-01,8.748390078544616699e-01,-5.226104259490966797e-01,-7.279086858034133911e-02,1.220000028610229492e+00,2.024920433759689331e-01,-1.025810718536376953e+00,-1.943296551704406738e+00,-9.066539406776428223e-01,8.416904211044311523e-01,2.776316702365875244e-01,6.075179576873779297e-01,-7.071285247802734375e-01,-2.950030192732810974e-02,-7.369739469140768051e-03,1.798668265342712402e+00,-1.613327264785766602e-01,-4.877559840679168701e-02,-3.595109879970550537e-01,-3.680295497179031372e-02,3.752325847744941711e-02,8.529099822044372559e-01,-3.278964161872863770e-01,-3.102256916463375092e-02
-2.823594212532043457e-01,-7.691737413406372070e-01,4.357740879058837891e-01,-1.024150028824806213e-01,-7.444290071725845337e-02,-4.921903014183044434e-01,8.612306118011474609e-01,-3.919518887996673584e-01,-2.592932619154453278e-02,1.220000028610229492e+00,1.123522501438856125e-02,-1.012046456336975098e+00,-1.754272937774658203e+00,-7.202531695365905762e-01,9.249660372734069824e-01,3.513559997081756592e-01,8.762372732162475586e-01,-7.341483235359191895e-01,-4.932610690593719482e-02,1.199726164340972900e-01,1.557515144348144531e+00,-1.983988732099533081e-01,-6.645968556404113770e-02,-3.613331615924835205e-01,7.094009220600128174e-02,3.014877438545227051e-04,9.601572155952453613e-01,-4.382212460041046143e-01,-8.089870959520339966e-02
-2.968088388442993164e-01,-7.983902096748352051e-01,4.367978870868682861e-01,-9.042929112911224365e-02,-7.441907376050949097e-02,-5.157838463783264160e-01,8.486762642860412598e-01,-2.479361891746520996e-01,-2.634687721729278564e-02,8.377168774604797363e-01,-1.771883815526962280e-01,-7.011471390724182129e-01,-1.497231602668762207e+00,-6.894186139106750488e-01,9.146966934204101562e-01,5.732142329216003418e-01,1.100300431251525879e+00,-7.056547999382019043e-01,-2.150920033454895020e-02,3.338146805763244629e-01,1.226142644882202148e+00,-1.752136945724487305e-01,-7.938630878925323486e-02,-3.655625283718109131e-01,9.960005432367324829e-02,-3.512921929359436035e-02,1.013100028038024902e+00,-4.988384246826171875e-01,-1.183068677783012390e-01
-3.078421056270599365e-01,-8.258460164070129395e-01,4.393875300884246826e-01,-8.114624023437500000e-02,-6.010492891073226929e-02,-5.175545215606689453e-01,8.496705293655395508e-01,-1.626201570034027100e-01,-3.264729678630828857e-02,6.421779394149780273e-01,-2.290605157613754272e-01,-6.337441802024841309e-01,-1.178615212440490723e+00,-7.753148674964904785e-01,8.617493510246276855e-01,7.937030792236328125e-01,1.259289741516113281e+00,-6.294187307357788086e-01,-3.227483108639717102e-02,5.377264618873596191e-01,8.564472198486328125e-01,-7.316737622022628784e-02,-1.186118274927139282e-01,-3.440192341804504395e-01,1.110525503754615784e-01,-1.030869856476783752e-01,1.007170200347900391e+00,-5.667347311973571777e-01,-1.533114612102508545e-01
-3.128397166728973389e-01,-8.550527691841125488e-01,4.387665390968322754e-01,-8.828925341367721558e-02,-4.300882667303085327e-02,-5.102525949478149414e-01,8.543989658355712891e-01,-1.177363544702529907e-01,-2.168888412415981293e-02,5.294868946075439453e-01,-1.798496842384338379e-01,-6.500849723815917969e-01,-8.666533827781677246e-01,-9.181547164916992188e-01,8.115289211273193359e-01,9.910495281219482422e-01,1.410637974739074707e+00,-5.247578024864196777e-01,-6.061157956719398499e-02,7.128558158874511719e-01,5.689327716827392578e-01,4.571132361888885498e-02,-1.510548740625381470e-01,-2.801186144351959229e-01,1.603131592273712158e-01,-1.647934913635253906e-01,9.727627635002136230e-01,-6.180135607719421387e-01,-1.710348427295684814e-01
-3.136849105358123779e-01,-8.824382424354553223e-01,4.336923062801361084e-01,-9.663888812065124512e-02,-3.212969750165939331e-02,-4.842300713062286377e-01,8.689935803413391113e-01,-1.328298598527908325e-01,-1.722607575356960297e-02,5.148825645446777344e-01,-8.349198102951049805e-02,-6.735299825668334961e-01,-7.228386402130126953e-01,-1.081603527069091797e+00,7.148519754409790039e-01,1.128083229064941406e+00,1.599385261535644531e+00,-4.401988089084625244e-01,-1.289413273334503174e-01,7.797993421554565430e-01,4.271628856658935547e-01,8.773595094680786133e-02,-1.104283928871154785e-01,-2.056546509265899658e-01,2.009811997413635254e-01,-2.465676516294479370e-01,9.379031658172607422e-01,-6.143710613250732422e-01,-1.377180069684982300e-01
-3.093693852424621582e-01,-8.992279767990112305e-01,4.249366521835327148e-01,-9.211779385805130005e-02,-2.952975593507289886e-02,-4.415166974067687988e-01,8.920231461524963379e-01,-1.797295808792114258e-01,-4.508861526846885681e-02,5.416646599769592285e-01,-3.182556852698326111e-02,-6.757025718688964844e-01,-8.461898565292358398e-01,-1.202113986015319824e+00,5.977354645729064941e-01,1.197362065315246582e+00,1.814164757728576660e+00,-3.831060230731964111e-01,-2.715190947055816650e-01,6.756258606910705566e-01,3.330474197864532471e-01,2.372200414538383484e-02,3.646651655435562134e-02,-1.742535084486007690e-01,2.046328783035278320e-01,-3.014127314090728760e-01,9.496759176254272461e-01,-5.167639255523681641e-01,-7.233702926896512508e-04
-3.064646422863006592e-01,-9.118269681930541992e-01,4.175404012203216553e-01,-7.494425773620605469e-02,-2.761797606945037842e-02,-3.898406624794006348e-01,9.174120426177978516e-01,-2.199590951204299927e-01,-9.396212548017501831e-02,5.541199445724487305e-01,-3.602117300033569336e-02,-6.988508701324462891e-01,-1.117968320846557617e+00,-1.268999695777893066e+00,4.953347444534301758e-01,1.209995150566101074e+00,1.997968912124633789e+00,-3.593676388263702393e-01,-3.947810828685760498e-01,5.081179738044738770e-01,3.034988045692443848e-01,-9.286673367023468018e-02,1.686671525239944458e-01,-2.189327478408813477e-01,1.752043217420578003e-01,-3.038140237331390381e-01,1.043569684028625488e+00,-3.899293243885040283e-01,1.710980683565139771e-01
-3.110252618789672852e-01,-9.262927770614624023e-01,4.175000488758087158e-01,-5.534375458955764771e-02,-5.618305876851081848e-03,-3.752137422561645508e-01,9.252676367759704590e-01,-1.821946501731872559e-01,-1.915667504072189331e-01,7.640730142593383789e-01,-1.911999732255935669e-01,-1.012577176094055176e+00,-1.453090071678161621e+00,-1.258350849151611328e+00,4.568792581558227539e-01,1.119312524795532227e+00,2.163596868515014648e+00,-4.118063747882843018e-01,-4.000000059604644775e-01,4.300706088542938232e-01,3.335845470428466797e-01,-1.926199197769165039e-01,2.241990268230438232e-01,-3.486559391021728516e-01,1.049329861998558044e-01,-2.683281898498535156e-01,1.186194658279418945e+00,-2.978897094726562500e-01,3.238378763198852539e-01
-3.039120137691497803e-01,-9.368955492973327637e-01,4.159255921840667725e-01,-4.583308100700378418e-02,8.635746315121650696e-03,-4.056705236434936523e-01,9.128286838531494141e-01,-5.769709870219230652e-02,-2.410369366407394409e-01,9.691044688224792480e-01,-4.606003463268280029e-01,-1.344268202781677246e+00,-1.767421126365661621e+00,-1.091058492660522461e+00,5.574538707733154297e-01,9.028992056846618652e-01,2.255747079849243164e+00,-4.588776826858520508e-01,-3.981619775295257568e-01,4.561272263526916504e-01,3.642424345016479492e-01,-2.785170674324035645e-01,2.961912155151367188e-01,-4.631267488002777100e-01,-4.291511327028274536e-02,-1.834916472434997559e-01,1.306721448898315430e+00,-2.354930639266967773e-01,3.449999988079071045e-01
-2.933603227138519287e-01,-9.421239495277404785e-01,4.181293845176696777e-01,-5.738498643040657043e-02,1.196540892124176025e-02,-4.116206169128417969e-01,9.094681143760681152e-01,-2.281756838783621788e-03,-2.507750988006591797e-01,8.366683125495910645e-01,-6.342279911041259766e-01,-1.371021986007690430e+00,-1.905636191368103027e+00,-8.246276974678039551e-01,6.438518166542053223e-01,5.979114770889282227e-01,2.280045032501220703e+00,-4.606828689575195312e-01,-3.734463155269622803e-01,4.248791337013244629e-01,4.190970957279205322e-01,-3.187137544155120850e-01,3.370482027530670166e-01,-5.691320300102233887e-01,-2.093647867441177368e-01,-5.799634754657745361e-02,1.333518266677856445e+00,-2.387305796146392822e-01,2.217165529727935791e-01
-2.943665087223052979e-01,-9.535206556320190430e-01,4.268808066844940186e-01,-5.809199437499046326e-02,1.182315126061439514e-02,-3.902897238731384277e-01,9.187815189361572266e-01,-1.341689843684434891e-02,-2.610324323177337646e-01,7.050613164901733398e-01,-7.602005004882812500e-01,-1.439052581787109375e+00,-1.888208150863647461e+00,-5.640761852264404297e-01,7.488407492637634277e-01,2.571464776992797852e-01,2.249452590942382812e+00,-4.374637901782989502e-01,-3.744033277034759521e-01,3.451183140277862549e-01,4.412175714969635010e-01,-3.253485262393951416e-01,3.424795866012573242e-01,-6.764730811119079590e-01,-3.071517348289489746e-01,1.103545818477869034e-02,1.242170572280883789e+00,-2.526022791862487793e-01,5.978985503315925598e-02
-2.986477911472320557e-01,-9.640403985977172852e-01,4.370667040348052979e-01,-5.214763432741165161e-02,1.177242770791053772e-02,-3.467593789100646973e-01,9.364293813705444336e-01,-6.249822676181793213e-02,-2.689281702041625977e-01,6.694032549858093262e-01,-8.299597501754760742e-01,-1.558907628059387207e+00,-1.695981740951538086e+00,-3.827199339866638184e-01,8.861170411109924316e-01,-4.217993095517158508e-02,2.188524723052978516e+00,-4.076323807239532471e-01,-3.996028304100036621e-01,2.446625083684921265e-01,4.403458535671234131e-01,-3.109179139137268066e-01,3.419825136661529541e-01,-7.340721487998962402e-01,-3.356647193431854248e-01,2.100669965147972107e-02,1.052217245101928711e+00,-2.209396213293075562e-01,-1.237403880804777145e-02
-3.090521991252899170e-01,-9.754980206489562988e-01,4.476574361324310303e-01,-5.091422796249389648e-02,1.112653873860836029e-02,-2.912002801895141602e-01,9.552415013313293457e-01,-1.111213266849517822e-01,-2.669503688812255859e-01,7.107621431350708008e-01,-8.134281635284423828e-01,-1.660244107246398926e+00,-1.374246001243591309e+00,-3.292804360389709473e-01,1.028699755668640137e+00,-2.382148355245590210e-01,2.092297792434692383e+00,-3.709927201271057129e-01,-4.000000059604644775e-01,1.292526870965957642e-01,4.314770102500915527e-01,-2.792335152626037598e-01,3.115429878234863281e-01,-7.237343788146972656e-01,-2.764500677585601807e-01,-1.852270774543285370e-02,8.035828471183776855e-01,-1.172841861844062805e-01,4.607055336236953735e-02
-3.186887204647064209e-01,-9.874323010444641113e-01,4.552099108695983887e-01,-5.088365077972412109e-02,9.497734718024730682e-03,-2.319195419549942017e-01,9.713567495346069336e-01,-1.371080428361892700e-01,-2.447956204414367676e-01,8.108748793601989746e-01,-7.216916084289550781e-01,-1.770832896232604980e+00,-9.760145545005798340e-01,-3.947319388389587402e-01,1.106137871742248535e+00,-3.207605183124542236e-01,1.918298482894897461e+00,-3.225520849227905273e-01,-4.000000059604644775e-01,5.365617107599973679e-03,4.031457006931304932e-01,-2.388004362583160400e-01,2.765110731124877930e-01,-6.773958802223205566e-01,-1.658033579587936401e-01,-7.484514266252517700e-02,5.495223402976989746e-01,4.311280697584152222e-02,1.982340067625045776e-01
-3.251639604568481445e-01,-1.012955307960510254e+00,4.628319144248962402e-01,-3.828479722142219543e-02,8.250247687101364136e-03,-1.773038208484649658e-01,9.833766222000122070e-01,-1.147799342870712280e-01,-2.147461920976638794e-01,9.234133958816528320e-01,-6.332554221153259277e-01,-1.891512632369995117e+00,-6.217623949050903320e-01,-5.201939344406127930e-01,1.117041826248168945e+00,-3.126829266548156738e-01,1.689895629882812500e+00,-2.682686746120452881e-01,-4.000000059604644775e-01,-1.073357462882995605e-01,3.699538409709930420e-01,-2.290623337030410767e-01,2.170449048280715942e-01,-6.427410840988159180e-01,-1.500853337347507477e-02,-1.382621228694915771e-01,3.727534115314483643e-01,1.260961294174194336e-01,3.196882903575897217e-01
-3.260526657104492188e-01,-1.038243889808654785e+00,4.668274819850921631e-01,-2.166093327105045319e-02,8.235862478613853455e-03,-1.313453465700149536e-01,9.910658001899719238e-01,-5.225509777665138245e-02,-1.926198899745941162e-01,1.042550086975097656e+00,-5.737294554710388184e-01,-2.001479864120483398e+00,-3.571173548698425293e-01,-6.625804901123046875e-01,1.091009736061096191e+00,-2.496054023504257202e-01,1.402819633483886719e+00,-2.172065079212188721e-01,-4.000000059604644775e-01,-2.090926468372344971e-01,3.334951400756835938e-01,-2.249112129211425781e-01,1.589160412549972534e-01,-6.306601166725158691e-01,1.262689232826232910e-01,-1.852614581584930420e-01,3.112082183361053467e-01,1.124881953001022339e-01,3.449999988079071045e-01
-3.194319605827331543e-01,-1.040295004844665527e+00,4.656296968460083008e-01,-2.140879072248935699e-02,1.125000417232513428e-02,-9.545384347438812256e-02,9.951400160789489746e-01,4.434404149651527405e-02,-1.721213459968566895e-01,1.165782809257507324e+00,-5.382156968116760254e-01,-2.073722362518310547e+00,-1.803498566150665283e-01,-8.155432343482971191e-01,1.044778943061828613e+00,-1.205439046025276184e-01,1.045091032981872559e+00,-1.725702732801437378e-01,-4.000000059604644775e-01,-2.980459630489349365e-01,2.939696311950683594e-01,-2.024501562118530273e-01,1.459264010190963745e-01,-6.291706562042236328e-01,2.132046073675155640e-01,-2.541381120681762695e-01,3.711611032485961914e-01,6.270845234394073486e-02,3.449999988079071045e-01
-3.138123154640197754e-01,-1.042424798011779785e+00,4.630805552005767822e-01,-2.044136822223663330e-02,1.784221641719341278e-02,-5.232545733451843262e-02,9.982613921165466309e-01,1.596119701862335205e-01,-1.517436355352401733e-01,1.220000028610229492e+00,-4.902435541152954102e-01,-2.110783100128173828e+00,-1.019582450389862061e-01,-9.898719787597656250e-01,1.049886941909790039e+00,6.163885071873664856e-02,7.373048067092895508e-01,-1.369697302579879761e-01,-4.000000059604644775e-01,-3.957759141921997070e-01,2.595083713531494141e-01,-1.699747443199157715e-01,1.354845911264419556e-01,-6.289498805999755859e-01,2.994542419910430908e-01,-3.138526380062103271e-01,4.752482771873474121e-01,3.840386122465133667e-02,3.449999988079071045e-01
-3.130522966384887695e-01,-1.058677196502685547e+00,4.588419795036315918e-01,1.967519638128578663e-04,3.009119257330894470e-02,1.917354203760623932e-02,9.993632435798645020e-01,2.650852799415588379e-01,-1.427270621061325073e-01,1.218421578407287598e+00,-4.175751507282257080e-01,-2.122009038925170898e+00,-8.603631705045700073e-02,-1.125660181045532227e+00,1.113835215568542480e+00,2.199266701936721802e-01,5.619996190071105957e-01,-1.130466163158416748e-01,-4.000000059604644775e-01,-5.318391323089599609e-01,2.145775407552719116e-01,-1.308684647083282471e-01,8.824635297060012817e-02,-6.338422894477844238e-01,3.948118388652801514e-01,-2.935839593410491943e-01,5.258035659790039062e-01,9.647867828607559204e-02,3.449999988079071045e-01
-3.179586529731750488e-01,-1.068209528923034668e+00,4.591687023639678955e-01,2.909028157591819763e-02,4.512082412838935852e-02,1.186112314462661743e-01,9.914883971214294434e-01,3.576512634754180908e-01,-1.376411467790603638e-01,1.215581178665161133e+00,-3.160071671009063721e-01,-2.113191127777099609e+00,-6.876770406961441040e-02,-1.224194645881652832e+00,1.192137956619262695e+00,3.578229546546936035e-01,4.547905623912811279e-01,-8.305382728576660156e-02,-3.999999761581420898e-01,-7.026548385620117188e-01,1.260980665683746338e-01,-6.387484073638916016e-02,2.789352834224700928e-02,-6.374869346618652344e-01,3.986953496932983398e-01,-2.182685583829879761e-01,5.240307450294494629e-01,1.620514690876007080e-01,3.449999988079071045e-01
-3.237835168838500977e-01,-1.049788832664489746e+00,4.632517993450164795e-01,1.647496409714221954e-02,5.556272342801094055e-02,1.905140727758407593e-01,9.799723029136657715e-01,4.465894699096679688e-01,-1.329826116561889648e-01,1.206549286842346191e+00,-2.003936320543289185e-01,-2.089288473129272461e+00,-6.757473200559616089e-02,-1.277675032615661621e+00,1.284680604934692383e+00,4.579454660415649414e-01,3.985971808433532715e-01,-6.676972657442092896e-02,-3.991571664810180664e-01,-8.010872006416320801e-01,7.188141345977783203e-02,7.178765255957841873e-03,3.490686044096946716e-02,-6.030967831611633301e-01,3.988604545593261719e-01,-1.364709883928298950e-01,4.734438657760620117e-01,1.569303423166275024e-01,3.449999988079071045e-01
-3.305523097515106201e-01,-1.033483624458312988e+00,4.678852856159210205e-01,-6.620294414460659027e-03,5.791711062192916870e-02,2.526082098484039307e-01,9.658110141754150391e-01,5.369054675102233887e-01,-1.240420714020729065e-01,1.210467219352722168e+00,-8.719976991415023804e-02,-2.062871694564819336e+00,-7.905644178390502930e-02,-1.296846389770507812e+00,1.376231551170349121e+00,5.550680756568908691e-01,3.759460449218750000e-01,-6.320855766534805298e-02,-3.982047140598297119e-01,-8.510017395019531250e-01,7.101515680551528931e-02,5.463329330086708069e-02,5.074086040258407593e-02,-5.609205365180969238e-01,3.973303437232971191e-01,-8.261170238256454468e-02,3.996797800064086914e-01,1.318268626928329468e-01,3.130566775798797607e-01
-3.282836675643920898e-01,-1.032063961029052734e+00,4.699234366416931152e-01,-1.934361271560192108e-02,5.732399225234985352e-02,3.167010545730590820e-01,9.465939998626708984e-01,6.275669932365417480e-01,-1.185441836714744568e-01,1.219838857650756836e+00,7.707268814556300640e-04,-1.953376293182373047e+00,-1.428070962429046631e-01,-1.295341610908508301e+00,1.459218502044677734e+00,6.724740862846374512e-01,3.882507383823394775e-01,-6.318941712379455566e-02,-3.974224925041198730e-01,-8.740950226783752441e-01,1.155044957995414734e-01,5.626267194747924805e-02,5.586056411266326904e-02,-5.394781231880187988e-01,3.956886529922485352e-01,-6.597293913364410400e-02,3.353041112422943115e-01,1.139284521341323853e-01,2.560841739177703857e-01
-3.236196041107177734e-01,-1.031867742538452148e+00,4.708750545978546143e-01,-2.849664539098739624e-02,5.268867313861846924e-02,3.846828937530517578e-01,9.211031198501586914e-01,7.175772190093994141e-01,-1.196796000003814697e-01,1.220000028610229492e+00,3.373207524418830872e-02,-1.786834716796875000e+00,-2.818149924278259277e-01,-1.273018598556518555e+00,1.524175763130187988e+00,7.894740104675292969e-01,4.508273303508758545e-01,-6.024474278092384338e-02,-3.970054388046264648e-01,-8.631933927536010742e-01,1.757677495479583740e-01,4.442182555794715881e-02,6.495386362075805664e-02,-5.379909873008728027e-01,3.939256966114044189e-01,-5.206983909010887146e-02,3.062601983547210693e-01,1.199798807501792908e-01,2.227837741374969482e-01
-3.194175660610198975e-01,-1.032002329826354980e+00,4.720457196235656738e-01,-3.137635067105293274e-02,4.672015085816383362e-02,4.571924805641174316e-01,8.875854015350341797e-01,7.854604125022888184e-01,-1.121581047773361206e-01,1.220000028610229492e+00,3.826931864023208618e-02,-1.657449722290039062e+00,-4.402700960636138916e-01,-1.249325752258300781e+00,1.557266354560852051e+00,9.128736257553100586e-01,5.329475998878479004e-01,-5.566250160336494446e-02,-3.973215818405151367e-01,-8.391500711441040039e-01,2.317718863487243652e-01,2.840327657759189606e-02,6.863649934530258179e-02,-5.354976058006286621e-01,3.857565820217132568e-01,-8.285477757453918457e-03,2.908873558044433594e-01,1.421998441219329834e-01,1.958457380533218384e-01
-3.172745108604431152e-01,-1.033102750778198242e+00,4.752866923809051514e-01,-2.609229274094104767e-02,4.417272284626960754e-02,5.384677648544311523e-01,8.410828709602355957e-01,8.157265782356262207e-01,-9.777970612049102783e-02,1.220000028610229492e+00,3.302229195833206177e-02,-1.529788970947265625e+00,-6.165533065795898438e-01,-1.236385941505432129e+00,1.549874186515808105e+00,1.031720280647277832e+00,6.254504919052124023e-01,-4.784068092703819275e-02,-3.979904949665069580e-01,-8.332028388977050781e-01,2.639906704425811768e-01,1.838027499616146088e-02,4.978498071432113647e-02,-5.232394337654113770e-01,3.333016335964202881e-01,2.815512381494045258e-02,2.670252025127410889e-01,1.396263539791107178e-01,1.694345325231552124e-01
-3.154634833335876465e-01,-1.034514188766479492e+00,4.798864126205444336e-01,-1.731967926025390625e-02,4.543223604559898376e-02,6.215508580207824707e-01,7.818634510040283203e-01,8.179819583892822266e-01,-8.539634197950363159e-02,1.220000028610229492e+00,4.167467355728149414e-02,-1.425724148750305176e+00,-8.005341291427612305e-01,-1.231607198715209961e+00,1.504313349723815918e+00,1.134142041206359863e+00,7.425000667572021484e-01,-4.068588465452194214e-02,-3.983846008777618408e-01,-8.399569392204284668e-01,2.802638709545135498e-01,1.021216157823801041e-02,1.981883682310581207e-02,-5.048891305923461914e-01,2.535789906978607178e-01,1.804063841700553894e-02,2.392102628946304321e-01,9.406145662069320679e-02,1.396145522594451904e-01
-3.136963546276092529e-01,-1.035434603691101074e+00,4.842043817043304443e-01,-9.278711862862110138e-03,5.095026642084121704e-02,6.983221173286437988e-01,7.139077186584472656e-01,8.146709799766540527e-01,-7.693426311016082764e-02,1.220000028610229492e+00,6.574264168739318848e-02,-1.366111159324645996e+00,-9.640982151031494141e-01,-1.244295239448547363e+00,1.448181152343750000e+00,1.219627857208251953e+00,8.576602935791015625e-01,-4.404826834797859192e-02,-3.982771337032318115e-01,-8.265122175216674805e-01,2.914589047431945801e-01,8.615133352577686310e-03,-1.462097652256488800e-02,-4.892971217632293701e-01,1.631881892681121826e-01,-5.941680073738098145e-02,2.140484005212783813e-01,2.143677137792110443e-02,1.155484467744827271e-01
-3.116860389709472656e-01,-1.034008860588073730e+00,4.878882765769958496e-01,-2.501444658264517784e-03,5.696259438991546631e-02,7.683826088905334473e-01,6.374458670616149902e-01,8.117721080780029297e-01,-6.650627404451370239e-02,1.212249517440795898e+00,9.402993321418762207e-02,-1.331408977508544922e+00,-1.120420575141906738e+00,-1.266659855842590332e+00,1.374045729637145996e+00,1.300839066505432129e+00,9.913340210914611816e-01,-5.274917185306549072e-02,-3.977726697921752930e-01,-7.979837656021118164e-01,3.112717866897583008e-01,9.467342868447303772e-03,-3.246928006410598755e-02,-4.703504741191864014e-01,7.531597465276718140e-02,-1.712778359651565552e-01,2.001726627349853516e-01,-4.626953229308128357e-02,9.206766635179519653e-02
-3.109426498413085938e-01,-1.031457781791687012e+00,4.910975396633148193e-01,2.519559115171432495e-03,6.154758483171463013e-02,8.331796526908874512e-01,5.495609641075134277e-01,8.225581049919128418e-01,-6.052653118968009949e-02,1.200883507728576660e+00,1.168470755219459534e-01,-1.315783143043518066e+00,-1.272930860519409180e+00,-1.299826025962829590e+00,1.297028899192810059e+00,1.366402029991149902e+00,1.128118157386779785e+00,-6.913854926824569702e-02,-3.962734937667846680e-01,-7.375336885452270508e-01,3.329683244228363037e-01,9.984831325709819794e-03,-4.484628885984420776e-02,-4.473841488361358643e-01,6.099040620028972626e-03,-2.596807777881622314e-01,1.964932829141616821e-01,-1.085454225540161133e-01,7.165785133838653564e-02
-3.101750612258911133e-01,-1.025950431823730469e+00,4.944510161876678467e-01,1.940327463671565056e-03,6.328447908163070679e-02,8.895514607429504395e-01,4.524262845516204834e-01,8.444835543632507324e-01,-5.542993918061256409e-02,1.188031554222106934e+00,1.276842951774597168e-01,-1.296952843666076660e+00,-1.419264197349548340e+00,-1.341864109039306641e+00,1.222068428993225098e+00,1.422355651855468750e+00,1.258538126945495605e+00,-8.326854556798934937e-02,-3.712651133537292480e-01,-7.087827920913696289e-01,3.353430926799774170e-01,2.733285306021571159e-03,-6.484430283308029175e-02,-4.282508790493011475e-01,-2.757878601551055908e-02,-2.935673594474792480e-01,1.991390138864517212e-01,-1.551548391580581665e-01,5.532421544194221497e-02
-3.119502663612365723e-01,-1.019497632980346680e+00,4.975996613502502441e-01,-2.916411263868212700e-03,6.258363276720046997e-02,9.367693662643432617e-01,3.442933559417724609e-01,8.660302162170410156e-01,-5.757023766636848450e-02,1.173534154891967773e+00,1.404384970664978027e-01,-1.271003365516662598e+00,-1.550047278404235840e+00,-1.399294853210449219e+00,1.145331501960754395e+00,1.478930592536926270e+00,1.386229991912841797e+00,-9.991176426410675049e-02,-3.423708379268646240e-01,-7.209928631782531738e-01,3.273175060749053955e-01,4.053389187902212143e-03,-7.884067296981811523e-02,-4.131146073341369629e-01,-3.447671979665756226e-02,-2.709334790706634521e-01,2.022984772920608521e-01,-1.847315132617950439e-01,3.779858350753784180e-02
-3.176319897174835205e-01,-1.015284776687622070e+00,4.998330771923065186e-01,-8.260752074420452118e-03,5.746930465102195740e-02,9.728947281837463379e-01,2.238412648439407349e-01,8.886500000953674316e-01,-5.749098584055900574e-02,1.158841490745544434e+00,1.586642563343048096e-01,-1.244493365287780762e+00,-1.660785675048828125e+00,-1.462582111358642578e+00,1.068238377571105957e+00,1.526926398277282715e+00,1.503175854682922363e+00,-1.218977347016334534e-01,-3.182121813297271729e-01,-7.245139479637145996e-01,3.250257372856140137e-01,1.824150420725345612e-02,-8.239816129207611084e-02,-3.973046243190765381e-01,-2.301575243473052979e-02,-2.104026973247528076e-01,2.121503055095672607e-01,-2.075779587030410767e-01,2.310855314135551453e-02
-3.248859047889709473e-01,-1.013373613357543945e+00,5.009014606475830078e-01,-1.216460671275854111e-02,4.939018189907073975e-02,9.939634203910827637e-01,9.720776230096817017e-02,9.050140380859375000e-01,-5.480057001113891602e-02,1.149912118911743164e+00,1.790246367454528809e-01,-1.225926995277404785e+00,-1.753535628318786621e+00,-1.520625710487365723e+00,9.878588914871215820e-01,1.557907938957214355e+00,1.608303904533386230e+00,-1.494506746530532837e-01,-2.967180907726287842e-01,-6.989824771881103516e-01,3.309547305107116699e-01,3.435255587100982666e-02,-7.392022758722305298e-02,-3.828362226486206055e-01,-2.997613977640867233e-03,-1.479906737804412842e-01,2.356183379888534546e-01,-2.327715903520584106e-01,1.242113579064607620e-02
-3.308104872703552246e-01,-1.013652920722961426e+00,5.008265376091003418e-01,-1.478594914078712463e-02,4.057814180850982666e-02,9.986457228660583496e-01,-2.900800667703151703e-02,9.198662638664245605e-01,-5.461519211530685425e-02,1.149311780929565430e+00,1.978671848773956299e-01,-1.219857096672058105e+00,-1.827552199363708496e+00,-1.569036841392517090e+00,9.137644171714782715e-01,1.576299428939819336e+00,1.695754051208496094e+00,-1.802783757448196411e-01,-2.788284122943878174e-01,-6.573635339736938477e-01,3.346454799175262451e-01,5.149297416210174561e-02,-5.636803433299064636e-02,-3.692164421081542969e-01,2.524865604937076569e-02,-9.061495214700698853e-02,2.591337263584136963e-01,-2.521549165248870850e-01,7.627625018358230591e-03
-3.354750573635101318e-01,-1.015152931213378906e+00,5.003185868263244629e-01,-1.879365183413028717e-02,3.097942471504211426e-02,9.862830638885498047e-01,-1.610367298126220703e-01,9.189116954803466797e-01,-6.052483245730400085e-02,1.160441994667053223e+00,2.210616022348403931e-01,-1.240980148315429688e+00,-1.900947690010070801e+00,-1.606882691383361816e+00,8.087897896766662598e-01,1.582396626472473145e+00,1.792837142944335938e+00,-2.175714075565338135e-01,-2.691261768341064453e-01,-6.409081220626831055e-01,3.387199342250823975e-01,7.108757644891738892e-02,-3.694311529397964478e-02,-3.619779348373413086e-01,5.847623944282531738e-02,-3.929704800248146057e-02,2.835661768913269043e-01,-2.706875801086425781e-01,1.240994874387979507e-02
-3.369055092334747314e-01,-1.017862915992736816e+00,4.991721808910369873e-01,-2.031775005161762238e-02,1.963623240590095520e-02,9.573482871055603027e-01,-2.875515818595886230e-01,9.147854447364807129e-01,-6.893595308065414429e-02,1.208145737648010254e+00,2.364968657493591309e-01,-1.301731944084167480e+00,-1.952695250511169434e+00,-1.606033086776733398e+00,7.085695862770080566e-01,1.557745933532714844e+00,1.869729876518249512e+00,-2.540956139564514160e-01,-2.679652571678161621e-01,-6.382653117179870605e-01,3.388922810554504395e-01,9.894987195730209351e-02,-1.858047395944595337e-02,-3.583532869815826416e-01,1.034429669380187988e-01,2.294535562396049500e-02,3.072207272052764893e-01,-2.804920673370361328e-01,2.340235188603401184e-02
-3.351470232009887695e-01,-1.020604372024536133e+00,4.968171715736389160e-01,-2.185968682169914246e-02,3.305002581328153610e-03,9.148691892623901367e-01,-4.031446576118469238e-01,9.198592305183410645e-01,-9.371804445981979370e-02,1.219998955726623535e+00,2.355823814868927002e-01,-1.338797450065612793e+00,-1.987915635108947754e+00,-1.568082571029663086e+00,6.237499117851257324e-01,1.495372653007507324e+00,1.928463578224182129e+00,-2.957854866981506348e-01,-2.670326232910156250e-01,-6.408622860908508301e-01,3.329259753227233887e-01,1.307752728462219238e-01,-3.694075858220458031e-03,-3.673185408115386963e-01,1.664875000715255737e-01,1.003715321421623230e-01,3.295170962810516357e-01,-2.622119784355163574e-01,4.236285760998725891e-02
-3.331488668918609619e-01,-1.020349740982055664e+00,4.934922158718109131e-01,-2.134489081799983978e-02,-2.230474166572093964e-02,8.598734140396118164e-01,-5.095729827880859375e-01,9.200171828269958496e-01,-1.448828577995300293e-01,1.220000028610229492e+00,2.321801483631134033e-01,-1.356661319732666016e+00,-2.015003204345703125e+00,-1.455812692642211914e+00,5.403692722320556641e-01,1.355106592178344727e+00,1.981714606285095215e+00,-3.442169725894927979e-01,-2.480481714010238647e-01,-6.495807170867919922e-01,3.218938410282135010e-01,1.557166576385498047e-01,-2.004461595788598061e-03,-3.935554921627044678e-01,2.259257882833480835e-01,1.159057170152664185e-01,3.455119431018829346e-01,-2.176097482442855835e-01,4.082907363772392273e-02
-3.322080373764038086e-01,-1.017086148262023926e+00,4.897850751876831055e-01,-1.205447409301996231e-02,-5.185273662209510803e-02,7.971176505088806152e-01,-6.014727354049682617e-01,9.190226793289184570e-01,-2.066920995712280273e-01,1.220000028610229492e+00,2.129327356815338135e-01,-1.357896804809570312e+00,-2.029070377349853516e+00,-1.264957547187805176e+00,4.967975616455078125e-01,1.154817819595336914e+00,2.009876012802124023e+00,-3.966168165206909180e-01,-2.079579532146453857e-01,-6.199774742126464844e-01,3.205124437808990479e-01,1.504567563533782959e-01,-6.864880211651325226e-03,-4.399031102657318115e-01,2.559242844581604004e-01,3.782572597265243530e-02,3.842526078224182129e-01,-1.808800101280212402e-01,1.624471694231033325e-02
-3.302788734436035156e-01,-1.009107828140258789e+00,4.857742786407470703e-01,9.956617839634418488e-03,-8.061647415161132812e-02,7.209604978561401367e-01,-6.881989836692810059e-01,9.202121496200561523e-01,-2.855880856513977051e-01,1.220000028610229492e+00,1.749119460582733154e-01,-1.343572854995727539e+00,-2.032142639160156250e+00,-1.015346288681030273e+00,4.980743825435638428e-01,9.016960859298706055e-01,2.021288394927978516e+00,-4.773532152175903320e-01,-1.484884470701217651e-01,-5.010200738906860352e-01,3.531977534294128418e-01,8.015940338373184204e-02,-1.568052172660827637e-02,-5.038128495216369629e-01,2.887031733989715576e-01,-1.575051993131637573e-02,4.566237926483154297e-01,-1.309176832437515259e-01,1.205623615533113480e-02
-3.278092145919799805e-01,-1.001113414764404297e+00,4.811189174652099609e-01,4.482578486204147339e-02,-9.857579320669174194e-02,6.399894952774047852e-01,-7.607147097587585449e-01,9.371650815010070801e-01,-3.378663361072540283e-01,1.220000028610229492e+00,1.069151908159255981e-01,-1.300847291946411133e+00,-2.026856422424316406e+00,-7.982357740402221680e-01,5.417802929878234863e-01,6.974615454673767090e-01,2.022669792175292969e+00,-5.619342923164367676e-01,-7.248097658157348633e-02,-3.238382935523986816e-01,4.504294693470001221e-01,-3.844626992940902710e-02,7.618854288011789322e-03,-5.559035539627075195e-01,3.386600911617279053e-01,-3.347137942910194397e-03,5.488852262496948242e-01,-1.036123409867286682e-01,4.777544736862182617e-02
-3.225402832031250000e-01,-9.956918358802795410e-01,4.736241102218627930e-01,9.212051331996917725e-02,-9.962305426597595215e-02,5.584578514099121094e-01,-8.183604478836059570e-01,9.569416642189025879e-01,-3.458071649074554443e-01,1.220000028610229492e+00,4.800545983016490936e-03,-1.228900074958801270e+00,-2.018165349960327148e+00,-6.355899572372436523e-01,6.137542724609375000e-01,5.762165188789367676e-01,2.009236574172973633e+00,-6.379606723785400391e-01,6.742382794618606567e-02,-1.015393808484077454e-01,6.398029923439025879e-01,-1.731236875057220459e-01,8.121270686388015747e-02,-5.649045109748840332e-01,3.833494484424591064e-01,-6.183501798659563065e-03,6.521057486534118652e-01,-1.336612999439239502e-01,8.954387903213500977e-02
-3.209024071693420410e-01,-9.935591816902160645e-01,4.633073210716247559e-01,8.232002705335617065e-02,-4.943858832120895386e-02,4.980462491512298584e-01,-8.618173599243164062e-01,9.932848215103149414e-01,-3.144517242908477783e-01,4.509897232055664062e-01,-4.484078586101531982e-01,-3.963905274868011475e-01,-2.058718681335449219e+00,-5.995472669601440430e-01,5.826585292816162109e-01,6.358652114868164062e-01,2.006056308746337891e+00,-6.511926054954528809e-01,1.657291203737258911e-01,1.786973625421524048e-01,8.715528249740600586e-01,-2.960574924945831299e-01,1.663936227560043335e-01,-5.493681430816650391e-01,2.918758094310760498e-01,1.791625469923019409e-02,8.075131773948669434e-01,-2.081646174192428589e-01,9.465011954307556152e-02
-3.260711133480072021e-01,-9.976959228515625000e-01,4.515778720378875732e-01,-3.157240338623523712e-03,1.402937620878219604e-02,3.185043334960937500e-01,-9.478123188018798828e-01,7.023149728775024414e-01,-7.615194469690322876e-02,-2.929615080356597900e-01,-8.763157129287719727e-01,4.175174534320831299e-01,-1.699126362800598145e+00,-4.251923263072967529e-01,2.820835709571838379e-01,5.041036605834960938e-01,1.887505412101745605e+00,-6.554051637649536133e-01,-7.229693233966827393e-02,1.972517222166061401e-01,1.007806658744812012e+00,-2.849917113780975342e-01,2.208474874496459961e-01,-5.255767107009887695e-01,-1.067385450005531311e-01,-1.462461799383163452e-01,9.787128567695617676e-01,-3.656697273254394531e-01,6.367456167936325073e-02
-3.264974057674407959e-01,-9.991610050201416016e-01,4.398683309555053711e-01,-5.739680491387844086e-03,2.079216763377189636e-02,2.506766617298126221e-01,-9.678305387496948242e-01,6.891162395477294922e-01,-6.326913088560104370e-02,-2.633362710475921631e-01,-8.337535858154296875e-01,3.912345170974731445e-01,-1.682937383651733398e+00,-3.125605583190917969e-01,3.456095159053802490e-01,4.049715101718902588e-01,1.789357304573059082e+00,-7.130748033523559570e-01,-1.652734912931919098e-02,1.876339465379714966e-01,1.177139282226562500e+00,-2.991163134574890137e-01,1.786638647317886353e-01,-5.309857130050659180e-01,-1.843528002500534058e-01,-2.182427644729614258e-01,1.078104257583618164e+00,-4.710812866687774658e-01,-2.354068867862224579e-02
-3.238070905208587646e-01,-9.971839189529418945e-01,4.294723272323608398e-01,-6.754369009286165237e-03,2.537356317043304443e-02,1.871509850025177002e-01,-9.819802045822143555e-01,6.907438039779663086e-01,-6.003475189208984375e-02,-2.355663478374481201e-01,-7.353240251541137695e-01,3.613045811653137207e-01,-1.740691542625427246e+00,-2.033713757991790771e-01,4.490846991539001465e-01,3.188905417919158936e-01,1.701575756072998047e+00,-7.763722538948059082e-01,4.571530967950820923e-02,1.763096004724502563e-01,1.312709331512451172e+00,-3.213800489902496338e-01,1.237132474780082703e-01,-5.315523147583007812e-01,-2.471053600311279297e-01,-2.526743412017822266e-01,1.163734674453735352e+00,-5.458707809448242188e-01,-7.488061487674713135e-02
-3.200061917304992676e-01,-9.932506084442138672e-01,4.217899441719055176e-01,-6.372656673192977905e-03,2.854102477431297302e-02,1.263423860073089600e-01,-9.915555715560913086e-01,7.134054303169250488e-01,-7.134797424077987671e-02,-2.054497450590133667e-01,-6.515740156173706055e-01,3.306204676628112793e-01,-1.831956624984741211e+00,-1.096106544137001038e-01,5.754251480102539062e-01,2.559558749198913574e-01,1.671186566352844238e+00,-8.442559838294982910e-01,1.382278203964233398e-01,1.737895756959915161e-01,1.417888641357421875e+00,-3.221119642257690430e-01,7.115001976490020752e-02,-5.122167468070983887e-01,-3.046663105487823486e-01,-2.860925197601318359e-01,1.218991160392761230e+00,-5.886824727058410645e-01,-9.258713573217391968e-02
-3.151606619358062744e-01,-9.880045652389526367e-01,4.183906018733978271e-01,-5.517550278455018997e-03,3.164162859320640564e-02,7.401008158922195435e-02,-9.967401027679443359e-01,7.622379064559936523e-01,-8.701898157596588135e-02,-1.755258440971374512e-01,-5.891941189765930176e-01,2.765167951583862305e-01,-1.908933877944946289e+00,-4.795544967055320740e-02,6.579387784004211426e-01,2.190225571393966675e-01,1.691116571426391602e+00,-9.041982293128967285e-01,2.268738150596618652e-01,1.636564284563064575e-01,1.482424139976501465e+00,-2.780283987522125244e-01,2.305968292057514191e-02,-4.609245359897613525e-01,-3.567478358745574951e-01,-3.365326523780822754e-01,1.228865742683410645e+00,-6.195558309555053711e-01,-1.040388494729995728e-01
-3.088655173778533936e-01,-9.791759252548217773e-01,4.204341769218444824e-01,-2.242549788206815720e-03,3.184533491730690002e-02,3.355564549565315247e-02,-9.989268779754638672e-01,8.241204619407653809e-01,-1.078365296125411987e-01,-1.467163562774658203e-01,-5.187039971351623535e-01,1.698320657014846802e-01,-1.918880343437194824e+00,-3.078370913863182068e-02,6.593745946884155273e-01,2.277759164571762085e-01,1.748597025871276855e+00,-9.528554081916809082e-01,2.854793071746826172e-01,1.398997008800506592e-01,1.499415516853332520e+00,-2.025026679039001465e-01,-2.681693062186241150e-02,-3.906958103179931641e-01,-3.836111128330230713e-01,-3.855675458908081055e-01,1.187493085861206055e+00,-6.232676506042480469e-01,-1.108749881386756897e-01
-3.011923432350158691e-01,-9.647118449211120605e-01,4.286655485630035400e-01,3.148338990285992622e-03,3.242540359497070312e-02,4.653990268707275391e-03,-9.994583725929260254e-01,8.717352747917175293e-01,-1.210973262786865234e-01,-1.197138950228691101e-01,-4.693757891654968262e-01,4.348694905638694763e-02,-1.815853238105773926e+00,-9.118745476007461548e-02,5.901381969451904297e-01,3.180362582206726074e-01,1.831060290336608887e+00,-9.722789525985717773e-01,3.207709789276123047e-01,1.187926009297370911e-01,1.471776843070983887e+00,-1.287470906972885132e-01,-8.050143718719482422e-02,-3.001920580863952637e-01,-3.771299123764038086e-01,-4.107363224029541016e-01,1.084712982177734375e+00,-5.764312148094177246e-01,-9.543214738368988037e-02
-2.930308878421783447e-01,-9.442696571350097656e-01,4.419445693492889404e-01,9.520597755908966064e-03,3.375355154275894165e-02,-1.651597209274768829e-02,-9.992483854293823242e-01,8.949615955352783203e-01,-1.306168437004089355e-01,-1.442729085683822632e-01,-4.495776891708374023e-01,-4.049991071224212646e-02,-1.607141017913818359e+00,-2.835499048233032227e-01,4.920340180397033691e-01,5.149098038673400879e-01,1.918531298637390137e+00,-9.536418318748474121e-01,3.277537822723388672e-01,1.035995632410049438e-01,1.399236440658569336e+00,-5.839234590530395508e-02,-1.329892724752426147e-01,-1.889338940382003784e-01,-3.446969687938690186e-01,-4.061764478683471680e-01,9.177246093750000000e-01,-4.597213268280029297e-01,-5.579289421439170837e-02
-2.865266501903533936e-01,-9.209722876548767090e-01,4.571831524372100830e-01,1.579404063522815704e-02,3.185853362083435059e-02,-2.713198773562908173e-02,-9.989992380142211914e-01,9.037865996360778809e-01,-1.553632169961929321e-01,-2.896858155727386475e-01,-4.568885862827301025e-01,-4.068360105156898499e-02,-1.291499853134155273e+00,-7.224258184432983398e-01,4.432359337806701660e-01,9.228889942169189453e-01,1.970912814140319824e+00,-8.961706161499023438e-01,3.410405814647674561e-01,1.107641384005546570e-01,1.273724079132080078e+00,3.387538343667984009e-02,-1.687832027673721313e-01,-7.519382983446121216e-02,-3.095611631870269775e-01,-3.832814097404479980e-01,7.079879641532897949e-01,-2.491382211446762085e-01,-1.877705915831029415e-03
-2.829345464706420898e-01,-8.967982530593872070e-01,4.701334238052368164e-01,2.264323085546493530e-02,2.813862822949886322e-02,-3.042323514819145203e-02,-9.988843202590942383e-01,8.928161263465881348e-01,-1.987089663743972778e-01,-5.397908091545104980e-01,-4.619461596012115479e-01,3.543949220329523087e-03,-9.157272577285766602e-01,-1.192821264266967773e+00,4.992352724075317383e-01,1.343316078186035156e+00,2.011457443237304688e+00,-8.052974343299865723e-01,3.539270758628845215e-01,1.398677080869674683e-01,1.097868919372558594e+00,1.449488550424575806e-01,-1.946782916784286499e-01,1.148972939699888229e-02,-2.946003079414367676e-01,-3.589078783988952637e-01,5.267939567565917969e-01,4.603782668709754944e-02,4.825114086270332336e-02
-2.820213437080383301e-01,-8.657411932945251465e-01,4.814693033695220947e-01,2.219945006072521210e-02,2.275818400084972382e-02,-2.315411902964115143e-02,-9.992262721061706543e-01,8.712239265441894531e-01,-2.322140187025070190e-01,-8.080416321754455566e-01,-4.223396182060241699e-01,3.512575477361679077e-02,-5.205628871917724609e-01,-1.542665481567382812e+00,6.391369104385375977e-01,1.645358324050903320e+00,2.025808095932006836e+00,-6.713628768920898438e-01,2.850328087806701660e-01,1.712464839220046997e-01,8.713418841361999512e-01,2.618332803249359131e-01,-2.047220915555953979e-01,2.529319375753402710e-02,-3.246714472770690918e-01,-2.733720541000366211e-01,4.346486330032348633e-01,3.235304057598114014e-01,5.048638954758644104e-02
-2.700957059860229492e-01,-8.344060778617858887e-01,4.871521592140197754e-01,1.925114914774894714e-02,2.034441754221916199e-02,-2.830782346427440643e-02,-9.992067813873291016e-01,8.040806651115417480e-01,-2.627484798431396484e-01,-1.022262573242187500e+00,-3.696326315402984619e-01,1.021097674965858459e-01,-2.284572720527648926e-01,-1.715859889984130859e+00,7.325025796890258789e-01,1.788122653961181641e+00,2.033812999725341797e+00,-5.192296504974365234e-01,1.623213738203048706e-01,1.409080922603607178e-01,6.693724989891052246e-01,3.287994563579559326e-01,-2.017017751932144165e-01,-4.121772572398185730e-02,-3.718258440494537354e-01,-1.472857445478439331e-01,5.784409046173095703e-01,3.449999988079071045e-01,-1.209555286914110184e-02
-2.696515023708343506e-01,-7.991492152214050293e-01,4.905169010162353516e-01,2.619149722158908844e-02,2.192211151123046875e-02,-4.424306005239486694e-02,-9.984367489814758301e-01,6.813951730728149414e-01,-3.116172850131988525e-01,-1.160780310630798340e+00,-3.853492140769958496e-01,1.984120458364486694e-01,-1.714887470006942749e-01,-1.754265785217285156e+00,7.195884585380554199e-01,1.796053886413574219e+00,2.049448728561401367e+00,-4.117673337459564209e-01,6.246676295995712280e-02,1.121065020561218262e-01,5.258778333663940430e-01,2.834621071815490723e-01,-1.274403631687164307e-01,-1.861225664615631104e-01,-4.073913395404815674e-01,-4.202307015657424927e-02,8.347703814506530762e-01,3.055450022220611572e-01,-7.990626245737075806e-02
-2.634115815162658691e-01,-7.696739435195922852e-01,4.864387512207031250e-01,2.584461681544780731e-02,1.891436986625194550e-02,-7.451053708791732788e-02,-9.967058300971984863e-01,5.122820734977722168e-01,-3.487485945224761963e-01,-1.209375143051147461e+00,-4.646033942699432373e-01,2.799400985240936279e-01,-2.817509472370147705e-01,-1.680899381637573242e+00,6.087285876274108887e-01,1.686482429504394531e+00,2.084884643554687500e+00,-3.507313728332519531e-01,-3.146638348698616028e-02,1.123924776911735535e-01,4.496303498744964600e-01,1.302852779626846313e-01,-7.775057572871446609e-03,-3.788729906082153320e-01,-4.112547039985656738e-01,4.842850565910339355e-02,1.180489182472229004e+00,2.089618295431137085e-01,-1.062184274196624756e-01
-2.560561001300811768e-01,-7.434772849082946777e-01,4.766813516616821289e-01,8.970149792730808258e-03,1.002130564302206039e-02,-1.112574040889739990e-01,-9.937006235122680664e-01,3.043968677520751953e-01,-3.490000069141387939e-01,-1.156294226646423340e+00,-5.698745250701904297e-01,3.304469883441925049e-01,-4.833227396011352539e-01,-1.490866899490356445e+00,4.493236243724822998e-01,1.483438014984130859e+00,2.134350538253784180e+00,-3.363632559776306152e-01,-1.447605043649673462e-01,1.651578396558761597e-01,4.372871816158294678e-01,-1.618450880050659180e-02,1.235470399260520935e-01,-5.817577242851257324e-01,-3.562685251235961914e-01,1.379168182611465454e-01,1.462609648704528809e+00,1.347420811653137207e-01,-6.977118551731109619e-02
-2.431559115648269653e-01,-7.188836932182312012e-01,4.638604819774627686e-01,-1.598447002470493317e-02,3.900129813700914383e-03,-1.435946971178054810e-01,-9.894998073577880859e-01,7.626861333847045898e-02,-3.490000069141387939e-01,-1.011721611022949219e+00,-6.382828354835510254e-01,3.822083771228790283e-01,-7.918868660926818848e-01,-9.884392023086547852e-01,3.291004002094268799e-01,9.810152649879455566e-01,2.167335510253906250e+00,-3.250505328178405762e-01,-2.599964737892150879e-01,2.316780388355255127e-01,4.758350849151611328e-01,-1.777015626430511475e-01,2.300422638654708862e-01,-7.516997456550598145e-01,-2.057841271162033081e-01,1.922226250171661377e-01,1.632824063301086426e+00,6.704261898994445801e-02,1.166112907230854034e-02
-2.269002348184585571e-01,-6.907428503036499023e-01,4.509537816047668457e-01,-3.680678084492683411e-02,7.646457757800817490e-03,-1.617967784404754639e-01,-9.861078262329101562e-01,-1.538837701082229614e-01,-3.490000069141387939e-01,-9.034199118614196777e-01,-6.120511889457702637e-01,4.938277602195739746e-01,-1.110005855560302734e+00,-2.821035981178283691e-01,3.730469048023223877e-01,2.411702722311019897e-01,2.154699087142944336e+00,-2.866793572902679443e-01,-3.648013770580291748e-01,2.687708139419555664e-01,5.215450525283813477e-01,-3.576986491680145264e-01,3.187771737575531006e-01,-8.684565424919128418e-01,-1.114547019824385643e-03,2.008435577154159546e-01,1.658254623413085938e+00,1.822924427688121796e-02,1.086521372199058533e-01
-2.085283994674682617e-01,-6.706968545913696289e-01,4.416179358959197998e-01,-3.759950399398803711e-02,3.456799685955047607e-02,-2.074518203735351562e-01,-9.769110083580017090e-01,-4.757276475429534912e-01,-3.174114823341369629e-01,-9.549709558486938477e-01,-6.115304231643676758e-01,7.570015788078308105e-01,-1.407491564750671387e+00,4.107931256294250488e-01,6.057904958724975586e-01,-5.253987908363342285e-01,2.184126138687133789e+00,-2.066366821527481079e-01,-4.000000059604644775e-01,1.965809911489486694e-01,6.067314743995666504e-01,-4.984389841556549072e-01,3.436492681503295898e-01,-8.986521959304809570e-01,1.700231581926345825e-01,9.726358205080032349e-02,1.537511110305786133e+00,-1.468704640865325928e-02,1.951498240232467651e-01
-1.906912475824356079e-01,-6.444544792175292969e-01,4.325171113014221191e-01,-2.392573654651641846e-02,8.770304173231124878e-02,-2.504560351371765137e-01,-9.638503789901733398e-01,-8.010193109512329102e-01,-2.167115807533264160e-01,-1.110006093978881836e+00,-6.316292285919189453e-01,1.132061600685119629e+00,-1.659490466117858887e+00,6.559494137763977051e-01,8.886163830757141113e-01,-8.360275626182556152e-01,2.116135120391845703e+00,-4.577764496207237244e-02,-4.000000059604644775e-01,9.728570282459259033e-02,6.755837798118591309e-01,-5.859321355819702148e-01,3.434026241302490234e-01,-8.473003506660461426e-01,2.895168960094451904e-01,-3.685175999999046326e-02,1.328663110733032227e+00,-3.715008124709129333e-02,2.713105082511901855e-01
-1.752361059188842773e-01,-6.152793169021606445e-01,4.215696454048156738e-01,-7.627628277987241745e-03,1.221181750297546387e-01,-2.549108862876892090e-01,-9.591920375823974609e-01,-9.999998807907104492e-01,-1.460313796997070312e-01,-1.277535796165466309e+00,-6.503973007202148438e-01,1.453699588775634766e+00,-1.866815209388732910e+00,7.031233906745910645e-01,1.004373669624328613e+00,-9.711755514144897461e-01,1.930099606513977051e+00,9.485609084367752075e-02,-4.000000059604644775e-01,6.758570671081542969e-02,6.822631955146789551e-01,-6.376773118972778320e-01,3.432424068450927734e-01,-7.916581630706787109e-01,3.791522979736328125e-01,-1.733392626047134399e-01,1.082273364067077637e+00,1.748553104698657990e-02,3.027698993682861328e-01
-1.693308055400848389e-01,-5.879669189453125000e-01,4.119780957698822021e-01,3.361451206728816032e-03,1.356054991483688354e-01,-2.496654689311981201e-01,-9.587841033935546875e-01,-1.000000000000000000e+00,-1.016207188367843628e-01,-1.460278868675231934e+00,-6.936178207397460938e-01,1.726022005081176758e+00,-2.002352476119995117e+00,6.661446094512939453e-01,9.471431970596313477e-01,-1.030036091804504395e+00,1.660072088241577148e+00,1.737524271011352539e-01,-4.000000059604644775e-01,8.245464414358139038e-02,6.623900532722473145e-01,-6.228665113449096680e-01,2.944632470607757568e-01,-7.193061113357543945e-01,4.000000059604644775e-01,-3.116595447063446045e-01,8.401558995246887207e-01,1.411271095275878906e-01,3.449999988079071045e-01
-1.614393591880798340e-01,-5.543228387832641602e-01,4.051172733306884766e-01,2.496171183884143829e-02,1.374039351940155029e-01,-2.284783720970153809e-01,-9.634805321693420410e-01,-1.000000000000000000e+00,-6.225721910595893860e-02,-1.638164639472961426e+00,-8.210020065307617188e-01,1.946751952171325684e+00,-2.064800500869750977e+00,5.766929388046264648e-01,8.042703866958618164e-01,-1.088375091552734375e+00,1.293736457824707031e+00,2.702566385269165039e-01,-4.000000059604644775e-01,1.091380268335342407e-01,5.695131421089172363e-01,-5.539872050285339355e-01,2.106102854013442993e-01,-6.306181550025939941e-01,4.000000059604644775e-01,-4.720118641853332520e-01,6.943722963333129883e-01,2.182537913322448730e-01,3.403612077236175537e-01
-1.578532308340072632e-01,-5.177280306816101074e-01,4.030163586139678955e-01,5.375630035996437073e-02,1.407101154327392578e-01,-2.201622575521469116e-01,-9.637631773948669434e-01,-1.000000000000000000e+00,-2.604192867875099182e-02,-1.767172217369079590e+00,-9.893954992294311523e-01,2.087922573089599609e+00,-2.074692726135253906e+00,4.728012382984161377e-01,6.345084309577941895e-01,-1.197425484657287598e+00,8.550722002983093262e-01,3.726935088634490967e-01,-4.000000059604644775e-01,1.088153347373008728e-01,4.515199959278106689e-01,-3.949457108974456787e-01,1.181107237935066223e-01,-5.625306367874145508e-01,4.000000059604644775e-01,-5.169562697410583496e-01,6.546277999877929688e-01,1.746836602687835693e-01,2.496749311685562134e-01
-1.478936821222305298e-01,-4.934128224849700928e-01,4.014610052108764648e-01,6.683870404958724976e-02,1.503208875656127930e-01,-2.228512763977050781e-01,-9.608712196350097656e-01,-1.000000000000000000e+00,-1.276560127735137939e-02,-1.827474355697631836e+00,-1.143874883651733398e+00,2.159362554550170898e+00,-2.040622949600219727e+00,4.754393398761749268e-01,4.852497875690460205e-01,-1.358498454093933105e+00,4.821089506149291992e-01,4.851224422454833984e-01,-4.000000059604644775e-01,8.050467818975448608e-02,3.608920574188232422e-01,-1.592560857534408569e-01,-1.367277186363935471e-02,-5.377184152603149414e-01,4.000000059604644775e-01,-4.940830767154693604e-01,7.192170619964599609e-01,-1.929341442883014679e-02,7.878966629505157471e-02
-1.372225731611251831e-01,-4.705665111541748047e-01,3.972497582435607910e-01,8.174505084753036499e-02,1.676956862211227417e-01,-2.167896926403045654e-01,-9.582265615463256836e-01,-1.000000000000000000e+00,5.817012395709753036e-03,-1.813301563262939453e+00,-1.241721987724304199e+00,2.209911108016967773e+00,-1.993298530578613281e+00,5.112811326980590820e-01,4.750762879848480225e-01,-1.401365995407104492e+00,4.000252485275268555e-01,5.500462651252746582e-01,-4.000000059604644775e-01,5.669967085123062134e-02,3.653644323348999023e-01,9.665417671203613281e-02,-1.728500872850418091e-01,-5.125306844711303711e-01,4.000000059604644775e-01,-4.874867796897888184e-01,8.182308077812194824e-01,-1.995262801647186279e-01,-6.575705111026763916e-02
-1.322605162858963013e-01,-4.428367614746093750e-01,3.927715122699737549e-01,8.411197364330291748e-02,1.862312704324722290e-01,-2.126957476139068604e-01,-9.555122256278991699e-01,-1.000000000000000000e+00,1.762725040316581726e-02,-1.722407937049865723e+00,-1.257767081260681152e+00,2.195648670196533203e+00,-1.950759410858154297e+00,4.720686674118041992e-01,5.448660254478454590e-01,-1.352986931800842285e+00,5.511355996131896973e-01,5.091191530227661133e-01,-4.000000059604644775e-01,1.535921841859817505e-01,5.354481339454650879e-01,2.793528139591217041e-01,-3.034641444683074951e-01,-4.771772921085357666e-01,3.994686305522918701e-01,-4.406298696994781494e-01,9.119884371757507324e-01,-3.148034214973449707e-01,-1.563394218683242798e-01
-1.146180182695388794e-01,-4.264710247516632080e-01,3.955296277999877930e-01,1.286467257887125015e-02,1.638185381889343262e-01,-2.198545932769775391e-01,-9.615934491157531738e-01,-1.000000000000000000e+00,-6.446544826030731201e-02,-1.593391299247741699e+00,-1.184379816055297852e+00,2.018612384796142578e+00,-1.939850211143493652e+00,3.843347430229187012e-01,6.286634206771850586e-01,-1.239567637443542480e+00,8.847944140434265137e-01,3.797298669815063477e-01,-4.000000059604644775e-01,3.205901980400085449e-01,8.246679902076721191e-01,2.850878536701202393e-01,-3.134450316429138184e-01,-4.725303053855895996e-01,2.764332890510559082e-01,-3.422419428825378418e-01,1.021364569664001465e+00,-4.162545800209045410e-01,-2.365207374095916748e-01
-8.939494192600250244e-02,-4.045922756195068359e-01,4.028559029102325439e-01,-1.555435545742511749e-02,1.274167597293853760e-01,-2.629381716251373291e-01,-9.562355875968933105e-01,-9.627181291580200195e-01,-1.381819546222686768e-01,-1.473748683929443359e+00,-1.107416272163391113e+00,1.848423719406127930e+00,-1.963560104370117188e+00,3.236402571201324463e-01,8.050513267517089844e-01,-1.147133111953735352e+00,1.247030735015869141e+00,1.529575288295745850e-01,-2.519158422946929932e-01,3.218657970428466797e-01,1.202063560485839844e+00,1.674714088439941406e-01,-2.925470471382141113e-01,-4.714345932006835938e-01,1.407336443662643433e-01,-3.456947207450866699e-01,1.078834176063537598e+00,-5.289024710655212402e-01,-2.727158069610595703e-01
-7.496985048055648804e-02,-3.776340484619140625e-01,4.082431793212890625e-01,-1.702404394745826721e-02,7.920040190219879150e-02,-2.637166082859039307e-01,-9.611924886703491211e-01,-6.413238644599914551e-01,-2.692504227161407471e-01,-1.376761555671691895e+00,-9.193721413612365723e-01,1.624209284782409668e+00,-1.954055547714233398e+00,2.109540104866027832e-01,9.149072766304016113e-01,-9.370493888854980469e-01,1.547814130783081055e+00,-1.790767014026641846e-01,-9.078403562307357788e-02,3.236023783683776855e-01,1.547801494598388672e+00,8.869583159685134888e-02,-2.743092179298400879e-01,-5.119230747222900391e-01,7.144297659397125244e-02,-3.021409809589385986e-01,1.101495265960693359e+00,-5.831629633903503418e-01,-2.811391055583953857e-01
-6.546876579523086548e-02,-3.396771252155303955e-01,4.163616299629211426e-01,-4.876398015767335892e-03,4.660998284816741943e-02,-2.592020928859710693e-01,-9.646854400634765625e-01,-3.248454630374908447e-01,-3.474608063697814941e-01,-1.261521100997924805e+00,-7.325175404548645020e-01,1.371225237846374512e+00,-1.882868885993957520e+00,1.874508857727050781e-01,9.194568395614624023e-01,-6.920843720436096191e-01,1.749181985855102539e+00,-4.446876943111419678e-01,9.346528351306915283e-02,2.727005183696746826e-01,1.741991996765136719e+00,4.760902374982833862e-02,-2.266249954700469971e-01,-5.030400156974792480e-01,2.479743398725986481e-02,-2.586409151554107666e-01,1.082140445709228516e+00,-6.157165765762329102e-01,-2.635647654533386230e-01
-5.766938626766204834e-02,-2.948209047317504883e-01,4.304787516593933105e-01,5.322941113263368607e-03,4.513408988714218140e-02,-2.622790336608886719e-01,-9.639213085174560547e-01,-6.441450119018554688e-02,-3.476628363132476807e-01,-1.119859695434570312e+00,-6.093816161155700684e-01,1.124853849411010742e+00,-1.722417354583740234e+00,2.427785396575927734e-01,7.720934748649597168e-01,-4.784334003925323486e-01,1.889710783958435059e+00,-5.962598323822021484e-01,2.455461323261260986e-01,1.710794270038604736e-01,1.766173720359802246e+00,3.356377035379409790e-02,-1.715346127748489380e-01,-3.785552978515625000e-01,-2.321079559624195099e-02,-2.307506948709487915e-01,9.796445965766906738e-01,-6.091068387031555176e-01,-2.153883576393127441e-01
-4.844405874609947205e-02,-2.509566545486450195e-01,4.494501948356628418e-01,3.663337847683578730e-04,5.825610831379890442e-02,-2.696240246295928955e-01,-9.612018465995788574e-01,1.416616439819335938e-01,-2.879398167133331299e-01,-9.963397383689880371e-01,-5.714597105979919434e-01,9.069231152534484863e-01,-1.454239964485168457e+00,2.734054923057556152e-01,4.873501062393188477e-01,-3.123692274093627930e-01,1.983757495880126953e+00,-6.406624913215637207e-01,3.682212531566619873e-01,9.151013940572738647e-02,1.635571837425231934e+00,5.846370384097099304e-02,-1.327551305294036865e-01,-1.659678816795349121e-01,-8.769457787275314331e-02,-2.218071520328521729e-01,7.830440402030944824e-01,-5.034789443016052246e-01,-1.304793953895568848e-01
-4.163667187094688416e-02,-2.144506126642227173e-01,4.658606052398681641e-01,-1.253906544297933578e-02,6.673571467399597168e-02,-2.698967456817626953e-01,-9.604920148849487305e-01,2.986240386962890625e-01,-2.151046991348266602e-01,-9.283141493797302246e-01,-6.215832233428955078e-01,7.053633332252502441e-01,-1.104835510253906250e+00,1.756011396646499634e-01,1.847530007362365723e-01,-9.123396128416061401e-02,2.091123580932617188e+00,-6.319090723991394043e-01,4.578272402286529541e-01,6.666274368762969971e-02,1.400853037834167480e+00,1.442350447177886963e-01,-1.305895000696182251e-01,5.960961338132619858e-03,-1.626422852277755737e-01,-2.389343082904815674e-01,6.125004291534423828e-01,-2.607240080833435059e-01,-5.617135390639305115e-02
-4.310204833745956421e-02,-1.832760423421859741e-01,4.787500798702239990e-01,-1.670942269265651703e-02,6.725499033927917480e-02,-2.745974659919738770e-01,-9.590588212013244629e-01,3.758468925952911377e-01,-1.855854988098144531e-01,-1.009698390960693359e+00,-7.544032335281372070e-01,5.375674962997436523e-01,-7.313510179519653320e-01,1.890809088945388794e-01,-2.202920429408550262e-02,-1.443123817443847656e-02,2.216234445571899414e+00,-5.996897816658020020e-01,4.518271088600158691e-01,2.366781607270240784e-02,1.075425982475280762e+00,2.863482832908630371e-01,-1.574807465076446533e-01,3.101403638720512390e-02,-2.374155968427658081e-01,-2.838295698165893555e-01,6.356796026229858398e-01,-7.940436713397502899e-03,-6.698657572269439697e-02
-4.021719843149185181e-02,-1.397171020507812500e-01,4.892450571060180664e-01,-2.803549915552139282e-02,6.317780166864395142e-02,-2.471116036176681519e-01,-9.665187001228332520e-01,4.633339643478393555e-01,-1.594784110784530640e-01,-1.135272741317749023e+00,-7.582281827926635742e-01,3.624452650547027588e-01,-3.981979489326477051e-01,5.852849483489990234e-01,-2.367111593484878540e-01,-3.707853555679321289e-01,2.249814987182617188e+00,-4.428903758525848389e-01,4.057245254516601562e-01,3.416231647133827209e-02,7.370250821113586426e-01,3.449999988079071045e-01,-1.733256131410598755e-01,-8.434814214706420898e-02,-3.475295305252075195e-01,-2.099241465330123901e-01,8.866733312606811523e-01,6.573142111301422119e-02,-1.456073373556137085e-01
-3.534142300486564636e-02,-8.978239446878433228e-02,4.946881234645843506e-01,-3.450096771121025085e-02,6.434881687164306641e-02,-1.702708303928375244e-01,-9.826885461807250977e-01,6.021620035171508789e-01,-1.513188034296035767e-01,-1.158780694007873535e+00,-5.987743139266967773e-01,2.415944337844848633e-01,-2.186765968799591064e-01,1.113547921180725098e+00,-4.761723577976226807e-01,-8.872163891792297363e-01,2.135671377182006836e+00,-2.257671952247619629e-01,3.682088851928710938e-01,6.902387738227844238e-02,5.015809535980224609e-01,3.449999988079071045e-01,-1.742098480463027954e-01,-3.189157247543334961e-01,-4.190044999122619629e-01,-2.231567539274692535e-02,1.252289891242980957e+00,2.813558280467987061e-02,-2.261440157890319824e-01
-3.049642778933048248e-02,-4.143507033586502075e-02,4.913212656974792480e-01,-3.921945393085479736e-02,5.258953571319580078e-02,-1.392027139663696289e-01,-9.880884289741516113e-01,6.058717370033264160e-01,-1.554143726825714111e-01,-1.159901857376098633e+00,-5.649154186248779297e-01,1.941270083189010620e-01,-2.057918906211853027e-01,1.220000028610229492e+00,-4.997402131557464600e-01,-1.025014400482177734e+00,2.110943555831909180e+00,-1.347831785678863525e-01,2.559757530689239502e-01,-3.630596399307250977e-02,4.230692386627197266e-01,3.449999988079071045e-01,-1.316434442996978760e-01,-5.321204066276550293e-01,-4.152330756187438965e-01,7.430797815322875977e-02,1.554715514183044434e+00,-1.081024296581745148e-03,-2.217315882444381714e-01
-4.095726460218429565e-02,-6.555902073159813881e-04,4.840689897537231445e-01,-6.554102152585983276e-02,3.887372463941574097e-02,-1.481815874576568604e-01,-9.860199689865112305e-01,5.160794854164123535e-01,-1.391426622867584229e-01,-1.114181280136108398e+00,-6.182888746261596680e-01,1.793432533740997314e-01,-2.537510097026824951e-01,1.220000028610229492e+00,-3.864454329013824463e-01,-1.056034088134765625e+00,2.152511596679687500e+00,-1.172511056065559387e-01,8.325030654668807983e-02,-7.886511087417602539e-02,3.687840700149536133e-01,3.449999988079071045e-01,-3.685276210308074951e-02,-7.176689505577087402e-01,-3.373425900936126709e-01,9.065480530261993408e-02,1.746144533157348633e+00,6.323461234569549561e-02,-1.247006878256797791e-01
-4.868201166391372681e-02,4.025891795754432678e-02,4.775173962116241455e-01,-9.895455092191696167e-02,4.008667171001434326e-02,-1.710411608219146729e-01,-9.794620871543884277e-01,3.694766759872436523e-01,-1.144665852189064026e-01,-1.025331974029541016e+00,-7.216449975967407227e-01,1.933491826057434082e-01,-3.696452677249908447e-01,1.220000028610229492e+00,-1.877552568912506104e-01,-1.051760911941528320e+00,2.217450380325317383e+00,-7.531525939702987671e-02,-6.922236084938049316e-02,8.986042812466621399e-03,3.277667462825775146e-01,1.878475099802017212e-01,8.536016196012496948e-02,-8.260713219642639160e-01,-2.170138210058212280e-01,4.251159727573394775e-02,1.792277574539184570e+00,1.521436274051666260e-01,1.533359382301568985e-02
-3.692135587334632874e-02,8.436307311058044434e-02,4.670828878879547119e-01,-1.228674054145812988e-01,6.275797635316848755e-02,-1.959679573774337769e-01,-9.708561301231384277e-01,1.689366996288299561e-01,-7.047794759273529053e-02,-8.867905139923095703e-01,-8.407688736915588379e-01,2.693921625614166260e-01,-6.084876656532287598e-01,1.066079497337341309e+00,1.262702941894531250e-01,-8.653187751770019531e-01,2.302888870239257812e+00,5.339183378964662552e-03,-1.935778856277465820e-01,6.068686395883560181e-02,4.056800603866577148e-01,-1.050393357872962952e-01,1.931183040142059326e-01,-8.236674666404724121e-01,-6.896451860666275024e-02,-6.112173572182655334e-02,1.710252523422241211e+00,1.572226881980895996e-01,1.350777149200439453e-01
-2.474140934646129608e-02,1.341810673475265503e-01,4.594143331050872803e-01,-9.100319445133209229e-02,5.597380176186561584e-02,-1.900558471679687500e-01,-9.759426712989807129e-01,-8.134528063237667084e-03,-1.204240769147872925e-01,-8.887058496475219727e-01,-7.824407815933227539e-01,4.741221666336059570e-01,-8.791869878768920898e-01,4.835751652717590332e-01,4.593915343284606934e-01,-3.525217175483703613e-01,2.224231481552124023e+00,-1.258741971105337143e-02,-2.031674683094024658e-01,1.486755460500717163e-01,5.218074321746826172e-01,-3.523121774196624756e-01,2.640020251274108887e-01,-8.661750555038452148e-01,1.439472734928131104e-01,-1.793191730976104736e-01,1.480530977249145508e+00,1.734663099050521851e-01,2.228027731180191040e-01
-1.711221411824226379e-02,1.780363172292709351e-01,4.483281373977661133e-01,-9.812746196985244751e-02,4.027158021926879883e-02,-1.853403747081756592e-01,-9.769330024719238281e-01,-1.985389739274978638e-01,-1.885806471109390259e-01,-8.717969655990600586e-01,-7.455438971519470215e-01,6.057596206665039062e-01,-1.141499519348144531e+00,5.303006768226623535e-01,6.471107006072998047e-01,-5.116914510726928711e-01,2.134752511978149414e+00,-2.725612930953502655e-02,-3.051591813564300537e-01,2.165390998125076294e-01,5.938534736633300781e-01,-5.177793502807617188e-01,3.269459307193756104e-01,-8.630806803703308105e-01,2.168194204568862915e-01,-2.226097136735916138e-01,1.197539806365966797e+00,2.322379946708679199e-01,3.012232780456542969e-01
-3.874394111335277557e-03,2.098589390516281128e-01,4.358651638031005859e-01,-1.105195581912994385e-01,3.363264352083206177e-02,-2.012116611003875732e-01,-9.727117419242858887e-01,-4.400522410869598389e-01,-2.580833435058593750e-01,-9.181425571441650391e-01,-7.588821053504943848e-01,7.867677807807922363e-01,-1.377331733703613281e+00,6.397011280059814453e-01,8.138909339904785156e-01,-7.702288031578063965e-01,2.050446510314941406e+00,1.302032358944416046e-02,-3.967436850070953369e-01,2.047310918569564819e-01,6.199337840080261230e-01,-6.065690517425537109e-01,3.418493866920471191e-01,-7.826261520385742188e-01,2.404612302780151367e-01,-3.025547862052917480e-01,8.687522411346435547e-01,3.232841193675994873e-01,3.423938453197479248e-01
2.338594757020473480e-02,2.403417825698852539e-01,4.267937541007995605e-01,-9.970776736736297607e-02,3.861542791128158569e-02,-2.068274319171905518e-01,-9.725171327590942383e-01,-6.482287645339965820e-01,-2.735901176929473877e-01,-1.018604159355163574e+00,-7.663317322731018066e-01,1.027483940124511719e+00,-1.566327929496765137e+00,6.648660302162170410e-01,9.024195075035095215e-01,-9.209814071655273438e-01,1.907784461975097656e+00,1.327178329229354858e-01,-4.000000059604644775e-01,1.772710829973220825e-01,5.972124338150024414e-01,-6.459599137306213379e-01,2.846993207931518555e-01,-6.509581804275512695e-01,2.903200984001159668e-01,-4.400485455989837646e-01,5.842316150665283203e-01,3.449999988079071045e-01,3.449999988079071045e-01
4.528449475765228271e-02,2.721982002258300781e-01,4.199642837047576904e-01,-8.511386066675186157e-02,4.903050884604454041e-02,-2.155697941780090332e-01,-9.715355634689331055e-01,-8.528474569320678711e-01,-2.385185062885284424e-01,-1.209300279617309570e+00,-8.143005371093750000e-01,1.352947115898132324e+00,-1.712905287742614746e+00,6.741085052490234375e-01,9.115698337554931641e-01,-1.054669618606567383e+00,1.702376842498779297e+00,2.888245284557342529e-01,-4.000000059604644775e-01,1.364846527576446533e-01,5.158646702766418457e-01,-6.115378141403198242e-01,2.102977186441421509e-01,-5.226330161094665527e-01,3.069162070751190186e-01,-5.841647386550903320e-01,4.041705131530761719e-01,3.381115496158599854e-01,3.369201421737670898e-01
4.992023855447769165e-02,3.104574680328369141e-01,4.162065088748931885e-01,-6.228567659854888916e-02,6.299047172069549561e-02,-2.331784516572952271e-01,-9.683907032012939453e-01,-1.000000000000000000e+00,-2.142383903264999390e-01,-1.423910498619079590e+00,-9.508485198020935059e-01,1.642384290695190430e+00,-1.811672925949096680e+00,6.947730779647827148e-01,8.428936600685119629e-01,-1.230727910995483398e+00,1.430154085159301758e+00,4.150101840496063232e-01,-4.000000059604644775e-01,9.543668478727340698e-02,4.400872886180877686e-01,-4.976786673069000244e-01,1.498732566833496094e-01,-4.690118432044982910e-01,2.914521098136901855e-01,-5.676411390304565430e-01,3.758955299854278564e-01,3.237729370594024658e-01,2.632571756839752197e-01
4.838495329022407532e-02,3.396313786506652832e-01,4.106279313564300537e-01,-3.674323484301567078e-02,8.274655789136886597e-02,-2.306750565767288208e-01,-9.688095450401306152e-01,-1.000000000000000000e+00,-1.881129294633865356e-01,-1.588503122329711914e+00,-1.098433732986450195e+00,1.843482136726379395e+00,-1.862454056739807129e+00,7.113789319992065430e-01,7.089195847511291504e-01,-1.390819787979125977e+00,1.087231397628784180e+00,4.999361038208007812e-01,-4.000000059604644775e-01,9.719844162464141846e-02,4.030615091323852539e-01,-3.182542920112609863e-01,7.427927851676940918e-02,-4.697355329990386963e-01,3.232085108757019043e-01,-4.746746718883514404e-01,4.339230060577392578e-01,2.244510650634765625e-01,9.411954134702682495e-02
6.224093586206436157e-02,3.627003133296966553e-01,4.028210639953613281e-01,-1.419216021895408630e-02,1.029447764158248901e-01,-2.165971845388412476e-01,-9.707145094871520996e-01,-1.000000000000000000e+00,-1.360129565000534058e-01,-1.678431272506713867e+00,-1.227140545845031738e+00,1.994216680526733398e+00,-1.879194140434265137e+00,7.306775450706481934e-01,5.322165489196777344e-01,-1.549657821655273438e+00,6.747520565986633301e-01,5.798673033714294434e-01,-4.000000059604644775e-01,8.827911317348480225e-02,3.941901326179504395e-01,-1.009663343429565430e-01,-3.433184698224067688e-02,-4.874294400215148926e-01,3.586491048336029053e-01,-4.536904990673065186e-01,6.031873226165771484e-01,1.650566607713699341e-02,-4.457287490367889404e-02
7.278341799974441528e-02,3.866220712661743164e-01,3.989224731922149658e-01,1.281741540879011154e-02,1.231544315814971924e-01,-1.984850168228149414e-01,-9.722511768341064453e-01,-1.000000000000000000e+00,-6.201355904340744019e-02,-1.707171201705932617e+00,-1.300400257110595703e+00,2.112463474273681641e+00,-1.883097887039184570e+00,7.257709503173828125e-01,4.119411110877990723e-01,-1.676646232604980469e+00,3.750100433826446533e-01,6.018611788749694824e-01,-4.000000059604644775e-01,9.043373167514801025e-02,4.447388648986816406e-01,1.398785412311553955e-01,-1.617134213447570801e-01,-4.684032201766967773e-01,3.993181586265563965e-01,-4.304973185062408447e-01,7.165050506591796875e-01,-1.620074212551116943e-01,-1.471440494060516357e-01
8.151359111070632935e-02,4.113359749317169189e-01,3.974532485008239746e-01,1.696183905005455017e-02,1.361319124698638916e-01,-1.895872354507446289e-01,-9.722330570220947266e-01,-1.000000000000000000e+00,-2.451667189598083496e-02,-1.699636936187744141e+00,-1.312446951866149902e+00,2.124203920364379883e+00,-1.905653238296508789e+00,7.111743688583374023e-01,3.456116020679473877e-01,-1.747266769409179688e+00,2.724903523921966553e-01,5.586910247802734375e-01,-4.000000059604644775e-01,1.776037961244583130e-01,5.770613551139831543e-01,3.348425924777984619e-01,-2.817920744419097900e-01,-4.457170367240905762e-01,3.983199000358581543e-01,-3.954724967479705811e-01,8.170219063758850098e-01,-3.068888485431671143e-01,-2.460230886936187744e-01
9.874010831117630005e-02,4.324313104152679443e-01,4.004863798618316650e-01,-3.195661306381225586e-02,1.216520145535469055e-01,-2.006302326917648315e-01,-9.715591073036193848e-01,-1.000000000000000000e+00,-7.385460287332534790e-02,-1.667776465415954590e+00,-1.265147328376770020e+00,2.016377449035644531e+00,-1.948859930038452148e+00,6.839265823364257812e-01,3.119524419307708740e-01,-1.728173971176147461e+00,3.622471690177917480e-01,4.336906671524047852e-01,-3.993066251277923584e-01,2.794340550899505615e-01,8.066949844360351562e-01,3.429003655910491943e-01,-3.310758471488952637e-01,-4.515564143657684326e-01,2.691113352775573730e-01,-3.398245871067047119e-01,9.521718621253967285e-01,-4.295123517513275146e-01,-2.905763685703277588e-01
1.187618821859359741e-01,4.593171179294586182e-01,4.043016433715820312e-01,-5.015553906559944153e-02,9.229046851396560669e-02,-2.401469051837921143e-01,-9.650369882583618164e-01,-9.645015597343444824e-01,-1.577588468790054321e-01,-1.624319791793823242e+00,-1.211924314498901367e+00,1.893756747245788574e+00,-1.981821537017822266e+00,5.847685337066650391e-01,3.867372274398803711e-01,-1.598879456520080566e+00,6.063045263290405273e-01,1.804699897766113281e-01,-3.339950442314147949e-01,2.713261842727661133e-01,1.155802130699157715e+00,2.324814200401306152e-01,-3.311524093151092529e-01,-4.734916090965270996e-01,1.397472769021987915e-01,-3.392564058303833008e-01,1.041197896003723145e+00,-5.254521369934082031e-01,-2.875902354717254639e-01
1.343691647052764893e-01,4.870584011077880859e-01,4.071665108203887939e-01,-4.471205919981002808e-02,5.844085291028022766e-02,-2.482939362525939941e-01,-9.658859372138977051e-01,-7.669437527656555176e-01,-2.439012378454208374e-01,-1.573656558990478516e+00,-1.070893049240112305e+00,1.771001100540161133e+00,-1.976458907127380371e+00,3.545803129673004150e-01,5.222884416580200195e-01,-1.288169980049133301e+00,9.469372630119323730e-01,-1.414760947227478027e-01,-2.465859204530715942e-01,2.764340639114379883e-01,1.497880816459655762e+00,1.761888414621353149e-01,-3.284904658794403076e-01,-5.006942152976989746e-01,8.962395042181015015e-02,-3.048269748687744141e-01,1.082488059997558594e+00,-5.794068574905395508e-01,-2.993778884410858154e-01
1.509907096624374390e-01,5.170307159423828125e-01,4.137170910835266113e-01,-3.289514407515525818e-02,3.308162093162536621e-02,-2.322243601083755493e-01,-9.715427756309509277e-01,-5.077752470970153809e-01,-2.914755940437316895e-01,-1.478762984275817871e+00,-8.650683164596557617e-01,1.622457027435302734e+00,-1.922674059867858887e+00,2.169359922409057617e-01,6.667708754539489746e-01,-9.730506539344787598e-01,1.275786876678466797e+00,-4.190044701099395752e-01,-1.075754687190055847e-01,2.616381645202636719e-01,1.721352458000183105e+00,1.295460164546966553e-01,-2.992005646228790283e-01,-4.819718301296234131e-01,8.596327155828475952e-02,-2.416408807039260864e-01,1.074920058250427246e+00,-6.163119077682495117e-01,-3.099282681941986084e-01
1.690680533647537231e-01,5.518239140510559082e-01,4.256855845451354980e-01,-2.493140846490859985e-02,2.434557117521762848e-02,-2.260177284479141235e-01,-9.734997153282165527e-01,-2.571994960308074951e-01,-2.925417423248291016e-01,-1.305390834808349609e+00,-6.942922472953796387e-01,1.396493196487426758e+00,-1.815758943557739258e+00,2.268813252449035645e-01,7.346749305725097656e-01,-7.427275180816650391e-01,1.528444886207580566e+00,-5.969166159629821777e-01,5.207164958119392395e-02,2.005192637443542480e-01,1.788560390472412109e+00,9.908867627382278442e-02,-2.320848256349563599e-01,-3.835427761077880859e-01,5.879073962569236755e-02,-1.949231624603271484e-01,1.006482005119323730e+00,-6.251486539840698242e-01,-2.805879712104797363e-01
1.890339404344558716e-01,5.890831351280212402e-01,4.414854645729064941e-01,-2.869440987706184387e-02,3.536767885088920593e-02,-2.225738316774368286e-01,-9.738514423370361328e-01,-2.827209606766700745e-02,-2.344243973493576050e-01,-1.052266120910644531e+00,-6.052658557891845703e-01,1.096198916435241699e+00,-1.643334627151489258e+00,2.884061634540557861e-01,6.723006367683410645e-01,-5.308493375778198242e-01,1.699557781219482422e+00,-6.540188193321228027e-01,1.898846775293350220e-01,1.458844542503356934e-01,1.705076456069946289e+00,9.196923673152923584e-02,-1.812616586685180664e-01,-1.981226652860641479e-01,3.124214941635727882e-03,-1.547971814870834351e-01,8.659463524818420410e-01,-5.467180013656616211e-01,-1.950262933969497681e-01
2.063841968774795532e-01,6.232897043228149414e-01,4.560461342334747314e-01,-4.254271835088729858e-02,4.856823757290840149e-02,-2.055719643831253052e-01,-9.765098094940185547e-01,1.751053333282470703e-01,-1.595485657453536987e-01,-8.243356943130493164e-01,-5.849090814590454102e-01,7.805932760238647461e-01,-1.397220492362976074e+00,2.605117261409759521e-01,4.729283750057220459e-01,-2.809420228004455566e-01,1.798593163490295410e+00,-6.386108398437500000e-01,2.992887198925018311e-01,1.502483189105987549e-01,1.509600877761840820e+00,1.137304082512855530e-01,-1.614658832550048828e-01,-3.548393025994300842e-02,-7.293941080570220947e-02,-1.153818145394325256e-01,7.390719652175903320e-01,-3.378182947635650635e-01,-9.493177384138107300e-02
2.136611789464950562e-01,6.496933698654174805e-01,4.686842858791351318e-01,-5.062453076243400574e-02,5.686247348785400391e-02,-1.778265386819839478e-01,-9.811124205589294434e-01,3.367671668529510498e-01,-1.068282276391983032e-01,-7.126416563987731934e-01,-6.206289529800415039e-01,5.150757431983947754e-01,-1.096382260322570801e+00,-2.119493857026100159e-02,2.476363778114318848e-01,1.493528634309768677e-01,1.898784518241882324e+00,-5.900368690490722656e-01,3.700799047946929932e-01,1.807918250560760498e-01,1.215668559074401855e+00,2.068022191524505615e-01,-1.737900376319885254e-01,-1.131274737417697906e-02,-1.557633876800537109e-01,-1.144767999649047852e-01,7.660380601882934570e-01,-7.259593158960342407e-02,-8.039851486682891846e-02
2.139806151390075684e-01,6.809472441673278809e-01,4.791481792926788330e-01,-4.103005677461624146e-02,6.472656875848770142e-02,-1.788657754659652710e-01,-9.808843135833740234e-01,3.826283514499664307e-01,-8.712472021579742432e-02,-8.274903297424316406e-01,-7.068534493446350098e-01,4.192388355731964111e-01,-7.679243683815002441e-01,-1.276282519102096558e-01,8.613158762454986572e-02,3.367276489734649658e-01,2.069515943527221680e+00,-5.297966003417968750e-01,3.373791873455047607e-01,1.126490458846092224e-01,8.478975892066955566e-01,3.449933528900146484e-01,-1.975221484899520874e-01,-1.054078862071037292e-01,-2.691493928432464600e-01,-1.956540942192077637e-01,1.009323239326477051e+00,1.595931313931941986e-02,-1.700023710727691650e-01
2.310882210731506348e-01,7.270576357841491699e-01,4.848129153251647949e-01,-3.029788285493850708e-02,6.527931988239288330e-02,-1.752550154924392700e-01,-9.818891882896423340e-01,3.879759013652801514e-01,-8.550450950860977173e-02,-1.012911438941955566e+00,-7.217352390289306641e-01,4.047034084796905518e-01,-4.600676298141479492e-01,-7.748380303382873535e-02,-5.254380777478218079e-02,3.151224851608276367e-01,2.235415458679199219e+00,-4.159986674785614014e-01,2.737050056457519531e-01,-1.738259382545948029e-02,5.581031441688537598e-01,3.449999988079071045e-01,-2.254314571619033813e-01,-2.380677461624145508e-01,-4.151645004749298096e-01,-2.030391395092010498e-01,1.367631554603576660e+00,-7.282122224569320679e-02,-2.519950866699218750e-01
2.481714636087417603e-01,7.666316032409667969e-01,4.816504120826721191e-01,-4.393686354160308838e-02,5.279579013586044312e-02,-1.558618545532226562e-01,-9.853878617286682129e-01,4.051366150379180908e-01,-8.225727081298828125e-02,-1.153051137924194336e+00,-6.954791545867919922e-01,3.726360201835632324e-01,-2.277880460023880005e-01,3.393194973468780518e-01,-2.406629323959350586e-01,-1.400832682847976685e-01,2.309734821319580078e+00,-3.324134051799774170e-01,2.076506912708282471e-01,-9.969199448823928833e-02,3.917934298515319824e-01,3.449999988079071045e-01,-2.378777712583541870e-01,-4.511057436466217041e-01,-5.059510469436645508e-01,-9.550186246633529663e-02,1.717236876487731934e+00,-1.548499912023544312e-01,-2.561373710632324219e-01
2.588154971599578857e-01,8.071624636650085449e-01,4.721726775169372559e-01,-6.685821712017059326e-02,5.672058090567588806e-02,-8.909130096435546875e-02,-9.921569824218750000e-01,5.137174725532531738e-01,-3.450340032577514648e-02,-1.079133749008178711e+00,-5.967878103256225586e-01,2.291965931653976440e-01,-2.016615867614746094e-01,1.034844994544982910e+00,-4.822915792465209961e-01,-8.630567789077758789e-01,2.192010641098022461e+00,-2.200621813535690308e-01,1.503094285726547241e-01,-3.342100977897644043e-02,3.386308550834655762e-01,3.449999988079071045e-01,-2.018132805824279785e-01,-6.735351681709289551e-01,-3.993480205535888672e-01,6.511430442333221436e-02,1.929926514625549316e+00,-1.488596796989440918e-01,-1.900345832109451294e-01
2.521854937076568604e-01,8.489263057708740234e-01,4.650309681892395020e-01,-8.222375065088272095e-02,5.920552089810371399e-02,-7.736788690090179443e-02,-9.918407797813415527e-01,5.295283198356628418e-01,-1.139758713543415070e-02,-9.612674713134765625e-01,-5.996816158294677734e-01,1.417845785617828369e-01,-3.074392974376678467e-01,1.220000028610229492e+00,-5.116510391235351562e-01,-1.097025513648986816e+00,2.167195558547973633e+00,-1.581493616104125977e-01,4.727075248956680298e-02,3.970163315534591675e-02,2.152679264545440674e-01,3.449999988079071045e-01,-7.812923938035964966e-02,-8.413167595863342285e-01,-2.785802185535430908e-01,3.380259871482849121e-02,1.941026926040649414e+00,-8.229130506515502930e-02,-9.973470121622085571e-02
2.656225264072418213e-01,8.857627511024475098e-01,4.585280716419219971e-01,-1.141176000237464905e-01,6.483309715986251831e-02,-1.040386781096458435e-01,-9.858751296997070312e-01,4.222327768802642822e-01,9.369841776788234711e-03,-8.519248962402343750e-01,-7.062001228332519531e-01,1.634961515665054321e-01,-4.588416516780853271e-01,1.220000028610229492e+00,-3.421475887298583984e-01,-1.111947655677795410e+00,2.234704732894897461e+00,-1.827648133039474487e-01,-1.076934561133384705e-01,7.984205335378646851e-02,3.499214947223663330e-01,5.782964453101158142e-02,5.935602635145187378e-02,-8.850013017654418945e-01,-1.540423482656478882e-01,-5.118655413389205933e-02,1.772791504859924316e+00,-8.226498961448669434e-02,2.826398424804210663e-02
2.821523249149322510e-01,9.182757139205932617e-01,4.486405551433563232e-01,-1.393667012453079224e-01,8.697320520877838135e-02,-1.485400795936584473e-01,-9.751658439636230469e-01,2.628626525402069092e-01,4.042953252792358398e-02,-7.397698760032653809e-01,-8.119124770164489746e-01,2.935739159584045410e-01,-6.685466170310974121e-01,1.220000028610229492e+00,-6.176215037703514099e-02,-1.076666831970214844e+00,2.301845312118530273e+00,-2.249050885438919067e-01,-2.460032552480697632e-01,6.578424572944641113e-02,5.841840505599975586e-01,-1.683287322521209717e-01,1.494922637939453125e-01,-8.296603560447692871e-01,-2.177436649799346924e-02,-1.134810969233512878e-01,1.495607495307922363e+00,-6.162775307893753052e-02,1.835078895092010498e-01
2.980834245681762695e-01,9.529043436050415039e-01,4.413624107837677002e-01,-1.077363714575767517e-01,1.062534078955650330e-01,-1.799424886703491211e-01,-9.719690084457397461e-01,1.139022335410118103e-01,2.156984433531761169e-02,-7.352381348609924316e-01,-7.703376412391662598e-01,5.395105481147766113e-01,-9.115763902664184570e-01,5.124131441116333008e-01,3.870561718940734863e-01,-3.513097167015075684e-01,2.275673389434814453e+00,-2.516164481639862061e-01,-2.577072978019714355e-01,3.101019188761711121e-02,7.852567434310913086e-01,-2.854731082916259766e-01,1.833223402500152588e-01,-7.154457569122314453e-01,9.818065166473388672e-02,-2.560421228408813477e-01,1.138064146041870117e+00,5.776382982730865479e-02,2.745388448238372803e-01
3.166714012622833252e-01,9.816979765892028809e-01,4.304535984992980957e-01,-1.121141687035560608e-01,8.947472274303436279e-02,-1.722184270620346069e-01,-9.745591282844543457e-01,7.897854596376419067e-02,-3.978272154927253723e-02,-6.992254853248596191e-01,-6.946898698806762695e-01,5.979166030883789062e-01,-1.130257368087768555e+00,4.193730354309082031e-01,5.484920144081115723e-01,-3.360986709594726562e-01,2.094086408615112305e+00,-2.720527350902557373e-01,-3.186887502670288086e-01,7.821808010339736938e-02,8.666943907737731934e-01,-3.641015291213989258e-01,2.143229246139526367e-01,-6.626912355422973633e-01,2.121709287166595459e-01,-2.952999472618103027e-01,8.305016160011291504e-01,2.083299607038497925e-01,3.353011310100555420e-01
3.404881060123443604e-01,1.006745576858520508e+00,4.205272495746612549e-01,-1.276022791862487793e-01,6.694176048040390015e-02,-1.672592461109161377e-01,-9.753260016441345215e-01,4.569094255566596985e-02,-9.494105726480484009e-02,-6.934416890144348145e-01,-6.321938633918762207e-01,6.423731446266174316e-01,-1.317025780677795410e+00,3.858839571475982666e-01,6.033401489257812500e-01,-4.456016421318054199e-01,1.891990303993225098e+00,-2.439541369676589966e-01,-3.966983854770660400e-01,1.147896498441696167e-01,8.653721809387207031e-01,-4.357366859912872314e-01,2.489335238933563232e-01,-6.071921586990356445e-01,2.638548910617828369e-01,-3.860259354114532471e-01,6.246857643127441406e-01,3.180299103260040283e-01,3.449999988079071045e-01
3.678714036941528320e-01,1.040855169296264648e+00,4.163454174995422363e-01,-1.164703890681266785e-01,4.953733086585998535e-02,-1.564542651176452637e-01,-9.795421361923217773e-01,2.044465765357017517e-02,-1.362412124872207642e-01,-7.364269495010375977e-01,-5.578837990760803223e-01,7.257924675941467285e-01,-1.469782710075378418e+00,2.780875265598297119e-01,5.885956287384033203e-01,-4.825554788112640381e-01,1.648236751556396484e+00,-1.853632777929306030e-01,-4.000000059604644775e-01,1.584258824586868286e-01,8.511567115783691406e-01,-4.807563424110412598e-01,2.270596772432327271e-01,-5.345689654350280762e-01,2.659803032875061035e-01,-5.276019573211669922e-01,5.754938721656799316e-01,3.449999988079071045e-01,3.449999988079071045e-01
3.798393607139587402e-01,1.079724073410034180e+00,4.183210730552673340e-01,-9.663849323987960815e-02,3.485685586929321289e-02,-1.694169044494628906e-01,-9.801754355430603027e-01,-1.999212242662906647e-02,-1.715728193521499634e-01,-9.401198029518127441e-01,-5.152878165245056152e-01,9.403195977210998535e-01,-1.580486536026000977e+00,8.914601989090442657e-03,5.522603988647460938e-01,-4.191693663597106934e-01,1.323091268539428711e+00,-1.542255431413650513e-01,-4.000000059604644775e-01,2.007120400667190552e-01,8.396723270416259766e-01,-4.674901366233825684e-01,1.657550036907196045e-01,-5.175272226333618164e-01,2.530030012130737305e-01,-4.691667854785919189e-01,5.746363997459411621e-01,3.449999988079071045e-01,2.419758439064025879e-01
3.691186606884002686e-01,1.097300171852111816e+00,4.171211421489715576e-01,-8.629172295331954956e-02,3.403258323669433594e-02,-1.964220404624938965e-01,-9.761218428611755371e-01,-9.224763512611389160e-02,-1.793257445096969604e-01,-1.263341784477233887e+00,-5.573180913925170898e-01,1.244893670082092285e+00,-1.636167526245117188e+00,-3.379948139190673828e-01,5.136328935623168945e-01,-3.103350102901458740e-01,9.575896263122558594e-01,-1.402829587459564209e-01,-4.000000059604644775e-01,2.395849525928497314e-01,8.323733806610107422e-01,-4.116643667221069336e-01,1.145363599061965942e-01,-5.214926004409790039e-01,2.571066617965698242e-01,-4.100095033645629883e-01,4.897273778915405273e-01,3.240945637226104736e-01,3.331464156508445740e-02
3.755000829696655273e-01,1.114168524742126465e+00,4.179189205169677734e-01,-7.929784804582595825e-02,3.859146311879158020e-02,-2.292227894067764282e-01,-9.693706631660461426e-01,-1.667963564395904541e-01,-1.649401187896728516e-01,-1.505018115043640137e+00,-6.500704884529113770e-01,1.469988226890563965e+00,-1.662133812904357910e+00,-4.980528354644775391e-01,4.587632715702056885e-01,-1.979376673698425293e-01,7.643989324569702148e-01,-6.069369241595268250e-02,-4.000000059604644775e-01,2.376466691493988037e-01,8.009611368179321289e-01,-3.851515948772430420e-01,9.403833746910095215e-02,-5.127599239349365234e-01,2.148192226886749268e-01,-4.621422290802001953e-01,5.169183015823364258e-01,1.662753522396087646e-01,-6.939154118299484253e-02
3.881077170372009277e-01,1.129040479660034180e+00,4.202854633331298828e-01,-7.578527182340621948e-02,3.607868403196334839e-02,-2.695869207382202148e-01,-9.593111276626586914e-01,-2.333667576313018799e-01,-1.650227308273315430e-01,-1.648918628692626953e+00,-7.378923892974853516e-01,1.587953686714172363e+00,-1.720854401588439941e+00,-4.812826514244079590e-01,4.156771004199981689e-01,-5.424249172210693359e-02,8.679633736610412598e-01,3.291032835841178894e-02,-4.000000059604644775e-01,2.015578001737594604e-01,7.371774911880493164e-01,-3.598255217075347900e-01,9.307059645652770996e-02,-5.117508172988891602e-01,1.592439413070678711e-01,-5.099350810050964355e-01,5.688567757606506348e-01,2.524502202868461609e-02,-1.249963492155075073e-01
3.985440135002136230e-01,1.143149137496948242e+00,4.251352250576019287e-01,-7.483709603548049927e-02,3.229383006691932678e-02,-3.221129775047302246e-01,-9.431859254837036133e-01,-2.940892875194549561e-01,-1.730919331312179565e-01,-1.715868711471557617e+00,-7.596816420555114746e-01,1.605699181556701660e+00,-1.859976291656494141e+00,-4.183398783206939697e-01,3.603647351264953613e-01,2.826213464140892029e-02,1.137889981269836426e+00,1.396506279706954956e-01,-4.000000059604644775e-01,1.338906288146972656e-01,6.376230716705322266e-01,-3.113152980804443359e-01,1.053110510110855103e-01,-5.143740773200988770e-01,8.876761049032211304e-02,-5.402876138687133789e-01,6.225536465644836426e-01,-6.068101525306701660e-02,-1.343392878770828247e-01
4.057323932647705078e-01,1.155015349388122559e+00,4.319091439247131348e-01,-7.970099151134490967e-02,2.147636003792285919e-02,-3.774939775466918945e-01,-9.223257899284362793e-01,-3.257437348365783691e-01,-2.129570692777633667e-01,-1.663303852081298828e+00,-6.603525280952453613e-01,1.500481247901916504e+00,-2.044973373413085938e+00,-3.478570878505706787e-01,2.922135293483734131e-01,2.114371769130229950e-02,1.486095070838928223e+00,2.383750230073928833e-01,-4.000000059604644775e-01,5.979499220848083496e-02,5.147456526756286621e-01,-2.317692637443542480e-01,1.104449108242988586e-01,-5.095681548118591309e-01,2.605766523629426956e-03,-5.755388140678405762e-01,6.434504985809326172e-01,-1.042343378067016602e-01,-1.289366036653518677e-01
4.091476202011108398e-01,1.164359092712402344e+00,4.391597509384155273e-01,-8.764791488647460938e-02,7.317062932997941971e-03,-4.299177527427673340e-01,-8.985738754272460938e-01,-3.141649365425109863e-01,-2.881969213485717773e-01,-1.398062586784362793e+00,-4.684169888496398926e-01,1.197100758552551270e+00,-2.192759990692138672e+00,-2.086152285337448120e-01,2.792418897151947021e-01,-1.135208010673522949e-01,1.861104011535644531e+00,3.110554218292236328e-01,-3.999149799346923828e-01,-5.394331645220518112e-03,4.045962691307067871e-01,-1.289125382900238037e-01,1.089800447225570679e-01,-4.984676241874694824e-01,-7.774372398853302002e-02,-5.972794890403747559e-01,6.345970034599304199e-01,-1.167712211608886719e-01,-1.288119703531265259e-01
4.085834324359893799e-01,1.175550460815429688e+00,4.480986595153808594e-01,-8.037640154361724854e-02,9.469559881836175919e-04,-5.076364278793334961e-01,-8.578134775161743164e-01,-3.346037864685058594e-01,-3.463262617588043213e-01,-9.534906148910522461e-01,-3.841099739074707031e-01,7.279953360557556152e-01,-2.228297948837280273e+00,7.854006439447402954e-02,4.029276669025421143e-01,-3.947164118289947510e-01,2.154584884643554688e+00,3.492685556411743164e-01,-3.449961245059967041e-01,-7.567335665225982666e-02,3.540841639041900635e-01,-3.120356611907482147e-02,9.968056529760360718e-02,-4.699462950229644775e-01,-1.480628848075866699e-01,-6.479660272598266602e-01,6.151699423789978027e-01,-1.027087941765785217e-01,-1.186275631189346313e-01
4.103375673294067383e-01,1.186643362045288086e+00,4.589519202709197998e-01,-6.412251293659210205e-02,5.651572719216346741e-03,-6.126666665077209473e-01,-7.877156138420104980e-01,-3.903263807296752930e-01,-3.490000069141387939e-01,-5.204558372497558594e-01,-4.408370256423950195e-01,2.311896383762359619e-01,-2.151611328125000000e+00,2.916729152202606201e-01,6.230243444442749023e-01,-6.616670489311218262e-01,2.330507755279541016e+00,3.562722206115722656e-01,-2.072293013334274292e-01,-1.358217895030975342e-01,3.436285257339477539e-01,4.780996218323707581e-02,6.576008349657058716e-02,-4.058057367801666260e-01,-2.068410068750381470e-01,-7.368819117546081543e-01,5.866674780845642090e-01,-8.065815269947052002e-02,-8.858912438154220581e-02
4.114944040775299072e-01,1.195318579673767090e+00,4.682765603065490723e-01,-4.966242238879203796e-02,2.041915577137842774e-04,-7.066109180450439453e-01,-7.058573961257934570e-01,-4.058915972709655762e-01,-3.490000069141387939e-01,-2.660034000873565674e-01,-5.216609239578247070e-01,-1.440195143222808838e-01,-1.986209392547607422e+00,3.096441328525543213e-01,7.690681219100952148e-01,-8.187946677207946777e-01,2.391901969909667969e+00,3.047131299972534180e-01,-8.283963054418563843e-02,-1.302744448184967041e-01,3.499868810176849365e-01,1.077627688646316528e-01,3.333436325192451477e-02,-3.601891696453094482e-01,-2.522675395011901855e-01,-7.905744910240173340e-01,5.577822923660278320e-01,-5.736765265464782715e-02,-5.769849941134452820e-02
4.151672720909118652e-01,1.201846718788146973e+00,4.758039116859436035e-01,-3.738234192132949829e-02,-9.920781478285789490e-03,-7.887510657310485840e-01,-6.134948134422302246e-01,-3.963689804077148438e-01,-3.490000069141387939e-01,-1.727567464113235474e-01,-5.809105038642883301e-01,-3.314296901226043701e-01,-1.773023843765258789e+00,2.088212966918945312e-01,8.579645752906799316e-01,-8.987302780151367188e-01,2.364902496337890625e+00,2.225717008113861084e-01,2.679531648755073547e-02,-8.311750739812850952e-02,3.554824590682983398e-01,1.669607758522033691e-01,1.607756502926349640e-02,-3.330666720867156982e-01,-2.782754600048065186e-01,-7.981833219528198242e-01,5.360776782035827637e-01,-4.230309650301933289e-02,-4.404490441083908081e-02
4.222165346145629883e-01,1.206687092781066895e+00,4.821115732192993164e-01,-2.915903553366661072e-02,-1.997913233935832977e-02,-8.576291799545288086e-01,-5.130524039268493652e-01,-3.714177906513214111e-01,-3.485123217105865479e-01,-1.538786441087722778e-01,-6.028642058372497559e-01,-4.277087152004241943e-01,-1.556998610496520996e+00,7.819212228059768677e-02,8.943188786506652832e-01,-9.468604922294616699e-01,2.281150102615356445e+00,1.222002059221267700e-01,1.257856041193008423e-01,3.801826853305101395e-03,3.582531511783599854e-01,2.051616609096527100e-01,5.748521070927381516e-03,-3.125857114791870117e-01,-2.870779633522033691e-01,-7.576933503150939941e-01,5.145487785339355469e-01,-2.795143984258174896e-02,-3.397037833929061890e-02
4.324322044849395752e-01,1.211443901062011719e+00,4.864257574081420898e-01,-2.187566459178924561e-02,-2.539472095668315887e-02,-9.116860032081604004e-01,-4.095182418823242188e-01,-3.253025114536285400e-01,-3.258022069931030273e-01,-2.241488993167877197e-01,-5.725408792495727539e-01,-4.295863807201385498e-01,-1.307894825935363770e+00,-4.329220578074455261e-02,8.829009532928466797e-01,-9.533016681671142578e-01,2.119329452514648438e+00,1.533566415309906006e-02,2.179601490497589111e-01,1.317088454961776733e-01,3.527438640594482422e-01,2.219823002815246582e-01,-7.910019718110561371e-03,-2.953207492828369141e-01,-2.677811980247497559e-01,-6.861621737480163574e-01,4.897438585758209229e-01,-2.250274084508419037e-02,-3.043014556169509888e-02
4.432177543640136719e-01,1.219047427177429199e+00,4.884012639522552490e-01,-1.823529414832592010e-02,-2.607927098870277405e-02,-9.527242183685302734e-01,-3.021653890609741211e-01,-2.701129615306854248e-01,-2.953234612941741943e-01,-3.609764873981475830e-01,-5.305559039115905762e-01,-3.496913611888885498e-01,-1.075468301773071289e+00,-1.366094499826431274e-01,8.396134376525878906e-01,-9.420991539955139160e-01,1.906149387359619141e+00,-7.361243665218353271e-02,2.857017219066619873e-01,2.744680345058441162e-01,3.301483690738677979e-01,2.297150492668151855e-01,-2.233591862022876740e-02,-2.680035233497619629e-01,-2.280806154012680054e-01,-6.094251871109008789e-01,4.679039716720581055e-01,-4.016517475247383118e-02,-3.456783294677734375e-02
4.500647485256195068e-01,1.227872014045715332e+00,4.890159964561462402e-01,-1.748813129961490631e-02,-2.510543726384639740e-02,-9.801185727119445801e-01,-1.960394084453582764e-01,-2.068792283535003662e-01,-2.620773613452911377e-01,-5.412833094596862793e-01,-4.913304448127746582e-01,-2.146195620298385620e-01,-8.524389863014221191e-01,-2.002965360879898071e-01,7.510124444961547852e-01,-9.351007938385009766e-01,1.621864080429077148e+00,-1.437104344367980957e-01,3.002948760986328125e-01,3.772848546504974365e-01,3.107764422893524170e-01,2.121801823377609253e-01,-3.499193489551544189e-02,-2.338735759258270264e-01,-1.733127236366271973e-01,-5.105336308479309082e-01,4.450358748435974121e-01,-7.471712678670883179e-02,-4.013726860284805298e-02
4.521199762821197510e-01,1.234251022338867188e+00,4.892031848430633545e-01,-1.824637688696384430e-02,-2.510629594326019287e-02,-9.948785305023193359e-01,-9.619481116533279419e-02,-1.367355734109878540e-01,-2.324269860982894897e-01,-7.745040059089660645e-01,-4.872604608535766602e-01,-1.431182399392127991e-02,-6.517606973648071289e-01,-1.873902082443237305e-01,6.275215744972229004e-01,-9.040749669075012207e-01,1.270429611206054688e+00,-2.036212980747222900e-01,2.614513933658599854e-01,3.967896699905395508e-01,3.299115002155303955e-01,1.509586423635482788e-01,-3.549719229340553284e-02,-1.924245655536651611e-01,-1.148065105080604553e-01,-3.928132355213165283e-01,4.129918515682220459e-01,-1.200630441308021545e-01,-4.697487503290176392e-02
4.527830779552459717e-01,1.237999081611633301e+00,4.881824254989624023e-01,-2.095980383455753326e-02,-2.377316541969776154e-02,-9.994975924491882324e-01,3.405342868063598871e-04,-8.006638288497924805e-02,-1.999533325433731079e-01,-1.011178731918334961e+00,-5.198748111724853516e-01,1.777472496032714844e-01,-4.849429726600646973e-01,-1.014070510864257812e-01,5.719654560089111328e-01,-7.753983139991760254e-01,1.013616442680358887e+00,-2.553143799304962158e-01,2.133823037147521973e-01,3.692372441291809082e-01,3.993480801582336426e-01,6.941460072994232178e-02,-2.257088199257850647e-02,-1.444754302501678467e-01,-6.907707452774047852e-02,-3.202730119228363037e-01,3.856207728385925293e-01,-1.705378293991088867e-01,-5.096396058797836304e-02
4.537341296672821045e-01,1.237478017807006836e+00,4.862883687019348145e-01,-3.536537289619445801e-02,-2.390588633716106415e-02,-9.944652318954467773e-01,9.600392729043960571e-02,-2.057104744017124176e-02,-1.335283219814300537e-01,-1.309218406677246094e+00,-5.305837392807006836e-01,1.371013224124908447e-01,-1.727127730846405029e-01,-1.631814390420913696e-01,5.198749899864196777e-01,-7.804638743400573730e-01,5.972366929054260254e-01,-2.697708010673522949e-01,1.626601517200469971e-01,3.327144384384155273e-01,4.909695684909820557e-01,-3.657929226756095886e-02,9.072929620742797852e-03,-9.023324400186538696e-02,-4.824397340416908264e-02,-2.952398359775543213e-01,3.971845507621765137e-01,-2.264048606157302856e-01,-3.386496752500534058e-02
4.585195779800415039e-01,1.239253044128417969e+00,4.850569367408752441e-01,-2.953458204865455627e-02,-2.343801595270633698e-02,-9.841632246971130371e-01,1.732084453105926514e-01,4.809550940990447998e-02,-1.128517836332321167e-01,-1.331748604774475098e+00,-6.276130676269531250e-01,4.749350547790527344e-01,-2.920596897602081299e-01,-2.712825238704681396e-01,5.390225052833557129e-01,-5.556796193122863770e-01,7.277642488479614258e-01,-3.072209954261779785e-01,1.273890435695648193e-01,3.091743886470794678e-01,5.672339200973510742e-01,-1.127087026834487915e-01,5.918271467089653015e-02,-9.608504176139831543e-02,-2.856455929577350616e-02,-2.852455079555511475e-01,4.046913981437683105e-01,-2.749449014663696289e-01,-3.504968434572219849e-02
4.616088271141052246e-01,1.240412235260009766e+00,4.835102558135986328e-01,-2.543731406331062317e-02,-1.883302628993988037e-02,-9.731010198593139648e-01,2.281943112611770630e-01,1.441856771707534790e-01,-9.615912288427352905e-02,-1.407223105430603027e+00,-6.504188179969787598e-01,6.215296983718872070e-01,-2.952098250389099121e-01,-4.643903970718383789e-01,6.006922125816345215e-01,-3.800710439682006836e-01,6.978918910026550293e-01,-3.158601820468902588e-01,1.216818913817405701e-01,3.138908147811889648e-01,6.421632766723632812e-01,-1.732340604066848755e-01,8.610343933105468750e-02,-9.658298641443252563e-02,-1.505812746472656727e-03,-2.848397493362426758e-01,3.998248279094696045e-01,-3.415922522544860840e-01,-4.394675791263580322e-02
4.638757109642028809e-01,1.244708776473999023e+00,4.824177026748657227e-01,-1.376692485064268112e-02,-1.539567671716213226e-02,-9.611669778823852539e-01,2.751936316490173340e-01,2.422375231981277466e-01,-9.688378125429153442e-02,-1.466850519180297852e+00,-6.589018702507019043e-01,7.185893058776855469e-01,-2.968175709247589111e-01,-6.100949645042419434e-01,6.904972195625305176e-01,-1.298393011093139648e-01,6.911320686340332031e-01,-3.177190124988555908e-01,1.437822729349136353e-01,3.601177632808685303e-01,6.885537505149841309e-01,-2.037843465805053711e-01,9.974883496761322021e-02,-1.090473085641860962e-01,1.641839183866977692e-02,-3.257657289505004883e-01,3.800703287124633789e-01,-4.156350791454315186e-01,-6.676685810089111328e-02
4.664555788040161133e-01,1.249842047691345215e+00,4.820802509784698486e-01,-3.059443843085318804e-04,-1.212719362229108810e-02,-9.469692707061767578e-01,3.210950791835784912e-01,3.254358470439910889e-01,-1.024414226412773132e-01,-1.490028619766235352e+00,-6.550035476684570312e-01,8.092594146728515625e-01,-3.479482829570770264e-01,-7.222750186920166016e-01,7.833294868469238281e-01,1.020958945155143738e-01,7.124092578887939453e-01,-3.081032335758209229e-01,1.925112307071685791e-01,4.508480429649353027e-01,7.056761980056762695e-01,-2.331110388040542603e-01,1.239482238888740540e-01,-1.301791071891784668e-01,2.312129922211170197e-02,-3.938879668712615967e-01,3.668584823608398438e-01,-4.655278325080871582e-01,-8.911161869764328003e-02
4.691209495067596436e-01,1.254909753799438477e+00,4.821794629096984863e-01,1.254740543663501740e-02,-7.331730332225561142e-03,-9.300770163536071777e-01,3.670769929885864258e-01,3.877223134040832520e-01,-1.132824942469596863e-01,-1.481917262077331543e+00,-6.333174705505371094e-01,8.886486887931823730e-01,-4.604228138923645020e-01,-7.991479039192199707e-01,8.583315610885620117e-01,3.047657012939453125e-01,7.628483772277832031e-01,-2.965595126152038574e-01,2.377034872770309448e-01,5.347127318382263184e-01,7.083460092544555664e-01,-2.571743726730346680e-01,1.483634710311889648e-01,-1.544796526432037354e-01,2.434436604380607605e-02,-4.774192273616790771e-01,3.600490391254425049e-01,-4.895623922348022461e-01,-1.123331859707832336e-01
4.706649780273437500e-01,1.258195757865905762e+00,4.819203317165374756e-01,2.664993703365325928e-02,-1.048467471264302731e-03,-9.112833142280578613e-01,4.109153151512145996e-01,4.339309036731719971e-01,-1.282794326543807983e-01,-1.457845807075500488e+00,-5.850810408592224121e-01,9.409161806106567383e-01,-6.262242197990417480e-01,-8.702868223190307617e-01,9.121398329734802246e-01,4.923838376998901367e-01,8.439294695854187012e-01,-2.988922297954559326e-01,2.531305849552154541e-01,5.789049267768859863e-01,6.999992728233337402e-01,-2.683142125606536865e-01,1.481050550937652588e-01,-1.842032819986343384e-01,2.533102221786975861e-02,-5.499607920646667480e-01,3.577917814254760742e-01,-5.013955831527709961e-01,-1.482711583375930786e-01
4.706740677356719971e-01,1.258941888809204102e+00,4.811107218265533447e-01,3.701627254486083984e-02,5.208658985793590546e-03,-8.885952234268188477e-01,4.571665227413177490e-01,4.577415585517883301e-01,-1.478473395109176636e-01,-1.411032199859619141e+00,-5.352900028228759766e-01,9.424706101417541504e-01,-8.064756989479064941e-01,-9.304077625274658203e-01,9.458748102188110352e-01,6.487614512443542480e-01,9.463160037994384766e-01,-3.073235750198364258e-01,2.455218285322189331e-01,5.839333534240722656e-01,6.792768836021423340e-01,-2.684736251831054688e-01,1.143194884061813354e-01,-2.072631865739822388e-01,2.535187266767024994e-02,-6.129211187362670898e-01,3.631042242050170898e-01,-5.111523270606994629e-01,-1.888581812381744385e-01
4.696148931980133057e-01,1.257108569145202637e+00,4.804009497165679932e-01,4.234685376286506653e-02,9.149538353085517883e-03,-8.603848218917846680e-01,5.078001022338867188e-01,4.613237380981445312e-01,-1.608047634363174438e-01,-1.313861846923828125e+00,-4.966376423835754395e-01,8.804240226745605469e-01,-9.850667119026184082e-01,-9.889491200447082520e-01,9.474567770957946777e-01,7.965506911277770996e-01,1.061801433563232422e+00,-3.163708150386810303e-01,2.174849361181259155e-01,5.514816641807556152e-01,6.527852416038513184e-01,-2.780893146991729736e-01,7.321780920028686523e-02,-2.180592417716979980e-01,2.104648947715759277e-02,-6.767425537109375000e-01,3.763793110847473145e-01,-5.284858942031860352e-01,-2.281623035669326782e-01
4.683762788772583008e-01,1.253493547439575195e+00,4.797285795211791992e-01,4.507991299033164978e-02,1.010436285287141800e-02,-8.242360949516296387e-01,5.643585324287414551e-01,4.517739713191986084e-01,-1.585849821567535400e-01,-1.161476492881774902e+00,-4.767556786537170410e-01,7.619839310646057129e-01,-1.139847517013549805e+00,-1.058840870857238770e+00,9.221388101577758789e-01,9.401089549064636230e-01,1.187630176544189453e+00,-3.223842382431030273e-01,1.935174316167831421e-01,5.208063721656799316e-01,6.417083144187927246e-01,-2.943512499332427979e-01,6.618645042181015015e-02,-2.197454720735549927e-01,9.367925114929676056e-03,-7.464051246643066406e-01,3.955626189708709717e-01,-5.501525402069091797e-01,-2.621437609195709229e-01
4.669827818870544434e-01,1.248942613601684570e+00,4.781881570816040039e-01,4.925582930445671082e-02,1.153059583157300949e-02,-7.822737693786621094e-01,6.208773255348205566e-01,4.420290291309356689e-01,-1.554456353187561035e-01,-9.585505723953247070e-01,-4.908633828163146973e-01,5.823879837989807129e-01,-1.263825893402099609e+00,-1.144654154777526855e+00,8.933400511741638184e-01,1.070115089416503906e+00,1.325868368148803711e+00,-3.312381207942962646e-01,1.814181208610534668e-01,5.013151168823242188e-01,6.523432135581970215e-01,-3.111496269702911377e-01,8.669456094503402710e-02,-2.272954285144805908e-01,-1.473388262093067169e-02,-8.284462094306945801e-01,4.312713444232940674e-01,-5.709278583526611328e-01,-2.891081273555755615e-01
4.650511145591735840e-01,1.241388678550720215e+00,4.749151170253753662e-01,5.435027927160263062e-02,1.442536804825067520e-02,-7.405289411544799805e-01,6.696677207946777344e-01,4.370779097080230713e-01,-1.577092707157135010e-01,-7.375019788742065430e-01,-5.491904616355895996e-01,3.745246529579162598e-01,-1.352525115013122559e+00,-1.245121836662292480e+00,8.728626370429992676e-01,1.191515922546386719e+00,1.471431612968444824e+00,-3.385480642318725586e-01,1.548120826482772827e-01,4.425709545612335205e-01,6.630624532699584961e-01,-3.167385160923004150e-01,8.572000265121459961e-02,-2.355105429887771606e-01,-5.235804617404937744e-02,-9.015096426010131836e-01,4.879121184349060059e-01,-5.942349433898925781e-01,-3.102048337459564209e-01
4.699471890926361084e-01,1.229785561561584473e+00,4.708839058876037598e-01,5.725019425153732300e-02,1.864208467304706573e-02,-7.014384269714355469e-01,7.101823687553405762e-01,4.341119825839996338e-01,-1.643145978450775146e-01,-5.253285169601440430e-01,-6.478292942047119141e-01,1.635488271713256836e-01,-1.407206892967224121e+00,-1.347071170806884766e+00,8.662719130516052246e-01,1.295808434486389160e+00,1.616486549377441406e+00,-3.339235484600067139e-01,1.035078912973403931e-01,3.527743220329284668e-01,6.468945145606994629e-01,-3.485107719898223877e-01,8.853052556514739990e-02,-2.444572597742080688e-01,-1.214440688490867615e-01,-9.398329257965087891e-01,5.901030898094177246e-01,-6.114649176597595215e-01,-3.118432462215423584e-01
4.878748953342437744e-01,1.212415695190429688e+00,4.651705026626586914e-01,5.244467407464981079e-02,2.904335409402847290e-02,-6.614520549774169922e-01,7.475876212120056152e-01,4.299781024456024170e-01,-1.832296550273895264e-01,-3.836336433887481689e-01,-7.615417838096618652e-01,5.987757816910743713e-03,-1.414581537246704102e+00,-1.409925341606140137e+00,8.798048496246337891e-01,1.349810123443603516e+00,1.752569675445556641e+00,-3.359680175781250000e-01,6.241623312234878540e-02,2.491557449102401733e-01,6.431660652160644531e-01,-4.310877621173858643e-01,1.215936169028282166e-01,-2.650422453880310059e-01,-2.213451713323593140e-01,-8.877038955688476562e-01,7.648327946662902832e-01,-5.857439637184143066e-01,-2.648822069168090820e-01
5.164914727210998535e-01,1.193779230117797852e+00,4.521268904209136963e-01,4.559494554996490479e-02,2.810013666749000549e-02,-6.147540211677551270e-01,7.868983149528503418e-01,4.173090159893035889e-01,-1.974861323833465576e-01,-2.679662406444549561e-01,-8.829476237297058105e-01,-1.251470297574996948e-01,-1.395682454109191895e+00,-1.415348052978515625e+00,8.913124203681945801e-01,1.390552043914794922e+00,1.886673331260681152e+00,-3.467746376991271973e-01,2.362341061234474182e-02,1.809141188859939575e-01,7.141252160072326660e-01,-5.271192193031311035e-01,1.711561977863311768e-01,-3.275911808013916016e-01,-3.443905711174011230e-01,-6.920651793479919434e-01,1.022766709327697754e+00,-5.183739662170410156e-01,-1.508063673973083496e-01
5.324482917785644531e-01,1.185881614685058594e+00,4.359829127788543701e-01,4.150807484984397888e-02,9.536719880998134613e-03,-5.680447816848754883e-01,8.218949437141418457e-01,3.894293904304504395e-01,-1.960570365190505981e-01,-2.010621279478073120e-01,-9.842725396156311035e-01,-2.033144086599349976e-01,-1.333323955535888672e+00,-1.349975347518920898e+00,8.955022692680358887e-01,1.418673515319824219e+00,1.992027521133422852e+00,-3.651671409606933594e-01,-1.005639880895614624e-02,1.367151886224746704e-01,8.279241919517517090e-01,-6.074396371841430664e-01,2.077310681343078613e-01,-4.231643974781036377e-01,-4.161222279071807861e-01,-4.639874696731567383e-01,1.283599495887756348e+00,-4.728675484657287598e-01,-7.586448639631271362e-02
5.341929197311401367e-01,1.181274294853210449e+00,4.234341382980346680e-01,4.024169594049453735e-02,-8.242301642894744873e-03,-5.266426801681518555e-01,8.490937352180480957e-01,3.380436003208160400e-01,-1.957825273275375366e-01,-1.712014377117156982e-01,-1.041900515556335449e+00,-2.297850996255874634e-01,-1.271390557289123535e+00,-1.235923290252685547e+00,8.812796473503112793e-01,1.410012722015380859e+00,2.049306392669677734e+00,-3.921026587486267090e-01,-3.285982832312583923e-02,8.028535544872283936e-02,9.293303489685058594e-01,-6.514034867286682129e-01,2.078386098146438599e-01,-5.140506625175476074e-01,-4.790177345275878906e-01,-3.051840066909790039e-01,1.511059045791625977e+00,-4.561762809753417969e-01,-7.879910618066787720e-02
5.297815203666687012e-01,1.174041628837585449e+00,4.143694639205932617e-01,4.461232572793960571e-02,-1.906362362205982208e-02,-4.912367761135101318e-01,8.696739077568054199e-01,2.658506631851196289e-01,-2.151948064565658569e-01,-1.474979370832443237e-01,-1.050404787063598633e+00,-2.230711430311203003e-01,-1.259745121002197266e+00,-1.107991814613342285e+00,8.433846235275268555e-01,1.350391745567321777e+00,2.068243980407714844e+00,-4.201018214225769043e-01,-4.167201742529869080e-02,3.544501215219497681e-02,9.965506792068481445e-01,-6.738673448562622070e-01,1.861908286809921265e-01,-6.275526285171508789e-01,-5.191901922225952148e-01,-1.576684564352035522e-01,1.698360323905944824e+00,-4.407366514205932617e-01,-8.700921386480331421e-02
5.210214853286743164e-01,1.160265207290649414e+00,4.116783738136291504e-01,5.013782903552055359e-02,-2.454270608723163605e-02,-4.669540226459503174e-01,8.825178742408752441e-01,1.697192192077636719e-01,-2.471567541360855103e-01,-1.151725426316261292e-01,-1.006507039070129395e+00,-1.957342624664306641e-01,-1.316572308540344238e+00,-9.852531552314758301e-01,7.846047282218933105e-01,1.246200203895568848e+00,2.061716079711914062e+00,-4.146546721458435059e-01,-2.701527997851371765e-02,-4.640638828277587891e-03,9.998677372932434082e-01,-6.816089749336242676e-01,1.435931473970413208e-01,-7.347556352615356445e-01,-5.326161980628967285e-01,-3.946528956294059753e-02,1.811613798141479492e+00,-4.282307624816894531e-01,-9.623959660530090332e-02
5.106437206268310547e-01,1.140633821487426758e+00,4.164844453334808350e-01,5.429907143115997314e-02,-3.140934929251670837e-02,-4.520394504070281982e-01,8.897895216941833496e-01,4.331784695386886597e-02,-2.765271961688995361e-01,-8.046771585941314697e-02,-9.119207859039306641e-01,-1.518826484680175781e-01,-1.414532065391540527e+00,-8.745059967041015625e-01,7.101471424102783203e-01,1.107479572296142578e+00,2.017857789993286133e+00,-3.455711901187896729e-01,4.572836216539144516e-03,-3.767688199877738953e-02,9.138531684875488281e-01,-6.575008630752563477e-01,9.071608632802963257e-02,-8.099862933158874512e-01,-5.488507747650146484e-01,4.454600811004638672e-02,1.838585138320922852e+00,-4.083506464958190918e-01,-9.284166991710662842e-02
4.988597333431243896e-01,1.117759227752685547e+00,4.277348816394805908e-01,5.671708285808563232e-02,-3.982003033161163330e-02,-4.431744515895843506e-01,8.937527537345886230e-01,-1.050833165645599365e-01,-2.949769794940948486e-01,-5.741621181368827820e-02,-7.778086066246032715e-01,-9.234765172004699707e-02,-1.534089326858520508e+00,-7.994230985641479492e-01,6.410941481590270996e-01,9.584169387817382812e-01,1.900366306304931641e+00,-2.113653719425201416e-01,5.014725401997566223e-02,-5.322365090250968933e-02,7.254747152328491211e-01,-5.740715861320495605e-01,4.126013070344924927e-02,-8.404364585876464844e-01,-5.630752444267272949e-01,9.073382616043090820e-02,1.772953987121582031e+00,-3.465008735656738281e-01,-6.984818726778030396e-02
4.862248599529266357e-01,1.095224499702453613e+00,4.405029118061065674e-01,5.354455858469009399e-02,-4.711657389998435974e-02,-4.320989251136779785e-01,8.990014195442199707e-01,-2.670893371105194092e-01,-2.967754006385803223e-01,-8.796133846044540405e-02,-6.065355539321899414e-01,9.826464578509330750e-03,-1.657169699668884277e+00,-7.754518985748291016e-01,5.915040373802185059e-01,8.247837424278259277e-01,1.679557204246520996e+00,-4.461130127310752869e-02,1.150967329740524292e-01,-3.676760941743850708e-02,4.731023311614990234e-01,-3.809073269367218018e-01,-1.402894221246242523e-02,-8.171210289001464844e-01,-5.804863572120666504e-01,9.109781682491302490e-02,1.632263779640197754e+00,-2.502883970737457275e-01,-4.484795406460762024e-02
4.746485352516174316e-01,1.075830101966857910e+00,4.497371912002563477e-01,4.613199084997177124e-02,-5.315779894590377808e-02,-4.216026067733764648e-01,9.040449857711791992e-01,-4.077048003673553467e-01,-2.931083440780639648e-01,-2.348257750272750854e-01,-4.306965768337249756e-01,2.035061120986938477e-01,-1.787207365036010742e+00,-8.668217658996582031e-01,5.867772102355957031e-01,7.795225381851196289e-01,1.335375666618347168e+00,8.542216569185256958e-02,1.808796525001525879e-01,1.051514782011508942e-02,2.850224971771240234e-01,-1.007765009999275208e-01,-8.617693930864334106e-02,-7.568048238754272461e-01,-5.872615575790405273e-01,7.705835998058319092e-02,1.441601872444152832e+00,-1.326377242803573608e-01,-2.161245420575141907e-02
4.633539021015167236e-01,1.059789061546325684e+00,4.586297869682312012e-01,4.641724377870559692e-02,-6.145086511969566345e-02,-4.089369177818298340e-01,9.093073010444641113e-01,-4.987074732780456543e-01,-2.984583973884582520e-01,-6.177028417587280273e-01,-3.281071186065673828e-01,6.182920336723327637e-01,-1.912153720855712891e+00,-1.079596042633056641e+00,6.603463888168334961e-01,8.151652216911315918e-01,8.630566000938415527e-01,1.388487815856933594e-01,2.106041908264160156e-01,6.379742175340652466e-02,2.075216472148895264e-01,1.730864942073822021e-01,-1.330530792474746704e-01,-6.653313636779785156e-01,-5.675113797187805176e-01,8.266302943229675293e-02,1.207951545715332031e+00,-2.036490291357040405e-02,1.530751585960388184e-02
4.486641287803649902e-01,1.040538072586059570e+00,4.652964472770690918e-01,7.114842534065246582e-02,-7.277069240808486938e-02,-3.997125327587127686e-01,9.109732508659362793e-01,-4.964056909084320068e-01,-3.134978413581848145e-01,-9.625158309936523438e-01,-2.598209083080291748e-01,9.493906497955322266e-01,-2.061892747879028320e+00,-1.316568851470947266e+00,7.556322216987609863e-01,7.165309190750122070e-01,4.274868071079254150e-01,1.052394583821296692e-01,1.809156090021133423e-01,1.152241751551628113e-01,2.694319486618041992e-01,3.112201690673828125e-01,-1.489303559064865112e-01,-5.827876329421997070e-01,-5.178091526031494141e-01,1.615006625652313232e-01,9.902269244194030762e-01,7.504328340291976929e-02,1.566507220268249512e-01
4.352009296417236328e-01,1.012810111045837402e+00,4.693128466606140137e-01,8.379094302654266357e-02,-8.095380663871765137e-02,-3.772292733192443848e-01,9.187620282173156738e-01,-4.790260195732116699e-01,-3.393730223178863525e-01,-1.310280203819274902e+00,-3.412946164608001709e-01,1.306993126869201660e+00,-2.121345281600952148e+00,-1.550013065338134766e+00,7.388104200363159180e-01,7.449956536293029785e-01,1.380564123392105103e-01,-2.296154620125889778e-03,1.328705698251724243e-01,1.273582875728607178e-02,4.885578453540802002e-01,2.878925204277038574e-01,-8.821648359298706055e-02,-4.502782523632049561e-01,-4.352639913558959961e-01,1.881579756736755371e-01,8.526309132575988770e-01,7.524174451828002930e-02,2.113849371671676636e-01
4.266729354858398438e-01,9.829655289649963379e-01,4.673477411270141602e-01,7.039211690425872803e-02,-7.535820454359054565e-02,-3.506345748901367188e-01,9.308176636695861816e-01,-4.540853798389434814e-01,-3.346929550170898438e-01,-1.596683740615844727e+00,-4.382880330085754395e-01,1.619378924369812012e+00,-2.128596067428588867e+00,-1.504786372184753418e+00,6.865771412849426270e-01,7.325030565261840820e-01,1.745922416448593140e-01,-1.660638749599456787e-01,8.398827165365219116e-02,-1.116371005773544312e-01,8.138918876647949219e-01,1.882292777299880981e-01,-5.961989983916282654e-02,-3.621433377265930176e-01,-3.510658740997314453e-01,9.087108075618743896e-02,8.442435264587402344e-01,-6.061742827296257019e-02,1.745928376913070679e-01
4.178507626056671143e-01,9.527840018272399902e-01,4.605569541454315186e-01,5.708364397287368774e-02,-5.873746052384376526e-02,-3.434788882732391357e-01,9.355819821357727051e-01,-3.481577932834625244e-01,-3.146699965000152588e-01,-1.657043337821960449e+00,-3.689981698989868164e-01,1.682803392410278320e+00,-2.167410612106323242e+00,-1.253965258598327637e+00,7.097809910774230957e-01,5.657761096954345703e-01,5.106417536735534668e-01,-3.441978096961975098e-01,3.183546289801597595e-02,-1.381468921899795532e-01,1.107307076454162598e+00,7.068051397800445557e-02,-5.149954184889793396e-02,-3.514181673526763916e-01,-2.588672637939453125e-01,1.106535177677869797e-02,8.851193189620971680e-01,-2.431357353925704956e-01,1.048125848174095154e-01
4.070171117782592773e-01,9.202531576156616211e-01,4.492952227592468262e-01,3.763460367918014526e-02,-3.427200019359588623e-02,-3.430762290954589844e-01,9.379273653030395508e-01,-1.795501112937927246e-01,-2.953902482986450195e-01,-1.641955375671386719e+00,-2.033786624670028687e-01,1.667458176612854004e+00,-2.171401500701904297e+00,-9.673841595649719238e-01,7.755785584449768066e-01,3.959931433200836182e-01,9.408443570137023926e-01,-5.315373539924621582e-01,-3.026438131928443909e-02,-1.444513350725173950e-01,1.335214734077453613e+00,-5.382755398750305176e-02,-6.022274866700172424e-02,-3.758646249771118164e-01,-1.302883476018905640e-01,-5.407295003533363342e-02,9.430207014083862305e-01,-4.010592401027679443e-01,2.264902554452419281e-02
3.941786885261535645e-01,8.849775195121765137e-01,4.359780251979827881e-01,8.019569329917430878e-03,-1.023556757718324661e-02,-3.400395810604095459e-01,9.403212070465087891e-01,9.395131841301918030e-03,-2.908049225807189941e-01,-1.618347764015197754e+00,-3.839553100988268852e-03,1.634435653686523438e+00,-2.102480411529541016e+00,-7.177661657333374023e-01,8.186818957328796387e-01,2.840081453323364258e-01,1.309176325798034668e+00,-6.985312104225158691e-01,-1.127595752477645874e-01,-1.485995948314666748e-01,1.474795579910278320e+00,-1.448488086462020874e-01,-9.199569374322891235e-02,-3.876069188117980957e-01,1.139222085475921631e-02,-1.637861281633377075e-01,9.863809943199157715e-01,-5.160095691680908203e-01,-6.284791231155395508e-02
3.809628784656524658e-01,8.477166891098022461e-01,4.243646860122680664e-01,-1.664607785642147064e-02,-1.554630114696919918e-03,-3.420377373695373535e-01,9.395374655723571777e-01,2.158990949392318726e-01,-2.871162891387939453e-01,-1.955669403076171875e+00,2.512281239032745361e-01,1.922527432441711426e+00,-1.990490794181823730e+00,-4.951168894767761230e-01,8.653784394264221191e-01,2.413972467184066772e-01,1.631351828575134277e+00,-8.165940046310424805e-01,-1.992432475090026855e-01,-8.899997919797897339e-02,1.504232406616210938e+00,-2.166338264942169189e-01,-1.313304901123046875e-01,-3.470873236656188965e-01,1.475132256746292114e-01,-2.499241828918457031e-01,9.793831706047058105e-01,-6.150166392326354980e-01,-1.440943181514739990e-01
3.650036752223968506e-01,8.116282224655151367e-01,4.155701994895935059e-01,-1.752648875117301941e-02,-4.519224166870117188e-03,-3.372692763805389404e-01,9.412342309951782227e-01,3.952657580375671387e-01,-2.772774696350097656e-01,-2.204874992370605469e+00,4.496393799781799316e-01,2.070017099380493164e+00,-1.799363017082214355e+00,-4.085777401924133301e-01,8.542233705520629883e-01,3.531382977962493896e-01,1.846454739570617676e+00,-9.077145457267761230e-01,-2.939951717853546143e-01,3.619132190942764282e-02,1.411559939384460449e+00,-2.444814741611480713e-01,-1.561240702867507935e-01,-2.982666194438934326e-01,2.449620813131332397e-01,-2.976918518543243408e-01,9.490277171134948730e-01,-6.876378655433654785e-01,-2.221819162368774414e-01
3.489109575748443604e-01,7.834995985031127930e-01,4.060390591621398926e-01,-2.288731001317501068e-02,-8.538627065718173981e-03,-3.292096853256225586e-01,9.439408183097839355e-01,5.428997874259948730e-01,-2.724181413650512695e-01,-2.299073696136474609e+00,5.389843583106994629e-01,2.033908605575561523e+00,-1.559756755828857422e+00,-4.640794396400451660e-01,8.174519538879394531e-01,5.664263963699340820e-01,1.970032334327697754e+00,-9.540187716484069824e-01,-3.578707575798034668e-01,1.699939817190170288e-01,1.242750167846679688e+00,-2.076980769634246826e-01,-1.643689125776290894e-01,-2.625998556613922119e-01,3.339385986328125000e-01,-3.552433848381042480e-01,9.194703102111816406e-01,-7.041311860084533691e-01,-2.718591392040252686e-01
3.359638154506683350e-01,7.618296146392822266e-01,3.975976407527923584e-01,-2.661283686757087708e-02,-1.488491799682378769e-02,-3.435148298740386963e-01,9.386520981788635254e-01,7.026314139366149902e-01,-2.642679214477539062e-01,-2.339570045471191406e+00,5.583164691925048828e-01,1.905480623245239258e+00,-1.250551700592041016e+00,-7.580059170722961426e-01,8.126749992370605469e-01,9.495744109153747559e-01,2.012979507446289062e+00,-9.217712283134460449e-01,-3.981143236160278320e-01,2.976217567920684814e-01,9.955203533172607422e-01,-7.783550769090652466e-02,-1.961553841829299927e-01,-2.172717601060867310e-01,4.000000059604644775e-01,-3.746720850467681885e-01,8.929349780082702637e-01,-6.721703410148620605e-01,-2.708126902580261230e-01
3.219595253467559814e-01,7.380909323692321777e-01,3.903279602527618408e-01,-1.003000140190124512e-02,-3.358683362603187561e-02,-3.858959972858428955e-01,9.218761324882507324e-01,8.489891290664672852e-01,-1.966069787740707397e-01,-2.390215396881103516e+00,5.452208518981933594e-01,1.747770905494689941e+00,-8.913219571113586426e-01,-1.121252536773681641e+00,9.170255064964294434e-01,1.395332574844360352e+00,2.026311397552490234e+00,-8.563251495361328125e-01,-4.000000059604644775e-01,4.329236149787902832e-01,7.883881330490112305e-01,9.701019525527954102e-02,-2.342217266559600830e-01,-1.486807912588119507e-01,4.000000059604644775e-01,-3.252775073051452637e-01,8.883306384086608887e-01,-6.104893088340759277e-01,-2.234036475419998169e-01
3.098021149635314941e-01,7.052725553512573242e-01,3.864335715770721436e-01,2.143160253763198853e-02,-4.917689412832260132e-02,-4.223407506942749023e-01,9.048483967781066895e-01,9.841843247413635254e-01,-1.045179218053817749e-01,-2.274994373321533203e+00,5.144971609115600586e-01,1.408626198768615723e+00,-5.215600728988647461e-01,-1.389362335205078125e+00,1.117735743522644043e+00,1.716425180435180664e+00,2.004316806793212891e+00,-8.327322602272033691e-01,-4.000000059604644775e-01,4.914805889129638672e-01,7.484937906265258789e-01,1.052465811371803284e-01,-1.650420129299163818e-01,-3.307405114173889160e-02,4.000000059604644775e-01,-2.481922507286071777e-01,8.047494888305664062e-01,-5.088115334510803223e-01,-1.732400357723236084e-01
3.042379021644592285e-01,6.749123930931091309e-01,3.837341666221618652e-01,4.782494157552719116e-02,-6.371031701564788818e-02,-4.371730387210845947e-01,8.958423733711242676e-01,1.000000000000000000e+00,-2.521651610732078552e-02,-2.056363821029663086e+00,5.453303456306457520e-01,1.083849072456359863e+00,-2.551714181900024414e-01,-1.531797051429748535e+00,1.297975778579711914e+00,1.891887307167053223e+00,1.958681225776672363e+00,-8.291249871253967285e-01,-4.000000059604644775e-01,5.116106271743774414e-01,8.246121406555175781e-01,-5.422548949718475342e-02,-1.426717452704906464e-02,1.018062904477119446e-01,4.000000059604644775e-01,-1.950856596231460571e-01,6.804647445678710938e-01,-3.385030031204223633e-01,-8.686333894729614258e-02
2.977432012557983398e-01,6.482954621315002441e-01,3.816028535366058350e-01,7.036852836608886719e-02,-7.956967502832412720e-02,-4.298972189426422119e-01,8.966076970100402832e-01,1.000000000000000000e+00,1.991989091038703918e-02,-2.031718492507934570e+00,5.589627027511596680e-01,1.014033555984497070e+00,-2.027508616447448730e-01,-1.553214073181152344e+00,1.384152770042419434e+00,2.008607149124145508e+00,1.905034422874450684e+00,-8.111267089843750000e-01,-4.000000059604644775e-01,5.161942839622497559e-01,8.972560167312622070e-01,-1.559353321790695190e-01,7.221410423517227173e-02,1.922220438718795776e-01,4.000000059604644775e-01,-1.849956810474395752e-01,5.982952713966369629e-01,-7.514572143554687500e-02,3.192524611949920654e-02
2.869665622711181641e-01,6.233829259872436523e-01,3.822102248668670654e-01,8.401337265968322754e-02,-9.862212836742401123e-02,-4.258129894733428955e-01,8.954879641532897949e-01,1.000000000000000000e+00,4.751140624284744263e-02,-2.094064235687255859e+00,5.631396174430847168e-01,1.108488440513610840e+00,-2.700346410274505615e-01,-1.479419350624084473e+00,1.391542673110961914e+00,2.050617456436157227e+00,1.859880089759826660e+00,-7.775651812553405762e-01,-3.989367783069610596e-01,4.732511043548583984e-01,9.642723202705383301e-01,-2.168467342853546143e-01,1.046582609415054321e-01,2.378300726413726807e-01,4.000000059604644775e-01,-1.817654669284820557e-01,5.892200469970703125e-01,2.793677747249603271e-01,1.852927207946777344e-01
2.956240177154541016e-01,5.927542448043823242e-01,3.834307789802551270e-01,6.086863949894905090e-02,-8.993637561798095703e-02,-4.099947214126586914e-01,9.055996537208557129e-01,1.000000000000000000e+00,2.225163206458091736e-02,-2.228056192398071289e+00,5.791835188865661621e-01,1.307898759841918945e+00,-4.759787023067474365e-01,-1.363725304603576660e+00,1.321511268615722656e+00,1.939486742019653320e+00,1.857327342033386230e+00,-7.103863954544067383e-01,-3.956272602081298828e-01,3.455987274646759033e-01,1.016165137290954590e+00,-2.987653315067291260e-01,1.682745665311813354e-01,1.905842274427413940e-01,4.000000059604644775e-01,-2.858954668045043945e-01,7.807493209838867188e-01,3.449999988079071045e-01,3.082234859466552734e-01
2.939262092113494873e-01,5.684650540351867676e-01,4.026308059692382812e-01,4.459054395556449890e-02,-6.788767874240875244e-02,-4.156646728515625000e-01,9.058840274810791016e-01,9.542446732521057129e-01,-2.452391199767589569e-02,-2.429486513137817383e+00,6.575946211814880371e-01,1.608748555183410645e+00,-7.756911516189575195e-01,-1.247856020927429199e+00,1.184412479400634766e+00,1.794376015663146973e+00,1.912617087364196777e+00,-6.441904306411743164e-01,-3.330821394920349121e-01,2.596233487129211426e-01,9.817909598350524902e-01,-3.479737043380737305e-01,2.255432307720184326e-01,-3.418072126805782318e-03,2.397118657827377319e-01,-4.009914994239807129e-01,1.061031818389892578e+00,3.091293275356292725e-01,3.143876194953918457e-01
2.899789214134216309e-01,5.366914868354797363e-01,4.124832153320312500e-01,5.705577135086059570e-02,-5.226520076394081116e-02,-3.946647942066192627e-01,9.155613780021667480e-01,7.531189918518066406e-01,-1.272136718034744263e-01,-2.589837074279785156e+00,7.004563808441162109e-01,1.917962431907653809e+00,-1.087675809860229492e+00,-1.109143257141113281e+00,9.562987685203552246e-01,1.565042853355407715e+00,1.986501097679138184e+00,-5.971823334693908691e-01,-3.316128551959991455e-01,1.703272461891174316e-01,9.394023418426513672e-01,-3.692605197429656982e-01,2.538625895977020264e-01,-2.486932277679443359e-01,2.648847363889217377e-02,-4.203795492649078369e-01,1.408594250679016113e+00,1.854062527418136597e-01,3.073479235172271729e-01
2.792288064956665039e-01,5.006200671195983887e-01,4.230204224586486816e-01,7.370515167713165283e-02,-3.855593875050544739e-02,-3.763393163681030273e-01,9.227403402328491211e-01,4.980321526527404785e-01,-2.410861849784851074e-01,-2.632624387741088867e+00,6.825407743453979492e-01,2.149191141128540039e+00,-1.367685437202453613e+00,-9.021630287170410156e-01,7.615470886230468750e-01,1.227813482284545898e+00,2.025114536285400391e+00,-5.490577220916748047e-01,-3.140060603618621826e-01,8.877755701541900635e-02,8.761112093925476074e-01,-3.681400418281555176e-01,2.381369024515151978e-01,-4.666490852832794189e-01,-1.776544600725173950e-01,-3.421266973018646240e-01,1.632143974304199219e+00,1.120948567986488342e-01,2.803730368614196777e-01
2.634017765522003174e-01,4.578211903572082520e-01,4.372084736824035645e-01,8.505840599536895752e-02,-3.215865418314933777e-02,-3.750189244747161865e-01,9.225463271141052246e-01,2.440126240253448486e-01,-3.259032666683197021e-01,-2.560296773910522461e+00,5.845282673835754395e-01,2.269999980926513672e+00,-1.610553383827209473e+00,-6.649663448333740234e-01,6.687248349189758301e-01,8.417629003524780273e-01,1.978765368461608887e+00,-4.440747499465942383e-01,-2.421856522560119629e-01,3.269412741065025330e-02,7.464408874511718750e-01,-3.358932137489318848e-01,1.679212599992752075e-01,-6.147227883338928223e-01,-3.825467824935913086e-01,-2.204952239990234375e-01,1.687457203865051270e+00,7.818480581045150757e-02,1.958749890327453613e-01
2.475375980138778687e-01,4.147219359874725342e-01,4.538695216178894043e-01,8.073625713586807251e-02,-4.312758892774581909e-02,-3.871271908283233643e-01,9.174716472625732422e-01,3.406162932515144348e-02,-3.439538776874542236e-01,-2.374029159545898438e+00,4.279948770999908447e-01,2.269999980926513672e+00,-1.823265075683593750e+00,-5.375400781631469727e-01,6.691284775733947754e-01,5.734166502952575684e-01,1.815816283226013184e+00,-2.608064711093902588e-01,-1.287615448236465454e-01,3.376137092709541321e-02,5.590047240257263184e-01,-2.094777077436447144e-01,6.044111773371696472e-02,-6.699616909027099609e-01,-5.296200513839721680e-01,-1.018130928277969360e-01,1.568046689033508301e+00,9.963128715753555298e-02,1.278199553489685059e-01
2.306075245141983032e-01,3.804747164249420166e-01,4.698061048984527588e-01,6.666353344917297363e-02,-6.537526100873947144e-02,-3.740730881690979004e-01,9.226870536804199219e-01,-1.914556920528411865e-01,-3.228183388710021973e-01,-2.213382959365844727e+00,1.862734109163284302e-01,2.269999980926513672e+00,-1.981096029281616211e+00,-4.984363019466400146e-01,6.814298629760742188e-01,3.792689740657806396e-01,1.556013107299804688e+00,-1.071424633264541626e-01,-2.480838075280189514e-02,7.823067903518676758e-02,4.294966757297515869e-01,1.119709759950637817e-02,-5.406158976256847382e-03,-6.149224042892456055e-01,-6.357302665710449219e-01,-6.430459022521972656e-02,1.314690709114074707e+00,1.949353963136672974e-01,1.328705102205276489e-01
2.090684175491333008e-01,3.501720130443572998e-01,4.826336503028869629e-01,5.551953613758087158e-02,-9.421416372060775757e-02,-3.444730341434478760e-01,9.324052929878234863e-01,-4.040421247482299805e-01,-2.904428243637084961e-01,-2.102760553359985352e+00,-9.668481349945068359e-02,2.262121200561523438e+00,-2.067331790924072266e+00,-5.644234418869018555e-01,6.709976196289062500e-01,2.624424993991851807e-01,1.227995038032531738e+00,-6.020615622401237488e-02,7.435283064842224121e-02,1.546115428209304810e-01,4.868237674236297607e-01,1.528811603784561157e-01,2.348695998080074787e-04,-4.647339582443237305e-01,-7.072079777717590332e-01,-8.619502186775207520e-02,9.812893867492675781e-01,3.405297994613647461e-01,1.842895448207855225e-01
2.004892975091934204e-01,2.969910502433776855e-01,4.864420890808105469e-01,4.665816202759742737e-02,-1.175318062305450439e-01,-3.207479119300842285e-01,9.386852979660034180e-01,-5.676271915435791016e-01,-2.470987439155578613e-01,-1.985401868820190430e+00,-3.519302308559417725e-01,2.199870347976684570e+00,-2.072102546691894531e+00,-7.414580583572387695e-01,6.510381102561950684e-01,2.276015281677246094e-01,8.520691394805908203e-01,-7.605320960283279419e-02,1.045411527156829834e-01,5.278189480304718018e-02,7.472334504127502441e-01,1.203012168407440186e-01,-1.011194754391908646e-02,-2.576673030853271484e-01,-7.331908941268920898e-01,-1.567801684141159058e-01,7.504170536994934082e-01,3.449999988079071045e-01,2.294186204671859741e-01
1.927999258041381836e-01,2.523824870586395264e-01,4.868988096714019775e-01,2.971581928431987762e-02,-1.284010410308837891e-01,-3.065131902694702148e-01,9.426981806755065918e-01,-6.559942960739135742e-01,-1.971286684274673462e-01,-1.915609836578369141e+00,-5.056349039077758789e-01,2.172060251235961914e+00,-2.038955926895141602e+00,-9.507827758789062500e-01,6.243046522140502930e-01,2.281063795089721680e-01,5.029898285865783691e-01,-1.420890539884567261e-01,5.206928029656410217e-02,-6.808060407638549805e-02,1.102412343025207520e+00,6.302832067012786865e-02,-9.054381400346755981e-03,-1.036554872989654541e-01,-6.757911443710327148e-01,-1.884615719318389893e-01,5.840311646461486816e-01,3.449999988079071045e-01,2.532203495502471924e-01
1.735545843839645386e-01,2.126515060663223267e-01,4.819848537445068359e-01,1.533580385148525238e-02,-1.282833367586135864e-01,-2.977970838546752930e-01,9.458462595939636230e-01,-6.611263751983642578e-01,-1.616764068603515625e-01,-1.883008718490600586e+00,-5.436299443244934082e-01,2.149338245391845703e+00,-2.023739576339721680e+00,-1.089373111724853516e+00,6.062068343162536621e-01,2.562239468097686768e-01,3.123894035816192627e-01,-2.424277365207672119e-01,3.593606501817703247e-02,-1.092228516936302185e-01,1.417057991027832031e+00,2.939678914844989777e-02,-7.975728251039981842e-03,-4.567392542958259583e-02,-5.819159150123596191e-01,-1.697243452072143555e-01,5.183617472648620605e-01,3.449999988079071045e-01,2.396456599235534668e-01
1.348440498113632202e-01,1.898715645074844360e-01,4.773503541946411133e-01,6.593527738004922867e-03,-1.196009367704391479e-01,-3.073008060455322266e-01,9.440436363220214844e-01,-5.880244374275207520e-01,-1.572335362434387207e-01,-1.863814830780029297e+00,-4.836243689060211182e-01,2.095575332641601562e+00,-2.032943725585937500e+00,-1.125208973884582520e+00,6.431488394737243652e-01,2.969116568565368652e-01,3.554503023624420166e-01,-4.236284196376800537e-01,-1.147105731070041656e-02,-1.012031883001327515e-01,1.665786027908325195e+00,3.514340519905090332e-02,-2.486152015626430511e-02,-6.922849267721176147e-02,-4.744099378585815430e-01,-1.432362198829650879e-01,4.145689308643341064e-01,3.449999988079071045e-01,1.811632066965103149e-01
1.098093762993812561e-01,1.557433456182479858e-01,4.698982238769531250e-01,6.080056075006723404e-03,-8.712764084339141846e-02,-3.241443336009979248e-01,9.419672489166259766e-01,-4.314928948879241943e-01,-2.103457599878311157e-01,-1.846454262733459473e+00,-3.288956582546234131e-01,1.993714094161987305e+00,-2.058562517166137695e+00,-1.054647922515869141e+00,7.043011188507080078e-01,3.158494532108306885e-01,6.280762553215026855e-01,-6.374098062515258789e-01,-1.221047192811965942e-01,-7.246019691228866577e-02,1.822144269943237305e+00,2.236064150929450989e-02,-7.159070670604705811e-02,-1.924546658992767334e-01,-3.632270395755767822e-01,-1.333599239587783813e-01,4.883526265621185303e-01,1.016136407852172852e-01,1.093395575881004333e-01
9.723390638828277588e-02,1.120486482977867126e-01,4.587370157241821289e-01,-1.004701200872659683e-02,-5.529084429144859314e-02,-3.367590606212615967e-01,9.399123787879943848e-01,-2.597089707851409912e-01,-2.424906641244888306e-01,-1.803898334503173828e+00,-1.410353928804397583e-01,1.894299745559692383e+00,-2.060894727706909180e+00,-8.813724517822265625e-01,7.406103014945983887e-01,2.884128689765930176e-01,9.702941179275512695e-01,-7.967053651809692383e-01,-2.569693922996520996e-01,-5.046046152710914612e-02,1.845813393592834473e+00,-1.002525561489164829e-03,-1.056301593780517578e-01,-3.161011338233947754e-01,-2.219212800264358521e-01,-1.527884155511856079e-01,6.919955015182495117e-01,-1.800871491432189941e-01,3.516134619712829590e-02
8.876183629035949707e-02,6.940204650163650513e-02,4.453367888927459717e-01,-4.699952900409698486e-02,-3.567496687173843384e-02,-3.544881641864776611e-01,9.331969022750854492e-01,-6.779184192419052124e-02,-2.430971562862396240e-01,-1.826217889785766602e+00,6.334375590085983276e-02,1.877445816993713379e+00,-2.015867710113525391e+00,-6.347940564155578613e-01,7.859283089637756348e-01,2.294684797525405884e-01,1.308471798896789551e+00,-8.932294249534606934e-01,-3.746033608913421631e-01,-3.897710889577865601e-02,1.763601422309875488e+00,-2.847417257726192474e-02,-1.211022064089775085e-01,-3.605915307998657227e-01,-4.815101996064186096e-02,-2.004085183143615723e-01,8.439312577247619629e-01,-3.856917917728424072e-01,-2.801524102687835693e-02
7.653378695249557495e-02,2.634278498589992523e-02,4.352884590625762939e-01,-7.379511743783950806e-02,-2.868858911097049713e-02,-3.972998261451721191e-01,9.142670035362243652e-01,1.608766317367553711e-01,-2.457478940486907959e-01,-2.163238763809204102e+00,3.145055770874023438e-01,2.140757083892822266e+00,-1.930118560791015625e+00,-4.245303273200988770e-01,8.189871311187744141e-01,2.499633878469467163e-01,1.645229458808898926e+00,-9.479464888572692871e-01,-3.999942541122436523e-01,8.156521245837211609e-03,1.581966876983642578e+00,-6.147615984082221985e-02,-1.423943936824798584e-01,-3.485667407512664795e-01,1.332979649305343628e-01,-1.951974332332611084e-01,8.998554348945617676e-01,-5.475482940673828125e-01,-1.127317175269126892e-01
5.324523895978927612e-02,-1.590448617935180664e-02,4.269457757472991943e-01,-8.063704520463943481e-02,-2.443907968699932098e-02,-4.245628416538238525e-01,9.014692306518554688e-01,3.843674063682556152e-01,-2.673901021480560303e-01,-2.241325855255126953e+00,4.798252582550048828e-01,2.103591680526733398e+00,-1.762881994247436523e+00,-3.764674365520477295e-01,8.261855244636535645e-01,4.053463935852050781e-01,1.864703416824340820e+00,-9.875282645225524902e-01,-4.000000059604644775e-01,5.361299961805343628e-02,1.336179614067077637e+00,-3.958829864859580994e-02,-2.116414010524749756e-01,-3.382658064365386963e-01,2.813811302185058594e-01,-2.032533884048461914e-01,9.270393252372741699e-01,-6.229041218757629395e-01,-2.020769417285919189e-01
2.895999327301979065e-02,-5.104429274797439575e-02,4.185878932476043701e-01,-8.061860501766204834e-02,-1.557138096541166306e-02,-4.339190721511840820e-01,8.972025513648986816e-01,5.889005064964294434e-01,-3.045724630355834961e-01,-2.212051630020141602e+00,5.702843666076660156e-01,1.944148540496826172e+00,-1.555981278419494629e+00,-4.997043013572692871e-01,8.199322819709777832e-01,6.457841396331787109e-01,1.981493353843688965e+00,-9.658194780349731445e-01,-4.000000059604644775e-01,1.095723807811737061e-01,1.021890044212341309e+00,7.844598591327667236e-02,-2.745124101638793945e-01,-3.365616798400878906e-01,3.844893276691436768e-01,-2.714828848838806152e-01,9.343066215515136719e-01,-6.225137710571289062e-01,-2.422279715538024902e-01
1.513291522860527039e-02,-7.858412712812423706e-02,4.099882245063781738e-01,-6.926637142896652222e-02,-9.924461133778095245e-03,-4.430470764636993408e-01,8.937633633613586426e-01,7.554464936256408691e-01,-3.216574788093566895e-01,-2.172387599945068359e+00,6.001821160316467285e-01,1.762759685516357422e+00,-1.292210698127746582e+00,-7.835530638694763184e-01,8.452901244163513184e-01,9.601643085479736328e-01,2.015885591506958008e+00,-8.781318664550781250e-01,-3.999976813793182373e-01,2.463499307632446289e-01,6.891703605651855469e-01,2.412239164113998413e-01,-2.839219272136688232e-01,-3.135484457015991211e-01,3.995811939239501953e-01,-3.373887240886688232e-01,9.299420714378356934e-01,-6.014400720596313477e-01,-2.069856077432632446e-01
4.190064966678619385e-03,-1.145755797624588013e-01,4.023987650871276855e-01,-4.596526548266410828e-02,-1.826027967035770416e-02,-4.667213261127471924e-01,8.830203413963317871e-01,8.901411294937133789e-01,-2.737028598785400391e-01,-2.192230701446533203e+00,6.035448908805847168e-01,1.612971663475036621e+00,-9.770372509956359863e-01,-1.108051896095275879e+00,9.388409256935119629e-01,1.330269694328308105e+00,2.011336565017700195e+00,-8.019719719886779785e-01,-4.000000059604644775e-01,3.895796537399291992e-01,5.332902669906616211e-01,3.397147953510284424e-01,-2.971721291542053223e-01,-2.275031358003616333e-01,4.000000059604644775e-01,-3.285614550113677979e-01,9.068616628646850586e-01,-5.804660916328430176e-01,-1.613209247589111328e-01
-1.483350619673728943e-02,-1.468733698129653931e-01,4.006320536136627197e-01,-1.338603999465703964e-02,-3.893809393048286438e-02,-5.162920951843261719e-01,8.554221987724304199e-01,9.999995231628417969e-01,-1.912805289030075073e-01,-2.109362602233886719e+00,6.082555055618286133e-01,1.318040132522583008e+00,-5.993965864181518555e-01,-1.385362863540649414e+00,1.147998213768005371e+00,1.649533510208129883e+00,1.963135480880737305e+00,-7.677798867225646973e-01,-4.000000059604644775e-01,3.804715573787689209e-01,4.972699880599975586e-01,3.151373565196990967e-01,-2.546821534633636475e-01,-1.083370149135589600e-01,4.000000059604644775e-01,-2.330520004034042358e-01,8.403620123863220215e-01,-4.800433516502380371e-01,-1.189374625682830811e-01
-2.831739559769630432e-02,-1.766052246093750000e-01,4.016658663749694824e-01,8.020428009331226349e-03,-5.824803188443183899e-02,-5.481868386268615723e-01,8.342865705490112305e-01,1.000000000000000000e+00,-1.256606727838516235e-01,-1.876652121543884277e+00,6.396030783653259277e-01,9.242985844612121582e-01,-2.577783167362213135e-01,-1.558237552642822266e+00,1.355970501899719238e+00,1.831915616989135742e+00,1.891736507415771484e+00,-7.519150972366333008e-01,-4.000000059604644775e-01,3.365645408630371094e-01,5.630222558975219727e-01,1.290128976106643677e-01,-1.150222569704055786e-01,2.990055829286575317e-02,4.000000059604644775e-01,-1.447404623031616211e-01,7.471762299537658691e-01,-3.008204698562622070e-01,-4.270607605576515198e-02
-3.962850943207740784e-02,-2.069030851125717163e-01,3.967179059982299805e-01,3.338921815156936646e-02,-8.094029128551483154e-02,-5.395961999893188477e-01,8.373587727546691895e-01,1.000000000000000000e+00,-7.132428139448165894e-02,-1.812117576599121094e+00,6.638657450675964355e-01,7.027984857559204102e-01,-1.517176032066345215e-01,-1.615731954574584961e+00,1.463863730430603027e+00,1.962197184562683105e+00,1.819776535034179688e+00,-7.566981911659240723e-01,-4.000000059604644775e-01,4.060623049736022949e-01,6.881515383720397949e-01,1.029136241413652897e-03,-7.085701217874884605e-04,1.316275298595428467e-01,4.000000059604644775e-01,-1.198339536786079407e-01,6.833068132400512695e-01,-5.301799625158309937e-02,6.167809292674064636e-02
-5.725592374801635742e-02,-2.331631034612655640e-01,3.918020725250244141e-01,5.455717816948890686e-02,-1.104224175214767456e-01,-5.328860878944396973e-01,8.371754884719848633e-01,1.000000000000000000e+00,-2.571121603250503540e-02,-1.842286348342895508e+00,6.498466134071350098e-01,7.021482586860656738e-01,-1.751815229654312134e-01,-1.573602914810180664e+00,1.480430126190185547e+00,2.019640445709228516e+00,1.786229729652404785e+00,-7.567564249038696289e-01,-3.999992907047271729e-01,4.178579747676849365e-01,8.126686215400695801e-01,-9.132062643766403198e-02,4.200908169150352478e-02,1.771114468574523926e-01,4.000000059604644775e-01,-1.048730015754699707e-01,6.977273225784301758e-01,2.681743204593658447e-01,2.142682373523712158e-01
-6.016460433602333069e-02,-2.698651850223541260e-01,3.825046420097351074e-01,4.503156989812850952e-02,-1.164486557245254517e-01,-5.225742459297180176e-01,8.434026241302490234e-01,1.000000000000000000e+00,-2.846899069845676422e-02,-1.913779258728027344e+00,6.388843059539794922e-01,8.541716337203979492e-01,-2.741376459598541260e-01,-1.480182766914367676e+00,1.414885401725769043e+00,1.937217116355895996e+00,1.809565901756286621e+00,-7.212598919868469238e-01,-3.974834978580474854e-01,3.457453846931457520e-01,9.371869564056396484e-01,-2.253391593694686890e-01,1.098854467272758484e-01,1.626384854316711426e-01,4.000000059604644775e-01,-2.036961466073989868e-01,8.847541809082031250e-01,3.449999988079071045e-01,3.314642012119293213e-01
-5.538126453757286072e-02,-2.941968739032745361e-01,3.932255208492279053e-01,8.207701146602630615e-03,-8.193256705999374390e-02,-5.143809914588928223e-01,8.535993695259094238e-01,9.670131206512451172e-01,-7.221487909555435181e-02,-2.131778478622436523e+00,6.516104340553283691e-01,1.128422975540161133e+00,-5.259561538696289062e-01,-1.357640504837036133e+00,1.285509943962097168e+00,1.784040212631225586e+00,1.874298810958862305e+00,-6.881578564643859863e-01,-3.578539788722991943e-01,2.322470843791961670e-01,1.001097559928894043e+00,-3.207886219024658203e-01,2.109253108501434326e-01,1.726569980382919312e-02,3.435048758983612061e-01,-3.491019904613494873e-01,1.061693906784057617e+00,3.424904942512512207e-01,3.449999988079071045e-01
-6.294021755456924438e-02,-3.255372643470764160e-01,4.031960368156433105e-01,2.210551686584949493e-02,-6.561363488435745239e-02,-5.118530392646789551e-01,8.562783598899841309e-01,8.402757048606872559e-01,-1.338222622871398926e-01,-2.412681579589843750e+00,7.260815501213073730e-01,1.491572380065917969e+00,-8.641879558563232422e-01,-1.214968323707580566e+00,1.108805179595947266e+00,1.622805714607238770e+00,1.943587899208068848e+00,-6.581727862358093262e-01,-3.367705047130584717e-01,1.688806563615798950e-01,1.006189823150634766e+00,-3.755213320255279541e-01,2.304910123348236084e-01,-2.247902154922485352e-01,1.432274430990219116e-01,-3.970317542552947998e-01,1.363372564315795898e+00,2.382188141345977783e-01,3.449999988079071045e-01
-7.387673854827880859e-02,-3.581399917602539062e-01,4.113093912601470947e-01,4.005293548107147217e-02,-5.839345604181289673e-02,-5.003311634063720703e-01,8.629337549209594727e-01,6.583842039108276367e-01,-1.963332295417785645e-01,-2.559552907943725586e+00,8.150803446769714355e-01,1.801694035530090332e+00,-1.199783682823181152e+00,-1.016106724739074707e+00,9.246675968170166016e-01,1.390433311462402344e+00,1.985413670539855957e+00,-6.163525581359863281e-01,-3.318468332290649414e-01,1.121056005358695984e-01,9.934716224670410156e-01,-4.136925637722015381e-01,2.335623800754547119e-01,-4.343731999397277832e-01,-5.879107862710952759e-02,-3.645049929618835449e-01,1.591300010681152344e+00,1.765286475419998169e-01,3.317293822765350342e-01
-8.402085304260253906e-02,-3.921937346458435059e-01,4.239795207977294922e-01,4.809961467981338501e-02,-5.512291565537452698e-02,-4.949770271778106689e-01,8.658207654953002930e-01,4.498300254344940186e-01,-2.410664111375808716e-01,-2.575865030288696289e+00,8.449351191520690918e-01,2.023762226104736328e+00,-1.473839759826660156e+00,-7.768511772155761719e-01,8.074431419372558594e-01,1.084312677383422852e+00,1.978812098503112793e+00,-5.317819714546203613e-01,-2.994665205478668213e-01,5.922964960336685181e-02,9.416190385818481445e-01,-4.442084431648254395e-01,2.169014364480972290e-01,-5.868245959281921387e-01,-2.367047965526580811e-01,-2.535373866558074951e-01,1.680542588233947754e+00,1.341774016618728638e-01,2.897421717643737793e-01
-1.006314009428024292e-01,-4.304516613483428955e-01,4.405812919139862061e-01,4.829129576683044434e-02,-6.267876923084259033e-02,-4.954013824462890625e-01,8.650530576705932617e-01,2.331636101007461548e-01,-2.485618442296981812e-01,-2.538040637969970703e+00,7.911892533302307129e-01,2.189737558364868164e+00,-1.686015129089355469e+00,-5.769618749618530273e-01,7.586242556571960449e-01,7.963063120841979980e-01,1.908738374710083008e+00,-3.756248056888580322e-01,-2.296379357576370239e-01,5.634795408695936203e-03,8.136173486709594727e-01,-4.175794124603271484e-01,1.478783041238784790e-01,-6.648430228233337402e-01,-3.829022645950317383e-01,-1.402382701635360718e-01,1.629637002944946289e+00,1.154709458351135254e-01,2.298032492399215698e-01
-1.178653687238693237e-01,-4.660132527351379395e-01,4.579413831233978271e-01,3.566554188728332520e-02,-7.681744545698165894e-02,-4.996582567691802979e-01,8.620723485946655273e-01,4.772331938147544861e-02,-2.207817137241363525e-01,-2.452260255813598633e+00,6.611909270286560059e-01,2.269999980926513672e+00,-1.847401976585388184e+00,-4.771535992622375488e-01,7.618609070777893066e-01,6.029675006866455078e-01,1.759523272514343262e+00,-1.934723854064941406e-01,-1.344470977783203125e-01,-1.035890635102987289e-02,6.635709404945373535e-01,-2.783810794353485107e-01,6.673210859298706055e-02,-6.687631011009216309e-01,-4.758978784084320068e-01,-5.623161420226097107e-02,1.456083178520202637e+00,1.642010062932968140e-01,1.990016102790832520e-01
-1.338903158903121948e-01,-4.918537735939025879e-01,4.726266860961914062e-01,1.945954561233520508e-02,-8.912835270166397095e-02,-4.927893280982971191e-01,8.653531670570373535e-01,-1.193966567516326904e-01,-1.859399378299713135e-01,-2.307162523269653320e+00,4.530633389949798584e-01,2.269999980926513672e+00,-1.979710102081298828e+00,-4.837425351142883301e-01,7.857375144958496094e-01,4.921002089977264404e-01,1.526720762252807617e+00,-1.127227544784545898e-01,-2.415832690894603729e-02,6.555011123418807983e-02,6.535926461219787598e-01,-1.075491532683372498e-01,5.778159201145172119e-02,-6.152523159980773926e-01,-5.337190628051757812e-01,-1.231061574071645737e-02,1.186692118644714355e+00,2.917574048042297363e-01,2.044405043125152588e-01
-1.523255854845046997e-01,-5.325191617012023926e-01,4.795649349689483643e-01,6.983296945691108704e-03,-1.047550439834594727e-01,-4.599968194961547852e-01,8.816918730735778809e-01,-3.031997382640838623e-01,-1.472309380769729614e-01,-2.177775144577026367e+00,1.674665361642837524e-01,2.269999980926513672e+00,-2.080372333526611328e+00,-5.508116483688354492e-01,7.819676399230957031e-01,4.005005061626434326e-01,1.214974045753479004e+00,-1.278711855411529541e-01,1.100317910313606262e-01,1.245619207620620728e-01,8.596951365470886230e-01,-7.519395649433135986e-02,8.584959805011749268e-02,-4.735221266746520996e-01,-5.773348212242126465e-01,-1.737819239497184753e-02,9.559908509254455566e-01,3.449999988079071045e-01,2.362518459558486938e-01
-1.643253266811370850e-01,-5.731671452522277832e-01,4.818832576274871826e-01,-1.283811498433351517e-02,-1.137307882308959961e-01,-4.240680038928985596e-01,8.983689546585083008e-01,-4.739139378070831299e-01,-1.023471131920814514e-01,-2.050059318542480469e+00,-1.219041198492050171e-01,2.239799737930297852e+00,-2.139117956161499023e+00,-6.780698895454406738e-01,7.734584212303161621e-01,3.256801962852478027e-01,8.524239063262939453e-01,-2.198738008737564087e-01,1.548073589801788330e-01,5.841676890850067139e-02,1.203808307647705078e+00,-1.281204372644424438e-01,7.782664149999618530e-02,-2.877951860427856445e-01,-5.857350826263427734e-01,-5.939408019185066223e-02,7.428842782974243164e-01,3.449999988079071045e-01,2.557552754878997803e-01
-1.812813282012939453e-01,-6.099460721015930176e-01,4.787454605102539062e-01,-2.871319651603698730e-02,-1.129898130893707275e-01,-3.895299732685089111e-01,9.136056303977966309e-01,-6.010679006576538086e-01,-5.302262306213378906e-02,-1.918013572692871094e+00,-3.391978740692138672e-01,2.153159379959106445e+00,-2.146739006042480469e+00,-8.685025572776794434e-01,7.284486889839172363e-01,2.726733386516571045e-01,4.840364754199981689e-01,-3.429349958896636963e-01,1.549914181232452393e-01,8.369146846234798431e-03,1.513340830802917480e+00,-1.398327052593231201e-01,2.435770258307456970e-02,-1.463437825441360474e-01,-5.523018240928649902e-01,-9.983390569686889648e-02,6.007472276687622070e-01,3.449999988079071045e-01,2.506679892539978027e-01
-2.049895823001861572e-01,-6.426079869270324707e-01,4.703704714775085449e-01,-4.197037220001220703e-02,-1.091574579477310181e-01,-3.682014346122741699e-01,9.223615527153015137e-01,-6.635293364524841309e-01,-1.502802222967147827e-02,-1.858715772628784180e+00,-4.261259436607360840e-01,2.089836597442626953e+00,-2.124840021133422852e+00,-1.035500645637512207e+00,6.599128842353820801e-01,2.753645181655883789e-01,2.140562683343887329e-01,-4.571258127689361572e-01,9.849014133214950562e-02,1.001494284719228745e-02,1.698357820510864258e+00,-1.056688204407691956e-01,-5.990368127822875977e-02,-7.333767414093017578e-02,-4.691333174705505371e-01,-9.871829301118850708e-02,5.441315174102783203e-01,3.449999988079071045e-01,2.187898606061935425e-01
-2.407711446285247803e-01,-6.517606377601623535e-01,4.636790752410888672e-01,-5.776156112551689148e-02,-1.076791733503341675e-01,-3.739395737648010254e-01,9.193682670593261719e-01,-6.568300724029541016e-01,-8.976457640528678894e-03,-1.825095653533935547e+00,-3.769183158874511719e-01,2.033195495605468750e+00,-2.064791917800903320e+00,-1.092435240745544434e+00,6.592172980308532715e-01,3.114244639873504639e-01,1.659034043550491333e-01,-5.968798398971557617e-01,-4.254134744405746460e-02,9.419003874063491821e-02,1.728183984756469727e+00,-3.357642143964767456e-02,-1.585968583822250366e-01,-6.027294695377349854e-02,-3.814458549022674561e-01,-1.441621035337448120e-01,4.288969337940216064e-01,3.449999988079071045e-01,1.816794127225875854e-01
-2.598381638526916504e-01,-6.761980652809143066e-01,4.583224952220916748e-01,-6.438555568456649780e-02,-9.640987962484359741e-02,-3.874478340148925781e-01,9.145730137825012207e-01,-5.701369643211364746e-01,-3.655226156115531921e-02,-1.781086802482604980e+00,-2.215374112129211426e-01,1.940217018127441406e+00,-1.932022333145141602e+00,-1.042687058448791504e+00,7.248253226280212402e-01,3.340819776058197021e-01,3.396153450012207031e-01,-7.059800624847412109e-01,-2.500703334808349609e-01,1.559791266918182373e-01,1.605445504188537598e+00,-2.932254038751125336e-02,-2.672623097896575928e-01,-9.556023031473159790e-02,-3.100226819515228271e-01,-1.945720911026000977e-01,4.684772491455078125e-01,1.015893891453742981e-01,1.458020955324172974e-01
-2.708295881748199463e-01,-7.070654034614562988e-01,4.489849805831909180e-01,-8.788603544235229492e-02,-8.131419122219085693e-02,-4.074741303920745850e-01,9.053335785865783691e-01,-4.417876303195953369e-01,-3.932261839509010315e-02,-1.756043434143066406e+00,-5.517362058162689209e-02,1.854807496070861816e+00,-1.699461221694946289e+00,-8.838586211204528809e-01,7.942596077919006348e-01,3.828700780868530273e-01,6.116033792495727539e-01,-7.447777986526489258e-01,-3.963313400745391846e-01,1.647673994302749634e-01,1.396110415458679199e+00,-2.433518320322036743e-02,-3.146833777427673340e-01,-1.766787320375442505e-01,-1.734163016080856323e-01,-1.349395364522933960e-01,6.358301043510437012e-01,-1.537023335695266724e-01,8.174888044595718384e-02
-2.872898876667022705e-01,-7.367648482322692871e-01,4.385470449924468994e-01,-1.380412727594375610e-01,-7.335451990365982056e-02,-4.470815658569335938e-01,8.807280063629150391e-01,-3.049075305461883545e-01,1.463080407120287418e-04,-1.816936850547790527e+00,5.803683772683143616e-02,1.840455412864685059e+00,-1.402412891387939453e+00,-7.436964511871337891e-01,8.312153816223144531e-01,5.115836262702941895e-01,8.767774105072021484e-01,-7.038840651512145996e-01,-3.995592892169952393e-01,1.498204469680786133e-01,1.164223313331604004e+00,2.434954605996608734e-02,-3.449999988079071045e-01,-2.216911017894744873e-01,5.672637000679969788e-02,-4.253135249018669128e-02,7.715206742286682129e-01,-3.061223328113555908e-01,-1.079791225492954254e-02
-2.983181774616241455e-01,-7.653056979179382324e-01,4.287977516651153564e-01,-1.681074947118759155e-01,-6.509093195199966431e-02,-4.902880787849426270e-01,8.527137041091918945e-01,-1.469460576772689819e-01,2.008085697889328003e-02,-1.971749067306518555e+00,1.032050549983978271e-01,1.857034683227539062e+00,-1.062075734138488770e+00,-7.522349357604980469e-01,8.403545022010803223e-01,7.186151146888732910e-01,1.116673350334167480e+00,-6.362976431846618652e-01,-4.000000059604644775e-01,1.807281076908111572e-01,8.848216533660888672e-01,1.237642168998718262e-01,-3.449999988079071045e-01,-2.265138030052185059e-01,2.315362989902496338e-01,1.956269145011901855e-02,8.468511700630187988e-01,-4.109740555286407471e-01,-8.113631606101989746e-02
-3.149821460247039795e-01,-7.991743683815002441e-01,4.235687553882598877e-01,-1.698553860187530518e-01,-4.894048720598220825e-02,-5.155538916587829590e-01,8.384259939193725586e-01,-2.857504040002822876e-02,-1.325688557699322701e-03,-2.082566261291503906e+00,9.258631616830825806e-02,1.824566721916198730e+00,-8.208360671997070312e-01,-8.926788568496704102e-01,7.869496941566467285e-01,9.368265271186828613e-01,1.335684418678283691e+00,-5.718201994895935059e-01,-4.000000059604644775e-01,2.156991958618164062e-01,6.394645571708679199e-01,2.480958998203277588e-01,-3.449999988079071045e-01,-2.284581065177917480e-01,3.346354365348815918e-01,5.433988757431507111e-03,8.815047740936279297e-01,-4.868275523185729980e-01,-1.339345723390579224e-01
-3.318302035331726074e-01,-8.363195657730102539e-01,4.187209606170654297e-01,-1.668640524148941040e-01,-4.040074348449707031e-02,-5.275694131851196289e-01,8.319823741912841797e-01,2.291597239673137665e-02,-2.879993058741092682e-02,-2.021183967590332031e+00,1.340066045522689819e-01,1.805313229560852051e+00,-8.900868296623229980e-01,-1.045443654060363770e+00,6.849733591079711914e-01,1.080289244651794434e+00,1.588948607444763184e+00,-5.352755784988403320e-01,-4.000000059604644775e-01,2.018444091081619263e-01,5.883229374885559082e-01,3.180235326290130615e-01,-3.449999988079071045e-01,-1.984790861606597900e-01,3.797161579132080078e-01,-6.445662677288055420e-02,8.971878290176391602e-01,-5.317046046257019043e-01,-1.380617171525955200e-01
-3.504288196563720703e-01,-8.669437766075134277e-01,4.183245897293090820e-01,-1.406507641077041626e-01,-3.512058779597282410e-02,-5.713185071945190430e-01,8.078236579895019531e-01,1.360420137643814087e-01,-7.872509211301803589e-02,-1.521917343139648438e+00,3.539584279060363770e-01,1.362477302551269531e+00,-1.234401822090148926e+00,-1.198397040367126465e+00,6.447674632072448730e-01,1.180175662040710449e+00,1.880647659301757812e+00,-5.289377570152282715e-01,-4.000000059604644775e-01,1.118863970041275024e-01,5.412528514862060547e-01,3.176229894161224365e-01,-3.449999988079071045e-01,-2.024604976177215576e-01,3.876332938671112061e-01,-7.179142534732818604e-02,9.311051368713378906e-01,-5.318700075149536133e-01,-1.192108690738677979e-01
-3.681833446025848389e-01,-8.844982981681823730e-01,4.222300946712493896e-01,-1.260134428739547729e-01,-3.213211894035339355e-02,-6.067234277725219727e-01,7.842032909393310547e-01,1.968964040279388428e-01,-1.016601696610450745e-01,-1.464499711990356445e+00,4.326052665710449219e-01,1.299890160560607910e+00,-1.592100977897644043e+00,-1.165671706199645996e+00,5.954480171203613281e-01,1.126530528068542480e+00,2.076428174972534180e+00,-4.969388842582702637e-01,-4.000000059604644775e-01,-5.011456832289695740e-02,4.898549318313598633e-01,2.498728036880493164e-01,-3.215563595294952393e-01,-1.994095146656036377e-01,3.901620507240295410e-01,-9.638264775276184082e-02,9.446228146553039551e-01,-5.124005675315856934e-01,-1.177323982119560242e-01
-3.762491643428802490e-01,-9.037262797355651855e-01,4.269199967384338379e-01,-1.151335164904594421e-01,-3.534387424588203430e-02,-6.299332380294799805e-01,7.672543525695800781e-01,2.117462158203125000e-01,-1.193369328975677490e-01,-1.705842971801757812e+00,3.925556838512420654e-01,1.474611997604370117e+00,-1.911570072174072266e+00,-9.216814041137695312e-01,4.922988414764404297e-01,8.709771037101745605e-01,2.220410823822021484e+00,-4.908854663372039795e-01,-4.000000059604644775e-01,-7.548917084932327271e-02,5.383690595626831055e-01,1.689675599336624146e-01,-3.065574765205383301e-01,-1.358975023031234741e-01,3.791819512844085693e-01,-9.758511930704116821e-02,9.095419645309448242e-01,-5.059528946876525879e-01,-1.339961737394332886e-01
-3.817084729671478271e-01,-9.231250286102294922e-01,4.341307580471038818e-01,-9.692157059907913208e-02,-3.970254585146903992e-02,-6.613746285438537598e-01,7.427068948745727539e-01,2.352778762578964233e-01,-1.536308526992797852e-01,-2.251996755599975586e+00,3.868963718414306641e-01,1.901915192604064941e+00,-2.115012168884277344e+00,-4.985581040382385254e-01,4.361918866634368896e-01,3.949955999851226807e-01,2.288913726806640625e+00,-4.805018901824951172e-01,-3.996277451515197754e-01,-8.151404559612274170e-02,5.509769320487976074e-01,1.138429641723632812e-01,-3.109332621097564697e-01,-5.904267355799674988e-02,3.580920100212097168e-01,-5.121941491961479187e-02,8.426089286804199219e-01,-4.667693674564361572e-01,-1.418083459138870239e-01
-3.847039639949798584e-01,-9.412581920623779297e-01,4.426997005939483643e-01,-7.719895988702774048e-02,-4.219010099768638611e-02,-7.052059173583984375e-01,7.035232186317443848e-01,2.797164618968963623e-01,-1.921414732933044434e-01,-2.739483118057250977e+00,4.699820876121520996e-01,2.189261436462402344e+00,-2.105135917663574219e+00,-1.256388276815414429e-01,5.029371380805969238e-01,-1.029188707470893860e-01,2.269368410110473633e+00,-4.582057595252990723e-01,-3.978607654571533203e-01,-9.774147719144821167e-02,5.228222608566284180e-01,8.663332462310791016e-02,-3.153148591518402100e-01,8.085968904197216034e-03,3.128237724304199219e-01,7.964283227920532227e-03,7.749223709106445312e-01,-4.075412154197692871e-01,-1.262438446283340454e-01
-3.902294933795928955e-01,-9.568181633949279785e-01,4.509861171245574951e-01,-5.640042945742607117e-02,-4.573506116867065430e-02,-7.491061091423034668e-01,6.584582924842834473e-01,3.108787536621093750e-01,-2.154170125722885132e-01,-3.069685220718383789e+00,5.396590232849121094e-01,2.269997596740722656e+00,-1.920883297920227051e+00,8.326848596334457397e-02,6.359655261039733887e-01,-4.977471232414245605e-01,2.204602718353271484e+00,-4.284298419952392578e-01,-3.960352838039398193e-01,-1.139999255537986755e-01,4.740224480628967285e-01,8.271418511867523193e-02,-3.077264726161956787e-01,5.628889426589012146e-02,2.477567940950393677e-01,4.166966304183006287e-02,7.136784195899963379e-01,-3.327503204345703125e-01,-1.016706824302673340e-01
-4.002413153648376465e-01,-9.691571593284606934e-01,4.575327634811401367e-01,-3.193529322743415833e-02,-5.660229548811912537e-02,-7.967985272407531738e-01,6.007398962974548340e-01,3.420167863368988037e-01,-2.152185440063476562e-01,-3.261662960052490234e+00,5.837839841842651367e-01,2.269999980926513672e+00,-1.705351829528808594e+00,1.172991469502449036e-01,7.396058440208435059e-01,-6.739945411682128906e-01,2.075892448425292969e+00,-4.041964709758758545e-01,-3.937997221946716309e-01,-8.657795190811157227e-02,4.285773932933807373e-01,7.803461700677871704e-02,-2.636396586894989014e-01,7.960127294063568115e-02,1.696881800889968872e-01,7.476776838302612305e-02,6.815482974052429199e-01,-2.467250376939773560e-01,-7.384278625249862671e-02
-4.091639220714569092e-01,-9.776706695556640625e-01,4.626508951187133789e-01,-2.717101760208606720e-02,-7.442650198936462402e-02,-8.448655605316162109e-01,5.290790200233459473e-01,3.553599417209625244e-01,-1.762077361345291138e-01,-3.315999984741210938e+00,5.983409881591796875e-01,2.269999980926513672e+00,-1.504934906959533691e+00,9.384504705667495728e-02,8.109789490699768066e-01,-6.515065431594848633e-01,1.946905612945556641e+00,-3.505359888076782227e-01,-3.748403191566467285e-01,-4.600324202328920364e-03,3.963985145092010498e-01,7.469564676284790039e-02,-1.765263080596923828e-01,1.218518689274787903e-01,9.081298857927322388e-02,1.106453835964202881e-01,6.566410064697265625e-01,-1.688688844442367554e-01,-5.239534378051757812e-02
-4.182432889938354492e-01,-9.867135882377624512e-01,4.692291617393493652e-01,-3.099984861910343170e-02,-8.384454995393753052e-02,-8.968949317932128906e-01,4.331149160861968994e-01,3.702570199966430664e-01,-1.107982099056243896e-01,-3.315999984741210938e+00,5.193029046058654785e-01,2.221939802169799805e+00,-1.253822445869445801e+00,-5.230025574564933777e-02,8.428327441215515137e-01,-4.726881682872772217e-01,1.786428809165954590e+00,-2.890011668205261230e-01,-3.191528320312500000e-01,1.326604038476943970e-01,3.693492710590362549e-01,5.182019993662834167e-02,-8.941639214754104614e-02,1.650892645120620728e-01,-2.028146525844931602e-03,1.449061632156372070e-01,6.132524609565734863e-01,-1.050648912787437439e-01,-3.900511562824249268e-02
-4.249600172042846680e-01,-9.937053918838500977e-01,4.761272966861724854e-01,-2.262595109641551971e-02,-7.103840261697769165e-02,-9.428766965866088867e-01,3.246923387050628662e-01,3.765652477741241455e-01,-9.066735208034515381e-02,-3.315999984741210938e+00,3.817072808742523193e-01,2.196098327636718750e+00,-1.007399439811706543e+00,-2.999895811080932617e-01,8.488935232162475586e-01,-2.714120745658874512e-01,1.524021625518798828e+00,-2.848561704158782959e-01,-2.379550784826278687e-01,2.571057379245758057e-01,3.667176663875579834e-01,2.269977144896984100e-02,-4.063230752944946289e-02,1.342165768146514893e-01,-8.743043243885040283e-02,1.406197100877761841e-01,5.699648261070251465e-01,-3.552524372935295105e-02,-3.073443286120891571e-02
-4.268496632575988770e-01,-1.000880599021911621e+00,4.829950332641601562e-01,-1.412672549486160278e-02,-5.372297391295433044e-02,-9.778153300285339355e-01,2.019690424203872681e-01,3.728796243667602539e-01,-7.892886549234390259e-02,-3.315999984741210938e+00,2.900076210498809814e-01,2.243937253952026367e+00,-8.524006009101867676e-01,-5.701903104782104492e-01,8.757311701774597168e-01,-3.528615832328796387e-02,1.217269778251647949e+00,-2.906107604503631592e-01,-1.718117445707321167e-01,2.983317971229553223e-01,3.771383166313171387e-01,5.793142132461071014e-03,-3.248343989253044128e-02,6.097624450922012329e-02,-1.683899462223052979e-01,1.194795742630958557e-01,5.371038913726806641e-01,2.734548039734363556e-02,-2.984307520091533661e-02
-4.241633117198944092e-01,-1.012090802192687988e+00,4.894211590290069580e-01,1.155138015747070312e-02,-3.546941280364990234e-02,-9.974352717399597168e-01,6.108444556593894958e-02,3.812064230442047119e-01,-1.071354448795318604e-01,-3.304779052734375000e+00,2.166432738304138184e-01,2.269999980926513672e+00,-7.346661090850830078e-01,-8.842520713806152344e-01,9.619885087013244629e-01,2.415272593498229980e-01,8.981162309646606445e-01,-3.343762457370758057e-01,-1.470031887292861938e-01,2.364117205142974854e-01,3.801113665103912354e-01,1.627215370535850525e-02,-2.197015658020973206e-02,-9.850012511014938354e-02,-2.438466846942901611e-01,1.009507775306701660e-01,5.132930874824523926e-01,8.444128185510635376e-02,-3.443521633744239807e-02
-4.200188517570495605e-01,-1.026248693466186523e+00,4.929274618625640869e-01,2.556554786860942841e-02,-2.873117290437221527e-02,-9.956880807876586914e-01,-8.441691845655441284e-02,3.951925635337829590e-01,-1.222618669271469116e-01,-3.196005105972290039e+00,1.791395694017410278e-01,2.269999980926513672e+00,-6.830902099609375000e-01,-1.089699745178222656e+00,1.071555972099304199e+00,5.278345346450805664e-01,6.782257556915283203e-01,-3.540608584880828857e-01,-1.563368290662765503e-01,1.325701475143432617e-01,3.824400007724761963e-01,2.798510342836380005e-02,-7.269685011124238372e-05,-2.546226680278778076e-01,-3.158298432826995850e-01,4.038896784186363220e-02,4.808180928230285645e-01,1.395449340343475342e-01,-3.834606707096099854e-02
-4.203414916992187500e-01,-1.039990544319152832e+00,4.941448867321014404e-01,3.116450458765029907e-02,-3.014690987765789032e-02,-9.727157950401306152e-01,-2.279121428728103638e-01,4.058499932289123535e-01,-1.250277459621429443e-01,-3.093490839004516602e+00,1.609873771667480469e-01,2.269999980926513672e+00,-6.640111804008483887e-01,-1.222020387649536133e+00,1.174601793289184570e+00,8.370510339736938477e-01,6.088035106658935547e-01,-3.493908643722534180e-01,-1.786462366580963135e-01,4.327132180333137512e-02,3.814960122108459473e-01,9.478078223764896393e-03,1.257812324911355972e-02,-3.882979452610015869e-01,-3.576711118221282959e-01,-4.912672191858291626e-02,4.486284554004669189e-01,1.571078896522521973e-01,-3.736404702067375183e-02
-4.230313301086425781e-01,-1.049790382385253906e+00,4.939166307449340820e-01,2.529773302376270294e-02,-3.324528783559799194e-02,-9.335103034973144531e-01,-3.561085164546966553e-01,4.028986990451812744e-01,-1.110421717166900635e-01,-2.974179506301879883e+00,1.495957821607589722e-01,2.269999980926513672e+00,-6.644616127014160156e-01,-1.307507991790771484e+00,1.256382822990417480e+00,1.115401983261108398e+00,6.710611581802368164e-01,-3.224871456623077393e-01,-2.156778573989868164e-01,-4.062730073928833008e-02,3.780125379562377930e-01,-3.728998824954032898e-02,2.677807584404945374e-02,-4.835170805454254150e-01,-3.258342146873474121e-01,-8.051383495330810547e-02,4.821223914623260498e-01,1.160503998398780823e-01,-2.063521370291709900e-02
-4.268399477005004883e-01,-1.056627869606018066e+00,4.911666810512542725e-01,8.728252723813056946e-03,-3.547646105289459229e-02,-8.825369477272033691e-01,-4.688216745853424072e-01,3.847650289535522461e-01,-7.439370453357696533e-02,-2.848599672317504883e+00,1.577051281929016113e-01,2.269999980926513672e+00,-7.033295631408691406e-01,-1.370073556900024414e+00,1.304346442222595215e+00,1.321455359458923340e+00,8.203496932983398438e-01,-2.775411903858184814e-01,-2.660275101661682129e-01,-1.149203479290008545e-01,3.711394071578979492e-01,-1.112008094787597656e-01,4.900155961513519287e-02,-5.461115837097167969e-01,-2.782195210456848145e-01,-7.090006023645401001e-02,6.264747381210327148e-01,5.038105323910713196e-02,-2.391654066741466522e-02
-4.329167604446411133e-01,-1.062786817550659180e+00,4.860785901546478271e-01,-6.431852933019399643e-03,-3.510554507374763489e-02,-8.242005705833435059e-01,-5.651722550392150879e-01,3.448263108730316162e-01,-3.856237977743148804e-02,-2.740334510803222656e+00,1.662744730710983276e-01,2.269999980926513672e+00,-7.828167080879211426e-01,-1.429412722587585449e+00,1.312428593635559082e+00,1.443465590476989746e+00,1.002896189689636230e+00,-2.371420711278915405e-01,-3.089186847209930420e-01,-1.412702500820159912e-01,3.564217686653137207e-01,-2.067658901214599609e-01,7.934852689504623413e-02,-5.735406875610351562e-01,-2.863678634166717529e-01,-1.132016628980636597e-01,8.247793912887573242e-01,-2.795392461121082306e-02,-3.795162588357925415e-02
-4.435795247554779053e-01,-1.070603370666503906e+00,4.784586131572723389e-01,-1.076870597898960114e-02,-3.563752770423889160e-02,-7.675864696502685547e-01,-6.398633122444152832e-01,2.915269136428833008e-01,-3.013800457119941711e-02,-2.662475109100341797e+00,1.617449969053268433e-01,2.269999980926513672e+00,-8.845980167388916016e-01,-1.502684235572814941e+00,1.289140462875366211e+00,1.509581804275512695e+00,1.187477827072143555e+00,-2.460074871778488159e-01,-3.397136330604553223e-01,-8.143883198499679565e-02,3.583916425704956055e-01,-2.992836534976959229e-01,1.225080564618110657e-01,-5.650481581687927246e-01,-3.241917490959167480e-01,-1.640615761280059814e-01,1.004624009132385254e+00,-8.193334937095642090e-02,-1.308363024145364761e-02
-4.548901319503784180e-01,-1.080693602561950684e+00,4.696604609489440918e-01,-9.756843559443950653e-03,-4.309365525841712952e-02,-7.153486013412475586e-01,-6.973694562911987305e-01,2.434251755475997925e-01,-4.469429701566696167e-02,-2.615994453430175781e+00,1.598377525806427002e-01,2.269999980926513672e+00,-9.953185915946960449e-01,-1.597399950027465820e+00,1.253390431404113770e+00,1.543577909469604492e+00,1.351740360260009766e+00,-3.074409961700439453e-01,-3.738674223423004150e-01,3.254358191043138504e-03,3.811427950859069824e-01,-3.569422364234924316e-01,1.658925414085388184e-01,-5.252341032028198242e-01,-3.001290857791900635e-01,-1.714457422494888306e-01,1.103512167930603027e+00,-5.288900434970855713e-02,6.087096035480499268e-02
-4.631420075893402100e-01,-1.091323018074035645e+00,4.635308086872100830e-01,-1.018802169710397720e-02,-5.192587152123451233e-02,-6.610183715820312500e-01,-7.485015988349914551e-01,2.144399285316467285e-01,-6.569763273000717163e-02,-2.585340976715087891e+00,1.725024580955505371e-01,2.269999980926513672e+00,-1.117715835571289062e+00,-1.670881390571594238e+00,1.220693707466125488e+00,1.555128931999206543e+00,1.482917189598083496e+00,-3.818199634552001953e-01,-3.843306303024291992e-01,1.058068275451660156e-01,4.037063717842102051e-01,-3.792247176170349121e-01,1.932487189769744873e-01,-4.493325650691986084e-01,-2.230879813432693481e-01,-1.686070263385772705e-01,1.098865270614624023e+00,1.626893319189548492e-02,1.288920044898986816e-01
-4.728375673294067383e-01,-1.094987988471984863e+00,4.596681594848632812e-01,-6.077137775719165802e-03,-5.669727921485900879e-02,-6.002665758132934570e-01,-7.977647185325622559e-01,1.930837631225585938e-01,-8.415612578392028809e-02,-2.549522399902343750e+00,1.779248267412185669e-01,2.269999980926513672e+00,-1.236515641212463379e+00,-1.720951318740844727e+00,1.175145864486694336e+00,1.563245654106140137e+00,1.605985879898071289e+00,-4.389351904392242432e-01,-3.608781695365905762e-01,2.183738499879837036e-01,4.204466342926025391e-01,-3.999637663364410400e-01,2.102664411067962646e-01,-3.465385437011718750e-01,-2.147689461708068848e-01,-2.217316478490829468e-01,1.025723338127136230e+00,4.178171232342720032e-02,1.607438325881958008e-01
-4.672977328300476074e-01,-1.096375823020935059e+00,4.608721435070037842e-01,-7.361779455095529556e-03,-5.635618790984153748e-02,-5.356575250625610352e-01,-8.425204753875732422e-01,1.656436473131179810e-01,-8.251402527093887329e-02,-2.496065378189086914e+00,1.707075089216232300e-01,2.269999980926513672e+00,-1.359528541564941406e+00,-1.747754096984863281e+00,1.114747881889343262e+00,1.581094741821289062e+00,1.724816918373107910e+00,-4.625340700149536133e-01,-3.209963738918304443e-01,2.835348844528198242e-01,4.380254447460174561e-01,-4.329657256603240967e-01,1.663815677165985107e-01,-2.113031446933746338e-01,-2.425329983234405518e-01,-3.582595288753509521e-01,8.693575263023376465e-01,-8.485831320285797119e-02,1.427757441997528076e-01
-4.441573023796081543e-01,-1.112723588943481445e+00,4.679746925830841064e-01,-2.307228371500968933e-02,-4.398415982723236084e-02,-4.767183959484100342e-01,-8.776517510414123535e-01,1.295778304338455200e-01,-5.219747871160507202e-02,-2.422544479370117188e+00,1.518716961145401001e-01,2.269999980926513672e+00,-1.487134456634521484e+00,-1.729711413383483887e+00,1.040074229240417480e+00,1.592670321464538574e+00,1.825961828231811523e+00,-4.609073698520660400e-01,-2.565555572509765625e-01,3.161412179470062256e-01,4.779539704322814941e-01,-4.420019388198852539e-01,6.982871890068054199e-02,-7.298475503921508789e-02,-1.802723854780197144e-01,-4.555288553237915039e-01,6.614426374435424805e-01,-3.001943230628967285e-01,6.794925034046173096e-02
-4.332076609134674072e-01,-1.133008599281311035e+00,4.731020033359527588e-01,-3.233399242162704468e-02,-3.373178839683532715e-02,-4.244865477085113525e-01,-9.042277932167053223e-01,9.630455076694488525e-02,-4.175245389342308044e-02,-2.364875793457031250e+00,1.120711192488670349e-01,2.269999980926513672e+00,-1.606678962707519531e+00,-1.714353680610656738e+00,9.535208344459533691e-01,1.603487849235534668e+00,1.901257872581481934e+00,-4.805824160575866699e-01,-1.809119284152984619e-01,3.583793044090270996e-01,5.251569747924804688e-01,-4.142153859138488770e-01,1.293037179857492447e-02,-1.283713430166244507e-02,-1.185693815350532532e-01,-4.395329058170318604e-01,5.182722806930541992e-01,-4.384703636169433594e-01,4.681292455643415451e-03
-4.321253001689910889e-01,-1.150487065315246582e+00,4.755485057830810547e-01,-3.149702772498130798e-02,-3.122170269489288330e-02,-3.738961517810821533e-01,-9.264096617698669434e-01,6.973012536764144897e-02,-5.560472980141639709e-02,-2.335927009582519531e+00,5.363527685403823853e-02,2.269999980926513672e+00,-1.711565375328063965e+00,-1.715062379837036133e+00,8.648394346237182617e-01,1.622151970863342285e+00,1.952400088310241699e+00,-5.184913873672485352e-01,-9.074392914772033691e-02,4.210346341133117676e-01,5.737684369087219238e-01,-3.925240039825439453e-01,-7.959575392305850983e-03,-6.860954221338033676e-03,-8.571182191371917725e-02,-4.196403622627258301e-01,4.324412941932678223e-01,-5.299789905548095703e-01,-3.839545696973800659e-02
-4.347123205661773682e-01,-1.163874864578247070e+00,4.760150015354156494e-01,-3.060242906212806702e-02,-2.261928468942642212e-02,-3.246673047542572021e-01,-9.450624585151672363e-01,3.893315047025680542e-02,-6.211267784237861633e-02,-2.320897579193115234e+00,-1.985375303775072098e-03,2.269999980926513672e+00,-1.801377415657043457e+00,-1.699890494346618652e+00,7.708259224891662598e-01,1.630673885345458984e+00,1.996695518493652344e+00,-5.434293150901794434e-01,-7.001605816185474396e-03,4.563576877117156982e-01,6.385759115219116211e-01,-3.916337192058563232e-01,-3.803256899118423462e-02,-8.430643938481807709e-03,-7.514999806880950928e-02,-3.993032276630401611e-01,4.065628051757812500e-01,-5.864609479904174805e-01,-5.883068963885307312e-02
-4.391849339008331299e-01,-1.167158722877502441e+00,4.749905765056610107e-01,-2.779528684914112091e-02,-4.554252605885267258e-03,-2.770492434501647949e-01,-9.604427814483642578e-01,-6.835442502051591873e-03,-4.895632714033126831e-02,-2.289893627166748047e+00,-4.338291659951210022e-02,2.267500400543212891e+00,-1.891059041023254395e+00,-1.647309899330139160e+00,6.878493428230285645e-01,1.605527758598327637e+00,2.026205301284790039e+00,-5.372043251991271973e-01,5.979345738887786865e-02,4.723048210144042969e-01,7.117704153060913086e-01,-4.055222272872924805e-01,-7.151263952255249023e-02,-2.660465426743030548e-02,-7.342343777418136597e-02,-3.104012310504913330e-01,4.558401107788085938e-01,-5.981783270835876465e-01,-3.979365900158882141e-02
-4.405824840068817139e-01,-1.168968558311462402e+00,4.747708737850189209e-01,-2.243109792470932007e-02,1.242371182888746262e-02,-2.309859842061996460e-01,-9.726191163063049316e-01,-6.297940760850906372e-02,-3.200985491275787354e-02,-2.219977617263793945e+00,-6.700040400028228760e-02,2.240959882736206055e+00,-1.993443250656127930e+00,-1.545377373695373535e+00,5.913292169570922852e-01,1.538166642189025879e+00,2.052177190780639648e+00,-5.121499300003051758e-01,1.347651034593582153e-01,4.982328712940216064e-01,7.911213040351867676e-01,-4.157378077507019043e-01,-8.709047734737396240e-02,-2.785000205039978027e-02,-4.702587798237800598e-02,-2.114443928003311157e-01,4.723343253135681152e-01,-5.857664942741394043e-01,-2.919823676347732544e-02
-4.398553371429443359e-01,-1.171675682067871094e+00,4.746333360671997070e-01,-1.592758484184741974e-02,2.846809849143028259e-02,-2.081105560064315796e-01,-9.775611758232116699e-01,-1.868310272693634033e-01,-1.915855146944522858e-02,-1.889534235000610352e+00,-1.678863614797592163e-01,1.963030815124511719e+00,-2.048513174057006836e+00,-1.392725706100463867e+00,4.527516663074493408e-01,1.432659983634948730e+00,2.061788558959960938e+00,-4.904288947582244873e-01,1.885262429714202881e-01,4.835570454597473145e-01,8.704679012298583984e-01,-4.094523489475250244e-01,-7.195132970809936523e-02,6.028325762599706650e-03,-1.719047501683235168e-02,-1.729954630136489868e-01,4.501746594905853271e-01,-5.725395679473876953e-01,-2.578085660934448242e-02
-4.363998174667358398e-01,-1.173451662063598633e+00,4.744614362716674805e-01,-2.297134511172771454e-02,3.591077774763107300e-02,-1.975208967924118042e-01,-9.793713688850402832e-01,-3.543026149272918701e-01,-3.235579654574394226e-02,-1.497215390205383301e+00,-3.124362528324127197e-01,1.611838340759277344e+00,-2.054007530212402344e+00,-1.285998463630676270e+00,3.018391132354736328e-01,1.352694034576416016e+00,2.055135011672973633e+00,-4.768274426460266113e-01,1.748202890157699585e-01,4.442600309848785400e-01,9.319232106208801270e-01,-3.937661945819854736e-01,-5.563329905271530151e-02,3.784870356321334839e-02,-3.125496581196784973e-02,-1.675593107938766479e-01,4.323096275329589844e-01,-5.679248571395874023e-01,-1.056207343935966492e-02
-4.328331053256988525e-01,-1.172406315803527832e+00,4.748976230621337891e-01,-2.669067122042179108e-02,3.594861552119255066e-02,-1.599984318017959595e-01,-9.861013293266296387e-01,-4.638644456863403320e-01,-7.615936547517776489e-02,-1.379275918006896973e+00,-3.685692548751831055e-01,1.521800518035888672e+00,-2.083673477172851562e+00,-1.254106044769287109e+00,2.191868275403976440e-01,1.312825441360473633e+00,2.045714378356933594e+00,-4.660979509353637695e-01,1.613301485776901245e-01,4.285058379173278809e-01,9.779057502746582031e-01,-3.815956711769104004e-01,-6.469004601240158081e-02,3.552735969424247742e-02,-4.726561531424522400e-02,-1.124320924282073975e-01,4.257892072200775146e-01,-5.616376399993896484e-01,1.388037204742431641e-02
-4.293776154518127441e-01,-1.170115470886230469e+00,4.755776226520538330e-01,-3.085994161665439606e-02,3.645082190632820129e-02,-1.159331575036048889e-01,-9.921081066131591797e-01,-5.579027533531188965e-01,-1.300843656063079834e-01,-1.299733400344848633e+00,-3.880454003810882568e-01,1.467839360237121582e+00,-2.114889621734619141e+00,-1.211914181709289551e+00,1.719304174184799194e-01,1.264109849929809570e+00,2.021426916122436523e+00,-4.499212503433227539e-01,1.338680386543273926e-01,4.130224287509918213e-01,1.001482844352722168e+00,-3.628796041011810303e-01,-6.569308787584304810e-02,2.847344428300857544e-02,-6.426786631345748901e-02,-4.044894501566886902e-02,4.220068454742431641e-01,-5.502597093582153320e-01,3.127879276871681213e-02
-4.256420731544494629e-01,-1.166481256484985352e+00,4.755454957485198975e-01,-3.531086072325706482e-02,4.019263759255409241e-02,-7.657638192176818848e-02,-9.956273436546325684e-01,-6.463887095451354980e-01,-1.720220893621444702e-01,-1.239415287971496582e+00,-4.102054238319396973e-01,1.428536891937255859e+00,-2.129799842834472656e+00,-1.173696756362915039e+00,1.361882090568542480e-01,1.217246651649475098e+00,2.006756067276000977e+00,-4.311772584915161133e-01,1.114724352955818176e-01,4.032137989997863770e-01,1.017397880554199219e+00,-3.543210327625274658e-01,-6.616751849651336670e-02,3.040386736392974854e-02,-8.521495014429092407e-02,2.458610385656356812e-02,4.197775721549987793e-01,-5.431452393531799316e-01,5.232428759336471558e-02
-4.213267266750335693e-01,-1.162388086318969727e+00,4.755630195140838623e-01,-4.192349687218666077e-02,4.151185974478721619e-02,-4.399156197905540466e-02,-9.972882866859436035e-01,-7.218351364135742188e-01,-2.074094265699386597e-01,-1.168326497077941895e+00,-4.289781749248504639e-01,1.378938317298889160e+00,-2.135915517807006836e+00,-1.128335118293762207e+00,1.176509112119674683e-01,1.158102869987487793e+00,1.981851696968078613e+00,-4.205525517463684082e-01,9.123798459768295288e-02,3.944226205348968506e-01,1.018851757049560547e+00,-3.567568957805633545e-01,-5.037759244441986084e-02,2.941346541047096252e-02,-1.126382648944854736e-01,7.868500798940658569e-02,4.193008244037628174e-01,-5.373815298080444336e-01,6.875785440206527710e-02
-4.161346554756164551e-01,-1.157224416732788086e+00,4.746640920639038086e-01,-5.090057477355003357e-02,4.281423985958099365e-02,-1.833223924040794373e-02,-9.976171851158142090e-01,-7.794535160064697266e-01,-2.337659895420074463e-01,-1.083394885063171387e+00,-4.493083357810974121e-01,1.303102374076843262e+00,-2.143869400024414062e+00,-1.056295752525329590e+00,1.116247028112411499e-01,1.064846754074096680e+00,1.957918047904968262e+00,-4.168944656848907471e-01,7.406072318553924561e-02,3.861936926841735840e-01,1.016025185585021973e+00,-3.613829910755157471e-01,-3.000131435692310333e-02,2.931693196296691895e-02,-1.484437733888626099e-01,1.206372305750846863e-01,4.258133769035339355e-01,-5.315939188003540039e-01,8.733662217855453491e-02
-4.105345308780670166e-01,-1.152386546134948730e+00,4.729537665843963623e-01,-5.762705206871032715e-02,4.466800391674041748e-02,6.178907118737697601e-03,-9.973192811012268066e-01,-8.080428242683410645e-01,-2.441430240869522095e-01,-1.022693395614624023e+00,-4.639346301555633545e-01,1.238149762153625488e+00,-2.145020723342895508e+00,-9.609657526016235352e-01,1.304331719875335693e-01,9.529660344123840332e-01,1.936164379119873047e+00,-4.177028238773345947e-01,6.911114603281021118e-02,3.765104711055755615e-01,1.009596824645996094e+00,-3.686260581016540527e-01,-1.274569984525442123e-02,1.638562232255935669e-02,-1.807408183813095093e-01,1.437779366970062256e-01,4.558452963829040527e-01,-5.257661938667297363e-01,1.017682403326034546e-01
-4.049060642719268799e-01,-1.147555708885192871e+00,4.710327386856079102e-01,-5.133388191461563110e-02,5.096741765737533569e-02,2.902821078896522522e-02,-9.969576597213745117e-01,-8.123607039451599121e-01,-2.180264592170715332e-01,-9.912959933280944824e-01,-4.571725726127624512e-01,1.214663505554199219e+00,-2.141509771347045898e+00,-6.197299957275390625e-01,1.897284388542175293e-01,6.151521801948547363e-01,1.940536141395568848e+00,-4.208148121833801270e-01,9.502094984054565430e-02,3.493257761001586914e-01,1.009832620620727539e+00,-3.778338730335235596e-01,-3.319115145131945610e-03,8.954767137765884399e-03,-1.810144037008285522e-01,1.633883267641067505e-01,4.918225407600402832e-01,-5.243642330169677734e-01,1.077579334378242493e-01
-3.976341784000396729e-01,-1.140966534614562988e+00,4.695364534854888916e-01,-4.525857418775558472e-02,5.519605055451393127e-02,4.015690460801124573e-02,-9.966406226158142090e-01,-8.084021210670471191e-01,-1.864754706621170044e-01,-9.848502874374389648e-01,-4.544643759727478027e-01,1.210398435592651367e+00,-2.123666286468505859e+00,-4.286132752895355225e-01,2.293381989002227783e-01,4.320535361766815186e-01,1.950911045074462891e+00,-4.371074438095092773e-01,1.102484464645385742e-01,3.136780261993408203e-01,1.008965373039245605e+00,-3.872834742069244385e-01,3.420167835429310799e-03,2.024915255606174469e-02,-1.864160299301147461e-01,1.761934012174606323e-01,5.035174489021301270e-01,-5.318571329116821289e-01,1.087555214762687683e-01
-3.895632028579711914e-01,-1.133756756782531738e+00,4.685890972614288330e-01,-4.079974442720413208e-02,5.634386837482452393e-02,4.442986473441123962e-02,-9.965875744819641113e-01,-7.911890149116516113e-01,-1.527587920427322388e-01,-9.579896926879882812e-01,-4.476584196090698242e-01,1.175606489181518555e+00,-2.096793174743652344e+00,-2.946192920207977295e-01,2.588478028774261475e-01,3.054327964782714844e-01,1.954874157905578613e+00,-4.637422859668731689e-01,1.131203398108482361e-01,2.802328169345855713e-01,1.000737428665161133e+00,-3.998402655124664307e-01,1.880972646176815033e-03,4.022320732474327087e-02,-1.981870234012603760e-01,1.792246848344802856e-01,4.971864223480224609e-01,-5.270231962203979492e-01,1.156016364693641663e-01
-3.806909918785095215e-01,-1.126575589179992676e+00,4.685177803039550781e-01,-3.834770992398262024e-02,5.451302602887153625e-02,4.177948087453842163e-02,-9.969013333320617676e-01,-7.620021104812622070e-01,-1.239219531416893005e-01,-9.034580588340759277e-01,-4.437681734561920166e-01,1.109249472618103027e+00,-2.064215660095214844e+00,-6.869054585695266724e-02,2.994666099548339844e-01,9.680803120136260986e-02,1.961566090583801270e+00,-4.978034496307373047e-01,8.162307739257812500e-02,2.334886342287063599e-01,9.771797657012939453e-01,-4.023774266242980957e-01,-1.635970734059810638e-02,7.256348431110382080e-02,-2.147913873195648193e-01,1.659417897462844849e-01,4.676778614521026611e-01,-4.980235993862152100e-01,1.276981532573699951e-01
-3.716845512390136719e-01,-1.119130253791809082e+00,4.685790836811065674e-01,-3.813028708100318909e-02,4.283624142408370972e-02,3.218434751033782959e-02,-9.978353381156921387e-01,-7.091028094291687012e-01,-1.121653616428375244e-01,-8.746387362480163574e-01,-4.481655657291412354e-01,1.037144541740417480e+00,-2.016016960144042969e+00,1.219125166535377502e-01,3.593084216117858887e-01,-8.071555197238922119e-02,1.948889851570129395e+00,-5.477712750434875488e-01,3.333636000752449036e-02,1.991018354892730713e-01,9.469639658927917480e-01,-3.786132335662841797e-01,-4.002780839800834656e-02,9.782340377569198608e-02,-2.344178259372711182e-01,1.408141702413558960e-01,4.234721958637237549e-01,-4.376103579998016357e-01,1.269616335630416870e-01
-3.599833846092224121e-01,-1.109957575798034668e+00,4.665017127990722656e-01,-4.104623943567276001e-02,3.143715858459472656e-02,8.942853659391403198e-03,-9.986225366592407227e-01,-6.253950595855712891e-01,-1.072576344013214111e-01,-8.342933058738708496e-01,-4.733338654041290283e-01,9.402746558189392090e-01,-1.972811818122863770e+00,3.232494294643402100e-01,4.740870296955108643e-01,-2.634190917015075684e-01,1.955280542373657227e+00,-5.884258747100830078e-01,-3.620018251240253448e-03,2.162880152463912964e-01,9.463086128234863281e-01,-3.443921506404876709e-01,-4.906009137630462646e-02,1.465383470058441162e-01,-2.606449127197265625e-01,9.651070088148117065e-02,3.744898736476898193e-01,-3.530941307544708252e-01,1.491274088621139526e-01
-3.452893495559692383e-01,-1.101135134696960449e+00,4.603032171726226807e-01,-4.529440402984619141e-02,2.110317163169384003e-02,-2.183696068823337555e-02,-9.985120296478271484e-01,-5.088695883750915527e-01,-1.080377474427223206e-01,-7.657997012138366699e-01,-5.167008042335510254e-01,8.037940263748168945e-01,-1.926424860954284668e+00,4.457384943962097168e-01,6.595109105110168457e-01,-3.810357749462127686e-01,1.999146223068237305e+00,-6.172338128089904785e-01,-5.546885728836059570e-02,2.406028360128402710e-01,9.796356558799743652e-01,-2.972971498966217041e-01,-6.771066784858703613e-02,1.870436370372772217e-01,-2.784756720066070557e-01,5.658459290862083435e-02,3.740801811218261719e-01,-2.448291927576065063e-01,2.105026543140411377e-01
-3.323644697666168213e-01,-1.094148278236389160e+00,4.526725709438323975e-01,-4.493238404393196106e-02,5.385819356888532639e-03,-4.784981906414031982e-02,-9.978289008140563965e-01,-3.504795432090759277e-01,-1.344600915908813477e-01,-7.193511128425598145e-01,-5.739858150482177734e-01,6.560035347938537598e-01,-1.841219902038574219e+00,4.333987832069396973e-01,8.164676427841186523e-01,-4.129234850406646729e-01,2.051275253295898438e+00,-6.327834129333496094e-01,-1.377823948860168457e-01,2.364487797021865845e-01,9.867869019508361816e-01,-2.060643881559371948e-01,-8.701928704977035522e-02,1.585019528865814209e-01,-2.682391405105590820e-01,6.645409017801284790e-02,4.585297405719757080e-01,-1.122112795710563660e-01,2.159977853298187256e-01
-3.248802125453948975e-01,-1.086968064308166504e+00,4.455979168415069580e-01,-4.021833837032318115e-02,-1.171765848994255066e-02,-6.949832290410995483e-02,-9.967021346092224121e-01,-1.713902652263641357e-01,-1.897922903299331665e-01,-7.158920764923095703e-01,-6.481274366378784180e-01,5.281159877777099609e-01,-1.707439661026000977e+00,3.563456535339355469e-01,9.018389582633972168e-01,-4.000714123249053955e-01,2.094563961029052734e+00,-6.320762634277343750e-01,-2.004786729812622070e-01,2.470908015966415405e-01,9.578048586845397949e-01,-1.708656698465347290e-01,-3.460655733942985535e-02,4.938333481550216675e-02,-2.392974197864532471e-01,1.056077629327774048e-01,6.475028991699218750e-01,5.865816771984100342e-02,1.901818215847015381e-01
-3.206573724746704102e-01,-1.073022246360778809e+00,4.391923844814300537e-01,-2.839889191091060638e-02,-2.635499648749828339e-02,-8.508614450693130493e-02,-9.956200122833251953e-01,2.934825373813509941e-03,-2.699856162071228027e-01,-8.147799372673034668e-01,-7.146736979484558105e-01,4.527280628681182861e-01,-1.491150736808776855e+00,2.609096169471740723e-01,8.776300549507141113e-01,-3.523166179656982422e-01,2.120139598846435547e+00,-6.258779764175415039e-01,-2.289320081472396851e-01,2.661345899105072021e-01,9.275779128074645996e-01,-2.367754280567169189e-01,8.529696613550186157e-02,-1.234649196267127991e-01,-2.063713520765304565e-01,1.573568731546401978e-01,9.141089916229248047e-01,2.253971099853515625e-01,1.434794068336486816e-01
-3.136436045169830322e-01,-1.049084901809692383e+00,4.304495751857757568e-01,-7.706539705395698547e-03,-2.448688261210918427e-02,-9.653191268444061279e-02,-9.949988126754760742e-01,1.267962753772735596e-01,-3.245393037796020508e-01,-1.020761251449584961e+00,-7.770766615867614746e-01,4.546009600162506104e-01,-1.168422102928161621e+00,1.872158348560333252e-01,7.516090869903564453e-01,-2.729543149471282959e-01,2.149821043014526367e+00,-6.042287349700927734e-01,-2.641685307025909424e-01,2.464466542005538940e-01,9.443856477737426758e-01,-3.376672267913818359e-01,1.686162054538726807e-01,-3.296967446804046631e-01,-1.696793884038925171e-01,2.078153789043426514e-01,1.219426989555358887e+00,2.252695262432098389e-01,8.499271422624588013e-02
-3.045451641082763672e-01,-1.019411206245422363e+00,4.193378388881683350e-01,1.107347197830677032e-02,-8.915180340409278870e-03,-1.108573228120803833e-01,-9.937346577644348145e-01,1.723152846097946167e-01,-3.141341209411621094e-01,-1.256801724433898926e+00,-8.914695978164672852e-01,4.325632750988006592e-01,-8.054835200309753418e-01,1.514264494180679321e-01,5.527655482292175293e-01,-2.017007917165756226e-01,2.183134078979492188e+00,-5.436532497406005859e-01,-2.986121177673339844e-01,2.454413473606109619e-01,9.697856903076171875e-01,-4.238242208957672119e-01,2.264267504215240479e-01,-5.519413352012634277e-01,-1.571689546108245850e-01,2.356269508600234985e-01,1.491037964820861816e+00,1.216490864753723145e-01,2.266314812004566193e-02
-2.916578948497772217e-01,-9.931455850601196289e-01,4.121460914611816406e-01,2.232072688639163971e-02,5.042820703238248825e-03,-1.223229393362998962e-01,-9.922265410423278809e-01,1.616051048040390015e-01,-2.763063013553619385e-01,-1.463736891746520996e+00,-9.437597990036010742e-01,3.656985461711883545e-01,-4.956612884998321533e-01,1.596807837486267090e-01,3.489481806755065918e-01,-1.758522689342498779e-01,2.213875770568847656e+00,-4.509610831737518311e-01,-3.359285891056060791e-01,2.486119270324707031e-01,9.508078694343566895e-01,-4.917424917221069336e-01,2.492029964923858643e-01,-7.470884919166564941e-01,-6.512621045112609863e-02,2.454365938901901245e-01,1.640627980232238770e+00,6.111293658614158630e-02,6.110640242695808411e-03
-2.744344174861907959e-01,-9.719372987747192383e-01,4.111196994781494141e-01,2.486666291952133179e-02,1.503066811710596085e-02,-1.243461892008781433e-01,-9.918133616447448730e-01,1.313265115022659302e-01,-2.519417703151702881e-01,-1.545218944549560547e+00,-9.407666921615600586e-01,3.861296176910400391e-01,-3.124448955059051514e-01,2.087073624134063721e-01,2.099277526140213013e-01,-1.771191805601119995e-01,2.222960948944091797e+00,-3.311553001403808594e-01,-3.742619156837463379e-01,2.531994879245758057e-01,8.728603124618530273e-01,-5.014521479606628418e-01,2.249552458524703979e-01,-8.915147185325622559e-01,1.238447353243827820e-01,2.104222923517227173e-01,1.657996296882629395e+00,6.330796331167221069e-02,5.920590832829475403e-02
-2.585902214050292969e-01,-9.481657743453979492e-01,4.167177379131317139e-01,3.358053043484687805e-02,2.857438847422599792e-02,-1.168333962559700012e-01,-9.921722412109375000e-01,8.852571994066238403e-02,-2.294838577508926392e-01,-1.506732940673828125e+00,-9.596589207649230957e-01,5.103920102119445801e-01,-2.831979393959045410e-01,2.937855720520019531e-01,1.909474581480026245e-01,-2.130950093269348145e-01,2.179316282272338867e+00,-1.614413261413574219e-01,-3.965625166893005371e-01,2.441711425781250000e-01,7.092431187629699707e-01,-4.161542057991027832e-01,1.792323589324951172e-01,-9.793969392776489258e-01,2.870739400386810303e-01,1.344068497419357300e-01,1.541633486747741699e+00,1.297628730535507202e-01,1.336154192686080933e-01
-2.462733834981918335e-01,-9.232652783393859863e-01,4.294956028461456299e-01,5.246429890394210815e-02,4.595243185758590698e-02,-1.378444880247116089e-01,-9.879953265190124512e-01,-4.166290536522865295e-02,-1.923490166664123535e-01,-1.367807745933532715e+00,-1.026616454124450684e+00,6.859683394432067871e-01,-4.117741584777832031e-01,6.281899213790893555e-01,3.424337208271026611e-01,-5.270640254020690918e-01,2.101833581924438477e+00,6.562393158674240112e-02,-3.982389569282531738e-01,1.580039858818054199e-01,4.634779691696166992e-01,-1.822496801614761353e-01,1.115650460124015808e-01,-9.628440737724304199e-01,3.311091363430023193e-01,5.131410900503396988e-03,1.285585284233093262e+00,2.361114174127578735e-01,2.014887928962707520e-01
-2.298159301280975342e-01,-9.081888198852539062e-01,4.408632218837738037e-01,4.318144917488098145e-02,5.577124282717704773e-02,-2.133763134479522705e-01,-9.744206070899963379e-01,-3.017520606517791748e-01,-1.729082912206649780e-01,-1.207871198654174805e+00,-1.158316254615783691e+00,8.582961559295654297e-01,-6.479206085205078125e-01,9.983033537864685059e-01,6.518619656562805176e-01,-9.419589042663574219e-01,2.058087825775146484e+00,2.922886013984680176e-01,-3.996495008468627930e-01,-1.353611983358860016e-02,2.545396983623504639e-01,1.547431498765945435e-01,-2.789824793580919504e-04,-8.651881814002990723e-01,2.645276188850402832e-01,-1.485166400671005249e-01,9.861752390861511230e-01,3.437269628047943115e-01,2.567607164382934570e-01
-1.924503147602081299e-01,-8.850889801979064941e-01,4.457139372825622559e-01,2.296738699078559875e-02,6.160634383559226990e-02,-2.496695518493652344e-01,-9.660964012145996094e-01,-5.125417709350585938e-01,-1.769117414951324463e-01,-1.127738714218139648e+00,-1.169987797737121582e+00,1.043127417564392090e+00,-9.156336784362792969e-01,9.741230607032775879e-01,8.573089241981506348e-01,-1.043660044670104980e+00,1.897107243537902832e+00,4.482470750808715820e-01,-4.000000059604644775e-01,-7.542763650417327881e-02,1.979373395442962646e-01,3.449997901916503906e-01,-1.341367512941360474e-01,-7.366814613342285156e-01,2.395741492509841919e-01,-2.722776532173156738e-01,7.806612849235534668e-01,3.449999988079071045e-01,2.885136306285858154e-01
-1.614392995834350586e-01,-8.615338802337646484e-01,4.509453773498535156e-01,1.874321256764233112e-03,7.740595191717147827e-02,-2.709530889987945557e-01,-9.594734311103820801e-01,-7.238189578056335449e-01,-1.615629494190216064e-01,-1.128965854644775391e+00,-1.149928808212280273e+00,1.249449729919433594e+00,-1.203233718872070312e+00,9.226461648941040039e-01,9.841347932815551758e-01,-1.141916632652282715e+00,1.697239160537719727e+00,5.213971734046936035e-01,-4.000000059604644775e-01,-7.493340969085693359e-02,2.622432410717010498e-01,3.449999988079071045e-01,-1.944366991519927979e-01,-5.706394910812377930e-01,2.124378234148025513e-01,-4.058129489421844482e-01,5.876131057739257812e-01,3.449999988079071045e-01,2.848981022834777832e-01
-1.453894227743148804e-01,-8.303623795509338379e-01,4.539594054222106934e-01,-1.162331178784370422e-02,9.183152765035629272e-02,-2.909243106842041016e-01,-9.522578120231628418e-01,-8.981164097785949707e-01,-1.480761468410491943e-01,-1.201572537422180176e+00,-1.144055128097534180e+00,1.424539685249328613e+00,-1.472508788108825684e+00,8.613756895065307617e-01,1.023212432861328125e+00,-1.237818956375122070e+00,1.486122965812683105e+00,5.418464541435241699e-01,-4.000000059604644775e-01,-3.500889614224433899e-02,3.033350408077239990e-01,3.446453809738159180e-01,-1.925493478775024414e-01,-4.511139690876007080e-01,1.737197935581207275e-01,-4.542860984802246094e-01,5.435490608215332031e-01,3.449999988079071045e-01,2.574103772640228271e-01
-1.461628973484039307e-01,-8.001223802566528320e-01,4.526341259479522705e-01,-2.328834868967533112e-02,1.044184789061546326e-01,-2.992933392524719238e-01,-9.481444358825683594e-01,-1.000000000000000000e+00,-1.468950510025024414e-01,-1.289847373962402344e+00,-1.162550687789916992e+00,1.526827692985534668e+00,-1.709125518798828125e+00,8.300605416297912598e-01,9.575966000556945801e-01,-1.352649927139282227e+00,1.230198025703430176e+00,4.705085456371307373e-01,-4.000000059604644775e-01,8.052721619606018066e-02,4.361001253128051758e-01,2.723407745361328125e-01,-1.515147835016250610e-01,-3.631123304367065430e-01,1.521116197109222412e-01,-3.817529678344726562e-01,4.820012748241424561e-01,3.449999988079071045e-01,1.652465760707855225e-01
-1.421159505844116211e-01,-7.854243516921997070e-01,4.503545761108398438e-01,-5.622558295726776123e-02,9.795226156711578369e-02,-2.816689610481262207e-01,-9.528413414955139160e-01,-1.000000000000000000e+00,-1.548763066530227661e-01,-1.372976183891296387e+00,-1.162214159965515137e+00,1.555807948112487793e+00,-1.889561295509338379e+00,8.179029822349548340e-01,7.943012714385986328e-01,-1.462895870208740234e+00,9.315932393074035645e-01,3.015874028205871582e-01,-3.832965791225433350e-01,2.717495560646057129e-01,6.477196216583251953e-01,1.403671652078628540e-01,-9.625261276960372925e-02,-3.508569002151489258e-01,1.100893318653106689e-01,-2.577416896820068359e-01,4.745324850082397461e-01,1.961340010166168213e-01,2.535348013043403625e-02
-1.098482683300971985e-01,-7.648721933364868164e-01,4.478701651096343994e-01,-5.359342321753501892e-02,8.857250958681106567e-02,-2.939085960388183594e-01,-9.502106904983520508e-01,-1.000000000000000000e+00,-1.380377560853958130e-01,-1.433355569839477539e+00,-1.172252416610717773e+00,1.588943123817443848e+00,-2.019695758819580078e+00,8.353022336959838867e-01,6.743737459182739258e-01,-1.564851522445678711e+00,6.336000561714172363e-01,1.411855220794677734e-01,-1.679203063249588013e-01,3.675930500030517578e-01,9.149218797683715820e-01,-4.838342964649200439e-02,-4.815996065735816956e-02,-3.797532320022583008e-01,1.063234806060791016e-01,-2.090733051300048828e-01,6.343504190444946289e-01,-7.880461215972900391e-02,-4.117050766944885254e-02
-8.076605945825576782e-02,-7.459434270858764648e-01,4.432111382484436035e-01,-4.990159720182418823e-02,8.417842537164688110e-02,-3.103359341621398926e-01,-9.455767869949340820e-01,-9.707966446876525879e-01,-1.135183721780776978e-01,-1.435920953750610352e+00,-1.148375272750854492e+00,1.600809335708618164e+00,-2.099086761474609375e+00,8.379148244857788086e-01,6.151357889175415039e-01,-1.574517607688903809e+00,4.760874509811401367e-01,-2.496270462870597839e-02,5.480805411934852600e-02,3.745032250881195068e-01,1.137996554374694824e+00,-2.017717659473419189e-01,2.798799984157085419e-02,-3.858012855052947998e-01,9.023397415876388550e-02,-2.234553098678588867e-01,7.738197445869445801e-01,-3.201128244400024414e-01,-9.608652442693710327e-02
-6.180987134575843811e-02,-7.222091555595397949e-01,4.341103434562683105e-01,-4.877082630991935730e-02,8.905935287475585938e-02,-3.123827278614044189e-01,-9.445140957832336426e-01,-8.457421064376831055e-01,-9.050798416137695312e-02,-1.382806539535522461e+00,-1.058356881141662598e+00,1.551294684410095215e+00,-2.131999492645263672e+00,7.585869431495666504e-01,5.824593305587768555e-01,-1.478075265884399414e+00,4.943684935569763184e-01,-2.068029493093490601e-01,1.840810030698776245e-01,3.244934380054473877e-01,1.307597517967224121e+00,-3.194896280765533447e-01,8.847199380397796631e-02,-3.853543996810913086e-01,5.005869641900062561e-02,-2.444312423467636108e-01,9.278389215469360352e-01,-5.045324563980102539e-01,-1.442157328128814697e-01
-4.843561351299285889e-02,-6.928244233131408691e-01,4.248288869857788086e-01,-4.393609985709190369e-02,9.558397531509399414e-02,-3.039699792861938477e-01,-9.468556046485900879e-01,-6.652182936668395996e-01,-7.814332097768783569e-02,-1.292358279228210449e+00,-9.297617673873901367e-01,1.459186077117919922e+00,-2.123003482818603516e+00,5.794494748115539551e-01,6.026706099510192871e-01,-1.294445991516113281e+00,6.570318937301635742e-01,-3.938280344009399414e-01,2.248491942882537842e-01,2.430064082145690918e-01,1.413548588752746582e+00,-3.898983299732208252e-01,9.958799928426742554e-02,-3.776203095912933350e-01,1.036560535430908203e-02,-2.409718483686447144e-01,1.066338539123535156e+00,-6.267619132995605469e-01,-1.593872904777526855e-01
-3.528785333037376404e-02,-6.646588444709777832e-01,4.212965071201324463e-01,-3.995489701628684998e-02,9.918779134750366211e-02,-2.931533455848693848e-01,-9.500665664672851562e-01,-4.435798525810241699e-01,-8.607111126184463501e-02,-1.189702749252319336e+00,-7.943790555000305176e-01,1.341827869415283203e+00,-2.071035146713256836e+00,4.178595840930938721e-01,6.717877984046936035e-01,-1.070321440696716309e+00,8.859071731567382812e-01,-5.654213428497314453e-01,2.390494197607040405e-01,1.632068902254104614e-01,1.463243603706359863e+00,-4.084746241569519043e-01,7.749892771244049072e-02,-3.344812095165252686e-01,-2.174740843474864960e-02,-2.240967899560928345e-01,1.128789305686950684e+00,-7.082115411758422852e-01,-1.682318449020385742e-01
-2.161121554672718048e-02,-6.379854083061218262e-01,4.242755770683288574e-01,-4.116776585578918457e-02,1.018208637833595276e-01,-2.897960841655731201e-01,-9.507659673690795898e-01,-2.300575673580169678e-01,-9.278276562690734863e-02,-1.103625655174255371e+00,-6.902669668197631836e-01,1.217324376106262207e+00,-1.970349907875061035e+00,3.901796936988830566e-01,7.292467355728149414e-01,-8.791968226432800293e-01,1.120597600936889648e+00,-7.050340771675109863e-01,2.488917410373687744e-01,1.000072732567787170e-01,1.472892761230468750e+00,-3.789990246295928955e-01,4.811897873878479004e-02,-2.425776869058609009e-01,-6.663455069065093994e-02,-2.159413248300552368e-01,1.109058737754821777e+00,-7.520922422409057617e-01,-1.604943871498107910e-01
-7.807313464581966400e-03,-6.108166575431823730e-01,4.329687356948852539e-01,-4.414451494812965393e-02,9.798394888639450073e-02,-2.861312925815582275e-01,-9.521445631980895996e-01,-2.514413744211196899e-02,-9.754418581724166870e-02,-1.041691899299621582e+00,-6.189091801643371582e-01,1.096787929534912109e+00,-1.807918310165405273e+00,4.662969112396240234e-01,7.187751531600952148e-01,-7.217789888381958008e-01,1.368136048316955566e+00,-8.057253360748291016e-01,2.692688703536987305e-01,7.765588909387588501e-02,1.434889912605285645e+00,-2.896621525287628174e-01,1.281357742846012115e-02,-1.215573474764823914e-01,-1.148912981152534485e-01,-2.131150066852569580e-01,1.004958510398864746e+00,-7.430260777473449707e-01,-1.308052837848663330e-01
5.066841840744018555e-03,-5.807798504829406738e-01,4.455832242965698242e-01,-4.455566033720970154e-02,8.491479605436325073e-02,-2.807550728321075439e-01,-9.549769163131713867e-01,1.516668945550918579e-01,-1.015270724892616272e-01,-9.988834261894226074e-01,-6.001091599464416504e-01,9.689893722534179688e-01,-1.560447812080383301e+00,5.684526562690734863e-01,6.006528139114379883e-01,-6.259951591491699219e-01,1.597103476524353027e+00,-8.643263578414916992e-01,2.734620273113250732e-01,8.586020022630691528e-02,1.331449389457702637e+00,-1.398096084594726562e-01,-5.196547508239746094e-02,7.505188230425119400e-03,-1.546168178319931030e-01,-2.095440179109573364e-01,8.296890258789062500e-01,-6.313315033912658691e-01,-7.041725516319274902e-02
1.290055178105831146e-02,-5.493342280387878418e-01,4.579275250434875488e-01,-4.766131937503814697e-02,7.393220812082290649e-02,-2.749829590320587158e-01,-9.574167132377624512e-01,2.634984552860260010e-01,-9.603412449359893799e-02,-9.751812219619750977e-01,-6.525275111198425293e-01,8.224583268165588379e-01,-1.225733399391174316e+00,6.280404329299926758e-01,3.862820565700531006e-01,-5.840951204299926758e-01,1.777703046798706055e+00,-8.495757579803466797e-01,2.247183620929718018e-01,9.093774855136871338e-02,1.140761971473693848e+00,6.839955598115921021e-02,-1.491481065750122070e-01,1.174831092357635498e-01,-1.915900707244873047e-01,-1.818250268697738647e-01,6.653072834014892578e-01,-3.621976077556610107e-01,-4.133132752031087875e-04
1.507094409316778183e-02,-5.198569297790527344e-01,4.669735133647918701e-01,-5.285643786191940308e-02,7.467047870159149170e-02,-2.746168673038482666e-01,-9.571917653083801270e-01,2.822433114051818848e-01,-6.739867478609085083e-02,-9.916390180587768555e-01,-7.870673537254333496e-01,6.622301340103149414e-01,-8.324875235557556152e-01,6.134685873985290527e-01,1.629305034875869751e-01,-5.143902301788330078e-01,1.925683021545410156e+00,-7.438533902168273926e-01,1.575285345315933228e-01,6.374175101518630981e-02,8.567258119583129883e-01,2.951691448688507080e-01,-2.036654204130172729e-01,1.529071182012557983e-01,-2.414638400077819824e-01,-1.655606627464294434e-01,6.587972044944763184e-01,-4.125038161873817444e-02,-3.788692876696586609e-03
3.394334018230438232e-02,-4.795836806297302246e-01,4.735229015350341797e-01,-6.374111026525497437e-02,8.312093466520309448e-02,-2.647084593772888184e-01,-9.586226940155029297e-01,2.415638118982315063e-01,-3.277213126420974731e-02,-1.075219273567199707e+00,-8.901592493057250977e-01,4.948714077472686768e-01,-4.502367973327636719e-01,6.155518293380737305e-01,-3.016498405486345291e-03,-4.684600830078125000e-01,2.089446544647216797e+00,-5.790379643440246582e-01,1.117116436362266541e-01,2.753358334302902222e-02,6.770904660224914551e-01,3.449999988079071045e-01,-1.959242224693298340e-01,1.067301779985427856e-01,-3.232936859130859375e-01,-1.421817839145660400e-01,8.714581131935119629e-01,4.942393675446510315e-02,-8.460783213376998901e-02
5.238457769155502319e-02,-4.356606304645538330e-01,4.771297276020050049e-01,-6.710057705640792847e-02,8.886154741048812866e-02,-2.452511489391326904e-01,-9.630436301231384277e-01,1.772582978010177612e-01,-4.579544812440872192e-02,-1.131215810775756836e+00,-8.797509670257568359e-01,4.208905398845672607e-01,-2.419762760400772095e-01,6.658741831779479980e-01,-4.965353757143020630e-02,-4.664512276649475098e-01,2.231257438659667969e+00,-4.208008050918579102e-01,5.112892016768455505e-02,-3.387239947915077209e-02,5.921810269355773926e-01,3.449999988079071045e-01,-1.710177809000015259e-01,-6.881383806467056274e-02,-4.116351008415222168e-01,-9.075406193733215332e-02,1.207230806350708008e+00,-2.098881825804710388e-02,-1.854783445596694946e-01
4.980230331420898438e-02,-3.979639708995819092e-01,4.737825095653533936e-01,-6.666623055934906006e-02,9.401498734951019287e-02,-2.376230657100677490e-01,-9.644957780838012695e-01,8.925302326679229736e-02,-9.623030573129653931e-02,-1.109551429748535156e+00,-8.752367496490478516e-01,3.783142566680908203e-01,-2.607306241989135742e-01,6.859112977981567383e-01,6.253407802432775497e-03,-4.633931815624237061e-01,2.321601152420043945e+00,-3.184244334697723389e-01,-2.874949388206005096e-02,-4.887457564473152161e-02,5.204916000366210938e-01,3.449999988079071045e-01,-1.008909791707992554e-01,-3.440869152545928955e-01,-4.254231154918670654e-01,-2.359021455049514771e-02,1.496882200241088867e+00,-6.536100804805755615e-02,-1.974466890096664429e-01
4.011280834674835205e-02,-3.665068149566650391e-01,4.698340296745300293e-01,-7.289947569370269775e-02,1.015099436044692993e-01,-2.440613359212875366e-01,-9.616732597351074219e-01,-2.829651162028312683e-02,-1.232470870018005371e-01,-1.047888398170471191e+00,-8.993220925331115723e-01,3.764775097370147705e-01,-3.953995108604431152e-01,6.346421241760253906e-01,1.310364007949829102e-01,-4.265107512474060059e-01,2.342357158660888672e+00,-2.466026097536087036e-01,-7.944521307945251465e-02,8.788116276264190674e-02,4.447437524795532227e-01,2.306494712829589844e-01,1.647589541971683502e-02,-5.953648686408996582e-01,-3.018250763416290283e-01,-1.110905222594738007e-02,1.594639182090759277e+00,-2.180565334856510162e-02,-9.943562000989913940e-02
5.289921164512634277e-02,-3.201377391815185547e-01,4.658914804458618164e-01,-7.520814239978790283e-02,1.060346141457557678e-01,-2.369564622640609741e-01,-9.627834558486938477e-01,-1.705158501863479614e-01,-1.273776888847351074e-01,-9.836615920066833496e-01,-8.997139334678649902e-01,4.452814161777496338e-01,-5.538767576217651367e-01,6.112045049667358398e-01,2.966468036174774170e-01,-4.467103481292724609e-01,2.292017698287963867e+00,-1.923495680093765259e-01,-1.269721090793609619e-01,2.266127169132232666e-01,5.203437805175781250e-01,-4.994146898388862610e-02,1.210401505231857300e-01,-7.172921299934387207e-01,-1.108674779534339905e-01,-3.426275029778480530e-02,1.488035678863525391e+00,-1.037878333590924740e-03,1.146745309233665466e-02
6.303697079420089722e-02,-2.782255113124847412e-01,4.579218626022338867e-01,-7.519463449716567993e-02,1.068890541791915894e-01,-2.661237120628356934e-01,-9.550385475158691406e-01,-4.062162041664123535e-01,-1.506508290767669678e-01,-9.448395371437072754e-01,-9.405182600021362305e-01,6.052516102790832520e-01,-7.719020843505859375e-01,8.326995372772216797e-01,5.470328927040100098e-01,-7.678133845329284668e-01,2.240667819976806641e+00,-2.121767699718475342e-01,-1.989222317934036255e-01,2.360155731439590454e-01,6.686686277389526367e-01,-2.341584414243698120e-01,1.920108199119567871e-01,-7.661026716232299805e-01,1.417272817343473434e-02,-1.046903729438781738e-01,1.249535083770751953e+00,5.892629176378250122e-02,9.886492788791656494e-02
7.078960537910461426e-02,-2.435648739337921143e-01,4.467201828956604004e-01,-8.369602262973785400e-02,1.086354032158851624e-01,-3.240441381931304932e-01,-9.360495209693908691e-01,-6.810544729232788086e-01,-1.986369639635086060e-01,-9.542205929756164551e-01,-9.925684928894042969e-01,8.231783509254455566e-01,-1.023337721824645996e+00,9.699870347976684570e-01,8.407645821571350098e-01,-1.060430765151977539e+00,2.170143127441406250e+00,-2.142704427242279053e-01,-2.823040783405303955e-01,2.249067127704620361e-01,7.878941893577575684e-01,-3.500376939773559570e-01,2.372670620679855347e-01,-7.538838982582092285e-01,5.336426571011543274e-02,-1.712512671947479248e-01,9.630640745162963867e-01,1.773976385593414307e-01,2.092121690511703491e-01
8.361603319644927979e-02,-2.108528167009353638e-01,4.353000223636627197e-01,-1.009146869182586670e-01,1.088169813156127930e-01,-3.601703941822052002e-01,-9.210062026977539062e-01,-8.872033357620239258e-01,-2.463672310113906860e-01,-9.927859902381896973e-01,-1.012867212295532227e+00,1.004767894744873047e+00,-1.280387639999389648e+00,9.666821360588073730e-01,1.024236559867858887e+00,-1.228294968605041504e+00,2.029826164245605469e+00,-1.344774812459945679e-01,-3.613263368606567383e-01,2.356371432542800903e-01,8.184607028961181641e-01,-4.970511198043823242e-01,2.954111099243164062e-01,-6.914448738098144531e-01,5.082726851105690002e-02,-2.686339914798736572e-01,6.918585896492004395e-01,2.994932234287261963e-01,2.900891005992889404e-01
1.078202202916145325e-01,-1.744500249624252319e-01,4.251487553119659424e-01,-1.077622324228286743e-01,1.097891181707382202e-01,-3.647137284278869629e-01,-9.183232188224792480e-01,-9.971557855606079102e-01,-2.708260715007781982e-01,-1.058871746063232422e+00,-1.006688714027404785e+00,1.152434349060058594e+00,-1.515323281288146973e+00,9.306631088256835938e-01,1.044302582740783691e+00,-1.338362455368041992e+00,1.830041527748107910e+00,-9.462986141443252563e-03,-4.000000059604644775e-01,2.237311750650405884e-01,8.135021328926086426e-01,-6.179704666137695312e-01,3.054227828979492188e-01,-6.275399923324584961e-01,7.430960237979888916e-02,-4.043200314044952393e-01,5.555366277694702148e-01,3.361258804798126221e-01,3.258856832981109619e-01
1.260010004043579102e-01,-1.358804553747177124e-01,4.143967926502227783e-01,-9.602607786655426025e-02,1.160261482000350952e-01,-3.510477542877197266e-01,-9.241657853126525879e-01,-1.000000000000000000e+00,-2.258839607238769531e-01,-1.186885952949523926e+00,-9.839825034141540527e-01,1.340511798858642578e+00,-1.716881036758422852e+00,8.895657658576965332e-01,9.612320661544799805e-01,-1.387607574462890625e+00,1.556263327598571777e+00,1.055180281400680542e-01,-4.000000059604644775e-01,2.495880872011184692e-01,8.084614872932434082e-01,-6.523383259773254395e-01,2.649299800395965576e-01,-5.587673783302307129e-01,1.247981637716293335e-01,-5.132328271865844727e-01,5.020080804824829102e-01,3.431660830974578857e-01,3.255230188369750977e-01
1.283635348081588745e-01,-9.708292782306671143e-02,4.063671231269836426e-01,-7.099860906600952148e-02,1.256779283285140991e-01,-3.411429524421691895e-01,-9.288626313209533691e-01,-1.000000000000000000e+00,-1.645962744951248169e-01,-1.373923182487487793e+00,-1.008328437805175781e+00,1.526118874549865723e+00,-1.881882429122924805e+00,8.486853241920471191e-01,8.007200956344604492e-01,-1.467504858970642090e+00,1.175750374794006348e+00,2.140568345785140991e-01,-4.000000059604644775e-01,2.828063070774078369e-01,7.571069002151489258e-01,-6.138014197349548340e-01,2.239292412996292114e-01,-5.101899504661560059e-01,1.603861749172210693e-01,-5.508038401603698730e-01,4.939298927783966064e-01,3.172925710678100586e-01,2.723477482795715332e-01
1.360472291707992554e-01,-6.717434525489807129e-02,4.011937677860260010e-01,-4.537364840507507324e-02,1.343003809452056885e-01,-3.340656161308288574e-01,-9.318287372589111328e-01,-1.000000000000000000e+00,-1.145267486572265625e-01,-1.553589940071105957e+00,-1.078734636306762695e+00,1.676436066627502441e+00,-2.001707792282104492e+00,8.332809209823608398e-01,6.047089695930480957e-01,-1.644238233566284180e+00,7.103086709976196289e-01,3.200162351131439209e-01,-4.000000059604644775e-01,2.796093523502349854e-01,6.847647428512573242e-01,-5.090794563293457031e-01,1.484923362731933594e-01,-5.025439858436584473e-01,1.983096301555633545e-01,-5.505433678627014160e-01,5.582703948020935059e-01,1.416787803173065186e-01,1.076704263687133789e-01
1.564686745405197144e-01,-4.457484185695648193e-02,3.961901068687438965e-01,-2.811627462506294250e-02,1.389419138431549072e-01,-3.304270803928375244e-01,-9.331251382827758789e-01,-9.988031983375549316e-01,-8.853267878293991089e-02,-1.658033370971679688e+00,-1.162256956100463867e+00,1.798161864280700684e+00,-2.071831703186035156e+00,9.549291729927062988e-01,4.885813891887664795e-01,-1.865051627159118652e+00,3.263494074344635010e-01,4.139850437641143799e-01,-4.000000059604644775e-01,2.363215088844299316e-01,6.381726264953613281e-01,-3.327754735946655273e-01,3.366515412926673889e-02,-5.136366486549377441e-01,2.206488847732543945e-01,-5.570351481437683105e-01,6.888821125030517578e-01,-9.605784714221954346e-02,-5.395706743001937866e-02
1.706511974334716797e-01,-2.336615510284900665e-02,3.936713337898254395e-01,-1.409717556089162827e-02,1.534006446599960327e-01,-3.377612531185150146e-01,-9.285401701927185059e-01,-9.973121881484985352e-01,-7.317080348730087280e-02,-1.685888767242431641e+00,-1.229861617088317871e+00,1.872890472412109375e+00,-2.099130630493164062e+00,1.018926501274108887e+00,4.740323126316070557e-01,-1.920950770378112793e+00,2.270020097494125366e-01,4.795144200325012207e-01,-4.000000059604644775e-01,1.365214884281158447e-01,6.481778621673583984e-01,-8.140449225902557373e-02,-1.185032948851585388e-01,-4.995302855968475342e-01,2.095871269702911377e-01,-5.685635805130004883e-01,8.139955401420593262e-01,-2.430872619152069092e-01,-1.509589552879333496e-01
1.787722259759902954e-01,5.381510127335786819e-03,3.953123688697814941e-01,4.270986653864383698e-03,1.708692461252212524e-01,-3.482769131660461426e-01,-9.216771125793457031e-01,-9.613964557647705078e-01,-5.883070826530456543e-02,-1.670450925827026367e+00,-1.246392846107482910e+00,1.903172016143798828e+00,-2.101196765899658203e+00,9.719940423965454102e-01,4.735321998596191406e-01,-1.911109924316406250e+00,3.063223659992218018e-01,4.908380508422851562e-01,-4.000000059604644775e-01,1.924892328679561615e-02,7.205118536949157715e-01,9.179229289293289185e-02,-2.599752247333526611e-01,-4.622009396553039551e-01,1.921837478876113892e-01,-5.745062232017517090e-01,9.133807420730590820e-01,-3.467863798141479492e-01,-1.889311522245407104e-01
1.971273273229598999e-01,3.040298633277416229e-02,4.016502797603607178e-01,-2.183148637413978577e-02,1.447271108627319336e-01,-3.481433689594268799e-01,-9.259447455406188965e-01,-8.468197584152221680e-01,-1.198043078184127808e-01,-1.634379625320434570e+00,-1.177697181701660156e+00,1.847139477729797363e+00,-2.071386337280273438e+00,7.768251299858093262e-01,4.741849601268768311e-01,-1.739981889724731445e+00,5.534518957138061523e-01,3.601898849010467529e-01,-4.000000059604644775e-01,4.529125615954399109e-02,9.003547430038452148e-01,4.679355025291442871e-02,-2.810541093349456787e-01,-4.662725329399108887e-01,1.097591295838356018e-01,-5.071767568588256836e-01,1.005753755569458008e+00,-4.449607729911804199e-01,-2.133787274360656738e-01
2.190717607736587524e-01,4.573683068156242371e-02,4.082092344760894775e-01,-6.602582335472106934e-02,8.750572800636291504e-02,-3.319934904575347900e-01,-9.368904232978820801e-01,-6.552432775497436523e-01,-2.195187807083129883e-01,-1.600420236587524414e+00,-1.023092746734619141e+00,1.738822817802429199e+00,-2.027207374572753906e+00,4.820209145545959473e-01,5.174516439437866211e-01,-1.402887105941772461e+00,8.688589334487915039e-01,9.708379209041595459e-02,-3.223925232887268066e-01,1.914515644311904907e-01,1.169088006019592285e+00,-2.060872968286275864e-03,-2.289735674858093262e-01,-5.139738917350769043e-01,2.444739080965518951e-02,-3.897594809532165527e-01,1.054118871688842773e+00,-4.997516572475433350e-01,-2.486645728349685669e-01
2.339437901973724365e-01,6.555968523025512695e-02,4.141589403152465820e-01,-5.934090539813041687e-02,5.219481140375137329e-02,-3.069933354854583740e-01,-9.484246969223022461e-01,-4.346749186515808105e-01,-2.862051427364349365e-01,-1.545507550239562988e+00,-8.314442038536071777e-01,1.629339337348937988e+00,-1.962174773216247559e+00,2.408224344253540039e-01,6.439621448516845703e-01,-1.044705629348754883e+00,1.178714275360107422e+00,-1.710460484027862549e-01,-1.266566514968872070e-01,2.442822754383087158e-01,1.426405549049377441e+00,-6.380150560289621353e-03,-1.946462392807006836e-01,-5.320137143135070801e-01,3.598086908459663391e-02,-3.152693212032318115e-01,1.053596973419189453e+00,-5.308287739753723145e-01,-2.800285518169403076e-01
2.411176115274429321e-01,9.588101506233215332e-02,4.232424497604370117e-01,-4.415589943528175354e-02,3.801850974559783936e-02,-2.968524992465972900e-01,-9.531439542770385742e-01,-2.537003755569458008e-01,-3.190339207649230957e-01,-1.418611764907836914e+00,-6.952466964721679688e-01,1.466072201728820801e+00,-1.854814171791076660e+00,2.135116755962371826e-01,7.333711385726928711e-01,-8.244088888168334961e-01,1.417621970176696777e+00,-3.798771798610687256e-01,5.223646294325590134e-03,1.992734670639038086e-01,1.553279995918273926e+00,2.065268717706203461e-02,-1.570817530155181885e-01,-4.919854104518890381e-01,3.138599172234535217e-02,-2.779740095138549805e-01,1.026087760925292969e+00,-5.581977367401123047e-01,-2.849943339824676514e-01
2.455529421567916870e-01,1.342087686061859131e-01,4.369427263736724854e-01,-3.341544792056083679e-02,3.435237333178520203e-02,-2.917803823947906494e-01,-9.552839994430541992e-01,-8.753896504640579224e-02,-3.238863348960876465e-01,-1.234875679016113281e+00,-6.120389103889465332e-01,1.230777621269226074e+00,-1.713874220848083496e+00,2.602547407150268555e-01,7.343099713325500488e-01,-6.506312489509582520e-01,1.608030200004577637e+00,-5.210072398185729980e-01,1.038823127746582031e-01,1.571749299764633179e-01,1.547580957412719727e+00,5.206995829939842224e-02,-1.187374666333198547e-01,-3.989149928092956543e-01,9.455229155719280243e-04,-2.406392395496368408e-01,9.505717158317565918e-01,-5.483907461166381836e-01,-2.443040162324905396e-01
2.521941959857940674e-01,1.742486506700515747e-01,4.535315632820129395e-01,-3.537249192595481873e-02,4.153520986437797546e-02,-2.890449464321136475e-01,-9.557597041130065918e-01,4.137036576867103577e-02,-2.793408036231994629e-01,-1.055878758430480957e+00,-5.849463343620300293e-01,1.000258922576904297e+00,-1.534432291984558105e+00,3.220111429691314697e-01,6.352754235267639160e-01,-5.006982684135437012e-01,1.745045423507690430e+00,-5.655334591865539551e-01,1.876427382230758667e-01,1.445396095514297485e-01,1.417678833007812500e+00,7.255987823009490967e-02,-1.019497588276863098e-01,-2.532617151737213135e-01,-5.507196113467216492e-02,-2.070104181766510010e-01,8.348792791366577148e-01,-4.649596810340881348e-01,-1.678564399480819702e-01
2.586171627044677734e-01,2.084125131368637085e-01,4.677746891975402832e-01,-4.783884808421134949e-02,4.844797402620315552e-02,-2.749265730381011963e-01,-9.590514302253723145e-01,1.495404541492462158e-01,-2.159837484359741211e-01,-9.172642827033996582e-01,-5.834814906120300293e-01,7.906283736228942871e-01,-1.314680576324462891e+00,3.073172867298126221e-01,4.464015960693359375e-01,-3.129054605960845947e-01,1.840544223785400391e+00,-5.463987588882446289e-01,2.681819200515747070e-01,1.831919252872467041e-01,1.200075030326843262e+00,1.153518706560134888e-01,-1.158423796296119690e-01,-1.410737335681915283e-01,-1.315280944108963013e-01,-1.769713759422302246e-01,7.556200027465820312e-01,-2.814827263355255127e-01,-9.574905782938003540e-02
2.580951452255249023e-01,2.353156358003616333e-01,4.778985083103179932e-01,-5.926290899515151978e-02,5.304884165525436401e-02,-2.570163011550903320e-01,-9.631284475326538086e-01,2.212788164615631104e-01,-1.703010499477386475e-01,-8.521547317504882812e-01,-6.240085959434509277e-01,6.211977601051330566e-01,-1.067318916320800781e+00,1.657693684101104736e-01,2.419772148132324219e-01,-4.206651821732521057e-02,1.940413236618041992e+00,-4.916466772556304932e-01,3.003826439380645752e-01,2.174677401781082153e-01,8.978683948516845703e-01,2.288647294044494629e-01,-1.471165716648101807e-01,-1.351192295551300049e-01,-2.355392873287200928e-01,-1.816027462482452393e-01,8.019341826438903809e-01,-3.768482804298400879e-02,-9.307000041007995605e-02
2.538075447082519531e-01,2.722360789775848389e-01,4.842912554740905762e-01,-5.901269987225532532e-02,6.088566780090332031e-02,-2.496073096990585327e-01,-9.646276831626892090e-01,2.343042939901351929e-01,-1.511035561561584473e-01,-9.009126424789428711e-01,-7.085725665092468262e-01,5.423527956008911133e-01,-8.071277737617492676e-01,7.440053671598434448e-02,9.439246356487274170e-02,1.426059305667877197e-01,2.071062803268432617e+00,-4.050346314907073975e-01,2.411004602909088135e-01,1.341963112354278564e-01,5.759460330009460449e-01,3.449997007846832275e-01,-1.695058196783065796e-01,-2.071309387683868408e-01,-3.487038612365722656e-01,-1.886538565158843994e-01,9.739142060279846191e-01,9.651652723550796509e-02,-1.448983103036880493e-01
2.689705789089202881e-01,3.173264861106872559e-01,4.862847924232482910e-01,-6.016304716467857361e-02,6.191208586096763611e-02,-2.380365878343582153e-01,-9.674119353294372559e-01,2.242442965507507324e-01,-1.408849507570266724e-01,-1.002473235130310059e+00,-7.594410181045532227e-01,5.046874880790710449e-01,-5.584868788719177246e-01,7.143446058034896851e-02,-2.929817419499158859e-03,1.829137206077575684e-01,2.190193176269531250e+00,-3.117833137512207031e-01,1.712485104799270630e-01,-3.007030487060546875e-02,4.204530715942382812e-01,3.449999988079071045e-01,-1.780176460742950439e-01,-3.101175725460052490e-01,-3.948464095592498779e-01,-1.451840847730636597e-01,1.192535996437072754e+00,5.625332519412040710e-02,-1.903403848409652710e-01
2.835630774497985840e-01,3.553916811943054199e-01,4.804665148258209229e-01,-6.668758392333984375e-02,6.091947853565216064e-02,-2.260472923517227173e-01,-9.699196815490722656e-01,2.047831714153289795e-01,-1.141101345419883728e-01,-1.102468132972717285e+00,-7.655873298645019531e-01,5.087946057319641113e-01,-3.562211394309997559e-01,1.077145561575889587e-01,-4.899667948484420776e-02,1.233439967036247253e-01,2.268845558166503906e+00,-2.455126494169235229e-01,9.860558062791824341e-02,-1.885384917259216309e-01,3.802928030490875244e-01,3.449999988079071045e-01,-1.682221740484237671e-01,-4.388661086559295654e-01,-3.728123903274536133e-01,-1.145247668027877808e-01,1.381595611572265625e+00,-5.187327507883310318e-03,-1.868010908365249634e-01
2.723075151443481445e-01,3.877038657665252686e-01,4.713742733001708984e-01,-7.531087100505828857e-02,7.200696319341659546e-02,-2.294500470161437988e-01,-9.677271842956542969e-01,1.747264713048934937e-01,-6.509573012590408325e-02,-1.146143794059753418e+00,-7.840301394462585449e-01,4.932919740676879883e-01,-2.583107352256774902e-01,1.185438334941864014e-01,-1.670987904071807861e-02,8.263015002012252808e-02,2.298241615295410156e+00,-1.888120025396347046e-01,8.103787899017333984e-03,-2.455939054489135742e-01,3.097262084484100342e-01,3.449999988079071045e-01,-1.084830537438392639e-01,-5.700754523277282715e-01,-3.311786949634552002e-01,-1.435911655426025391e-01,1.467632293701171875e+00,4.464012570679187775e-03,-1.274097561836242676e-01
2.686917781829833984e-01,4.229601919651031494e-01,4.655196070671081543e-01,-8.932429552078247070e-02,8.586249500513076782e-02,-2.243388742208480835e-01,-9.666027426719665527e-01,1.440106332302093506e-01,-1.777433417737483978e-02,-1.137650012969970703e+00,-8.073207736015319824e-01,4.715772867202758789e-01,-2.498842030763626099e-01,7.891016453504562378e-02,7.139208912849426270e-02,1.046825349330902100e-01,2.286382436752319336e+00,-1.494257599115371704e-01,-7.965881377458572388e-02,-1.670138835906982422e-01,3.491470217704772949e-01,1.270374059677124023e-01,6.823918782174587250e-03,-6.485630273818969727e-01,-2.565785646438598633e-01,-1.912333071231842041e-01,1.427154302597045898e+00,2.334783039987087250e-02,-3.827812895178794861e-02
2.810496985912322998e-01,4.638212323188781738e-01,4.585577547550201416e-01,-1.009324938058853149e-01,9.440387040376663208e-02,-2.010541409254074097e-01,-9.697823524475097656e-01,1.375614255666732788e-01,1.094934437423944473e-02,-1.076408863067626953e+00,-7.982696890830993652e-01,4.644572138786315918e-01,-3.074183762073516846e-01,-9.213458746671676636e-03,1.847927570343017578e-01,1.784081459045410156e-01,2.240174293518066406e+00,-1.542430520057678223e-01,-1.588160693645477295e-01,-3.329635411500930786e-02,5.285350084304809570e-01,-1.542098075151443481e-01,1.214019060134887695e-01,-6.696616411209106445e-01,-1.130509302020072937e-01,-2.230930477380752563e-01,1.289663314819335938e+00,1.964595355093479156e-02,6.036756187677383423e-02
2.906221449375152588e-01,4.988700449466705322e-01,4.488934278488159180e-01,-1.127109527587890625e-01,9.051498770713806152e-02,-1.787275373935699463e-01,-9.732213020324707031e-01,1.476327478885650635e-01,-2.069337759166955948e-03,-9.763195514678955078e-01,-7.781884670257568359e-01,4.497619271278381348e-01,-4.245328903198242188e-01,-1.834892109036445618e-02,2.848584353923797607e-01,1.721183359622955322e-01,2.165573596954345703e+00,-1.989912390708923340e-01,-2.316073328256607056e-01,8.866479247808456421e-02,6.910753250122070312e-01,-3.156761825084686279e-01,2.034591734409332275e-01,-6.746138930320739746e-01,5.351145565509796143e-02,-2.331978231668472290e-01,1.076496958732604980e+00,6.315293908119201660e-02,1.611081212759017944e-01
2.986828982830047607e-01,5.293602943420410156e-01,4.392147660255432129e-01,-1.229206025600433350e-01,8.269085735082626343e-02,-1.631275266408920288e-01,-9.754189848899841309e-01,1.470406800508499146e-01,-3.540839999914169312e-02,-8.531780838966369629e-01,-7.554440498352050781e-01,4.404481649398803711e-01,-5.937093496322631836e-01,1.190418303012847900e-01,3.724914789199829102e-01,1.103366632014513016e-02,2.085520267486572266e+00,-2.266355454921722412e-01,-3.037775456905364990e-01,1.622863560914993286e-01,7.836892604827880859e-01,-3.844895660877227783e-01,2.444593608379364014e-01,-6.350951194763183594e-01,1.838529556989669800e-01,-2.502675056457519531e-01,8.302480578422546387e-01,1.711037158966064453e-01,2.620310783386230469e-01
3.108979761600494385e-01,5.552196502685546875e-01,4.306932389736175537e-01,-1.315442621707916260e-01,7.078423351049423218e-02,-1.557404547929763794e-01,-9.764376878738403320e-01,1.084922701120376587e-01,-7.162222266197204590e-02,-7.559764981269836426e-01,-7.337716817855834961e-01,4.499456882476806641e-01,-7.733838558197021484e-01,3.164522349834442139e-01,4.622378349304199219e-01,-2.444342076778411865e-01,2.008506536483764648e+00,-2.184817492961883545e-01,-3.648297488689422607e-01,2.105093151330947876e-01,8.086664080619812012e-01,-4.227796494960784912e-01,2.486909031867980957e-01,-5.604464411735534668e-01,2.432030439376831055e-01,-3.485096395015716553e-01,6.109880805015563965e-01,2.887140512466430664e-01,3.295924961566925049e-01
3.334724903106689453e-01,5.765306353569030762e-01,4.203751385211944580e-01,-1.363997459411621094e-01,5.241582542657852173e-02,-1.439274400472640991e-01,-9.787402749061584473e-01,4.455098509788513184e-02,-1.131773218512535095e-01,-7.067593932151794434e-01,-6.944181323051452637e-01,4.767657518386840820e-01,-9.375476241111755371e-01,4.036497473716735840e-01,5.205188393592834473e-01,-4.333418607711791992e-01,1.902820348739624023e+00,-1.894505321979522705e-01,-3.979752957820892334e-01,2.546336650848388672e-01,8.088422417640686035e-01,-4.690852165222167969e-01,2.222801148891448975e-01,-5.112241506576538086e-01,2.896092236042022705e-01,-4.730699360370635986e-01,5.296190977096557617e-01,3.421131074428558350e-01,3.449999988079071045e-01
3.535982966423034668e-01,6.056079864501953125e-01,4.146701395511627197e-01,-1.215443611145019531e-01,3.763537481427192688e-02,-1.399879604578018188e-01,-9.819439649581909180e-01,-4.996588081121444702e-02,-1.566095948219299316e-01,-7.121069431304931641e-01,-6.393930315971374512e-01,5.577296614646911621e-01,-1.101519823074340820e+00,4.296036362648010254e-01,5.528549551963806152e-01,-5.714465975761413574e-01,1.766450047492980957e+00,-1.617431491613388062e-01,-4.000000059604644775e-01,2.870173454284667969e-01,8.130927085876464844e-01,-4.865524768829345703e-01,1.857091486454010010e-01,-4.792526960372924805e-01,3.143534958362579346e-01,-5.010116100311279297e-01,5.409867763519287109e-01,3.449999988079071045e-01,3.449999988079071045e-01
3.543532490730285645e-01,6.324971318244934082e-01,4.118502438068389893e-01,-1.017436981201171875e-01,3.150500729680061340e-02,-1.569264531135559082e-01,-9.818501472473144531e-01,-1.888699382543563843e-01,-2.098464071750640869e-01,-8.182938694953918457e-01,-6.025123000144958496e-01,7.346014380455017090e-01,-1.263142824172973633e+00,4.256038367748260498e-01,5.670238137245178223e-01,-7.023033499717712402e-01,1.580350995063781738e+00,-1.677286028861999512e-01,-4.000000059604644775e-01,3.092605769634246826e-01,8.412538170814514160e-01,-4.484452009201049805e-01,1.535886824131011963e-01,-4.853444993495941162e-01,3.350138366222381592e-01,-4.176912307739257812e-01,5.222913026809692383e-01,3.449999988079071045e-01,2.925184071063995361e-01
3.412128388881683350e-01,6.476871371269226074e-01,4.170658588409423828e-01,-8.748181909322738647e-02,1.290656626224517822e-02,-1.921089440584182739e-01,-9.773814678192138672e-01,-3.345721662044525146e-01,-2.483223527669906616e-01,-1.075225114822387695e+00,-6.534831523895263672e-01,1.026451945304870605e+00,-1.355025053024291992e+00,3.543477654457092285e-01,5.564060211181640625e-01,-8.777492046356201172e-01,1.348317503929138184e+00,-2.114558368921279907e-01,-4.000000059604644775e-01,3.168134689331054688e-01,8.388574719429016113e-01,-3.569148778915405273e-01,9.518714994192123413e-02,-5.318567752838134766e-01,3.260331451892852783e-01,-3.226073384284973145e-01,4.406825900077819824e-01,3.449999988079071045e-01,5.991196259856224060e-02
3.455315828323364258e-01,6.616904139518737793e-01,4.198197722434997559e-01,-7.891159504652023315e-02,2.271493524312973022e-02,-2.220584303140640259e-01,-9.715693593025207520e-01,-4.625371396541595459e-01,-2.306444942951202393e-01,-1.245259165763854980e+00,-7.359675765037536621e-01,1.251392245292663574e+00,-1.450108289718627930e+00,2.527205944061279297e-01,4.968592226505279541e-01,-9.225131273269653320e-01,1.058610320091247559e+00,-1.370110660791397095e-01,-4.000000059604644775e-01,2.901050150394439697e-01,8.160802125930786133e-01,-3.026096820831298828e-01,6.350885331630706787e-02,-5.042990446090698242e-01,2.923069894313812256e-01,-3.783380091190338135e-01,4.405026733875274658e-01,2.299722433090209961e-01,-6.277715414762496948e-02
3.561007976531982422e-01,6.742708683013916016e-01,4.229051470756530762e-01,-7.479332387447357178e-02,3.497899696230888367e-02,-2.475036978721618652e-01,-9.653623104095458984e-01,-5.567628741264343262e-01,-1.940760314464569092e-01,-1.388195753097534180e+00,-8.253925442695617676e-01,1.428991556167602539e+00,-1.539005398750305176e+00,1.791073679924011230e-01,4.247077405452728271e-01,-9.568919539451599121e-01,8.239064216613769531e-01,-2.593864873051643372e-02,-4.000000059604644775e-01,2.508048415184020996e-01,7.571848034858703613e-01,-2.564199864864349365e-01,4.043488949537277222e-02,-4.653948843479156494e-01,2.614597082138061523e-01,-4.268099367618560791e-01,4.681381583213806152e-01,9.848482161760330200e-02,-1.423614025115966797e-01
3.661441206932067871e-01,6.866735219955444336e-01,4.266616404056549072e-01,-6.907247006893157959e-02,4.367243126034736633e-02,-2.760604023933410645e-01,-9.576598405838012695e-01,-6.184728145599365234e-01,-1.716187298297882080e-01,-1.520558953285217285e+00,-9.000146985054016113e-01,1.557350277900695801e+00,-1.635464191436767578e+00,2.142356038093566895e-01,4.246479868888854980e-01,-9.509246349334716797e-01,8.057839274406433105e-01,8.759471774101257324e-02,-4.000000059604644775e-01,1.936412751674652100e-01,6.680776476860046387e-01,-1.967062801122665405e-01,3.198058530688285828e-02,-4.407365620136260986e-01,2.410099804401397705e-01,-4.465079307556152344e-01,5.018966197967529297e-01,-1.879437128081917763e-03,-1.744161993265151978e-01
3.752871155738830566e-01,7.011697888374328613e-01,4.327215254306793213e-01,-6.227676197886466980e-02,4.344581440091133118e-02,-3.163000047206878662e-01,-9.456153512001037598e-01,-6.598331332206726074e-01,-1.780854165554046631e-01,-1.621667265892028809e+00,-9.383718371391296387e-01,1.610605239868164062e+00,-1.783200144767761230e+00,3.630444109439849854e-01,4.923963844776153564e-01,-9.697935581207275391e-01,1.014525771141052246e+00,2.082573026418685913e-01,-4.000000059604644775e-01,8.486128598451614380e-02,5.359066128730773926e-01,-1.132575497031211853e-01,2.777932025492191315e-02,-4.341642558574676514e-01,1.893613189458847046e-01,-4.974597096443176270e-01,5.429203510284423828e-01,-6.492280215024948120e-02,-1.680298447608947754e-01
3.826516866683959961e-01,7.132459878921508789e-01,4.388269186019897461e-01,-6.246439367532730103e-02,3.604758158326148987e-02,-3.635656237602233887e-01,-9.287727475166320801e-01,-6.814884543418884277e-01,-2.113494426012039185e-01,-1.651425004005432129e+00,-9.163413047790527344e-01,1.573063254356384277e+00,-1.967494249343872070e+00,5.441178679466247559e-01,5.619370341300964355e-01,-1.056997060775756836e+00,1.329330921173095703e+00,3.130025863647460938e-01,-4.000000059604644775e-01,-6.104796752333641052e-02,4.061168432235717773e-01,-1.816228963434696198e-02,2.466158568859100342e-02,-4.296770095825195312e-01,1.157884374260902405e-01,-5.554293394088745117e-01,5.681754350662231445e-01,-1.041673198342323303e-01,-1.531287282705307007e-01
3.880333900451660156e-01,7.225477695465087891e-01,4.435216188430786133e-01,-7.001331448554992676e-02,2.408134564757347107e-02,-4.063139855861663818e-01,-9.107289314270019531e-01,-6.766333580017089844e-01,-2.606039047241210938e-01,-1.586665391921997070e+00,-8.095008730888366699e-01,1.450760841369628906e+00,-2.134516954421997070e+00,6.203712224960327148e-01,6.057631373405456543e-01,-1.115064144134521484e+00,1.650262236595153809e+00,3.863150775432586670e-01,-4.000000059604644775e-01,-1.758926063776016235e-01,3.098981380462646484e-01,7.048291712999343872e-02,2.928161621093750000e-02,-4.259285330772399902e-01,4.641520604491233826e-02,-5.825690031051635742e-01,5.774905681610107422e-01,-1.309506297111511230e-01,-1.468046456575393677e-01
3.901126980781555176e-01,7.313776016235351562e-01,4.474636018276214600e-01,-8.052997291088104248e-02,1.066294312477111816e-02,-4.504717290401458740e-01,-8.890874385833740234e-01,-6.603494882583618164e-01,-3.214051127433776855e-01,-1.395545244216918945e+00,-6.646077036857604980e-01,1.207784533500671387e+00,-2.236764669418334961e+00,5.916877388954162598e-01,6.466950178146362305e-01,-1.105045080184936523e+00,1.939413070678710938e+00,4.335978627204895020e-01,-4.000000059604644775e-01,-2.394081205129623413e-01,2.469530403614044189e-01,1.574145257472991943e-01,3.888858109712600708e-02,-4.256887733936309814e-01,-2.629742957651615143e-02,-5.945919156074523926e-01,5.856491923332214355e-01,-1.474311500787734985e-01,-1.444034576416015625e-01
3.866765499114990234e-01,7.408124804496765137e-01,4.515507817268371582e-01,-8.991547673940658569e-02,3.343441989272832870e-03,-5.008444190025329590e-01,-8.608477711677551270e-01,-6.444197893142700195e-01,-3.476054370403289795e-01,-1.068750023841857910e+00,-5.786969661712646484e-01,8.287485241889953613e-01,-2.236811637878417969e+00,5.012661218643188477e-01,7.238678932189941406e-01,-1.046106815338134766e+00,2.160048007965087891e+00,4.648730456829071045e-01,-3.983576893806457520e-01,-2.615638375282287598e-01,2.211142033338546753e-01,2.372575849294662476e-01,5.194591358304023743e-02,-4.133859574794769287e-01,-9.668629616498947144e-02,-6.011372208595275879e-01,5.916751623153686523e-01,-1.539404243230819702e-01,-1.323359012603759766e-01
3.862617015838623047e-01,7.528487443923950195e-01,4.567637741565704346e-01,-8.317094296216964722e-02,1.051364350132644176e-03,-5.655457377433776855e-01,-8.205117583274841309e-01,-6.407186985015869141e-01,-3.489056825637817383e-01,-7.952124476432800293e-01,-5.646188855171203613e-01,4.508736729621887207e-01,-2.114857673645019531e+00,3.903565704822540283e-01,8.218648433685302734e-01,-1.033229112625122070e+00,2.269418001174926758e+00,4.800374805927276611e-01,-3.322496414184570312e-01,-2.671846747398376465e-01,2.119285166263580322e-01,2.923438251018524170e-01,5.485052242875099182e-02,-3.856265544891357422e-01,-1.360967308282852173e-01,-6.399360895156860352e-01,5.883787274360656738e-01,-1.638098359107971191e-01,-1.179876849055290222e-01
3.901022374629974365e-01,7.648307681083679199e-01,4.620310068130493164e-01,-7.130847126245498657e-02,-3.445778507739305496e-03,-6.364433169364929199e-01,-7.680124640464782715e-01,-6.368542909622192383e-01,-3.490000069141387939e-01,-6.274196505546569824e-01,-5.650234818458557129e-01,1.644780635833740234e-01,-1.896727561950683594e+00,2.735483050346374512e-01,8.822827935218811035e-01,-1.048434495925903320e+00,2.285049200057983398e+00,4.669122993946075439e-01,-2.312458455562591553e-01,-2.406937479972839355e-01,2.161120921373367310e-01,3.349273800849914551e-01,4.485161229968070984e-02,-3.580724596977233887e-01,-1.625187098979949951e-01,-6.932856440544128418e-01,5.806576013565063477e-01,-1.762443780899047852e-01,-1.129764914512634277e-01
3.963739871978759766e-01,7.788484692573547363e-01,4.656172394752502441e-01,-6.391716003417968750e-02,-1.179125998169183731e-02,-7.036741971969604492e-01,-7.075437903404235840e-01,-6.274303197860717773e-01,-3.489632606506347656e-01,-5.059163570404052734e-01,-5.801961421966552734e-01,-1.981244981288909912e-02,-1.665173411369323730e+00,1.532951295375823975e-01,8.969747424125671387e-01,-1.027948617935180664e+00,2.259696245193481445e+00,4.374620914459228516e-01,-1.296117603778839111e-01,-1.636370569467544556e-01,2.424658685922622681e-01,3.433633744716644287e-01,3.569273278117179871e-02,-3.289829492568969727e-01,-1.891041696071624756e-01,-7.336724996566772461e-01,5.758163928985595703e-01,-1.916777342557907104e-01,-1.139515563845634460e-01
4.022027850151062012e-01,7.924529314041137695e-01,4.691078960895538330e-01,-5.919687822461128235e-02,-2.193571068346500397e-02,-7.640624046325683594e-01,-6.420461535453796387e-01,-6.117531061172485352e-01,-3.485690951347351074e-01,-4.390556812286376953e-01,-5.912116765975952148e-01,-1.217528581619262695e-01,-1.441892623901367188e+00,2.657874114811420441e-02,8.804901838302612305e-01,-9.664620757102966309e-01,2.196203470230102539e+00,3.939940631389617920e-01,-2.784134820103645325e-02,-3.758000209927558899e-02,2.669155001640319824e-01,3.447479009628295898e-01,2.712725661695003510e-02,-3.017701208591461182e-01,-2.116856575012207031e-01,-7.516579627990722656e-01,5.724601745605468750e-01,-1.988612562417984009e-01,-1.121984273195266724e-01
4.061284065246582031e-01,8.045311570167541504e-01,4.728684425354003906e-01,-5.188151076436042786e-02,-3.406919166445732117e-02,-8.159106373786926270e-01,-5.748369097709655762e-01,-5.794234871864318848e-01,-3.483511805534362793e-01,-4.515001773834228516e-01,-5.778006315231323242e-01,-1.528388857841491699e-01,-1.199257612228393555e+00,-1.215455681085586548e-01,8.261113762855529785e-01,-8.995654582977294922e-01,2.043367385864257812e+00,3.362745642662048340e-01,7.147984206676483154e-02,1.362324208021163940e-01,2.788966298103332520e-01,3.449999988079071045e-01,8.799671195447444916e-03,-2.894206941127777100e-01,-2.206958085298538208e-01,-7.287380099296569824e-01,5.638138055801391602e-01,-1.863047182559967041e-01,-1.044370010495185852e-01
4.083309173583984375e-01,8.160455226898193359e-01,4.763418138027191162e-01,-4.179739952087402344e-02,-4.565652832388877869e-02,-8.649123907089233398e-01,-4.980913400650024414e-01,-5.555057525634765625e-01,-3.466307222843170166e-01,-5.491968393325805664e-01,-5.727112889289855957e-01,-9.993292391300201416e-02,-9.716652035713195801e-01,-2.479939162731170654e-01,7.368817329406738281e-01,-8.641430139541625977e-01,1.801129221916198730e+00,2.704986333847045898e-01,1.674601882696151733e-01,3.279362618923187256e-01,2.737762629985809326e-01,3.449999988079071045e-01,-2.420634031295776367e-02,-2.848478853702545166e-01,-2.180683612823486328e-01,-6.791982054710388184e-01,5.525984764099121094e-01,-1.643300056457519531e-01,-9.946031123399734497e-02
4.067625999450683594e-01,8.274040818214416504e-01,4.793564975261688232e-01,-2.954645827412605286e-02,-5.672243237495422363e-02,-9.128425717353820801e-01,-4.032715857028961182e-01,-5.612730979919433594e-01,-3.443370461463928223e-01,-7.402195334434509277e-01,-6.079100966453552246e-01,3.460913524031639099e-02,-7.478805184364318848e-01,-3.405553400516510010e-01,6.108825802803039551e-01,-8.521839380264282227e-01,1.488182544708251953e+00,1.869821995496749878e-01,2.484005391597747803e-01,4.942942559719085693e-01,2.625101208686828613e-01,3.449999988079071045e-01,-6.277520209550857544e-02,-2.830555438995361328e-01,-2.158412486314773560e-01,-6.100842952728271484e-01,5.439048409461975098e-01,-1.376478523015975952e-01,-9.895863384008407593e-02
4.010128080844879150e-01,8.351339101791381836e-01,4.823296964168548584e-01,-1.821915060281753540e-02,-6.089635938405990601e-02,-9.553606510162353516e-01,-2.885233461856842041e-01,-6.011248826980590820e-01,-3.358783721923828125e-01,-9.669733643531799316e-01,-6.998881697654724121e-01,2.113966643810272217e-01,-5.495483279228210449e-01,-3.546248674392700195e-01,4.671076238155364990e-01,-8.789770007133483887e-01,1.149771809577941895e+00,8.359999209642410278e-02,3.019017577171325684e-01,5.926879644393920898e-01,2.464420646429061890e-01,3.449999988079071045e-01,-1.015507057309150696e-01,-2.796017527580261230e-01,-2.057819217443466187e-01,-5.152582526206970215e-01,5.488331913948059082e-01,-1.166089028120040894e-01,-9.664758294820785522e-02
3.964491188526153564e-01,8.369033336639404297e-01,4.850902259349822998e-01,-1.393834128975868225e-02,-5.474681034684181213e-02,-9.843243360519409180e-01,-1.670752614736557007e-01,-6.532455086708068848e-01,-3.108403682708740234e-01,-1.157227873802185059e+00,-8.236972689628601074e-01,3.705397248268127441e-01,-3.835745751857757568e-01,-2.920522093772888184e-01,3.515681326389312744e-01,-9.119727611541748047e-01,8.524184823036193848e-01,-3.068353421986103058e-02,3.145051002502441406e-01,5.882470607757568359e-01,2.276710569858551025e-01,3.449999988079071045e-01,-1.390790492296218872e-01,-2.683856189250946045e-01,-1.559878587722778320e-01,-3.704498410224914551e-01,5.569026470184326172e-01,-1.048069074749946594e-01,-8.959742635488510132e-02
3.998692333698272705e-01,8.373895287513732910e-01,4.864013195037841797e-01,-2.106094360351562500e-02,-4.506856948137283325e-02,-9.975418448448181152e-01,-4.935055971145629883e-02,-7.059167623519897461e-01,-2.656028270721435547e-01,-1.278679966926574707e+00,-9.595617055892944336e-01,5.111177563667297363e-01,-2.625768482685089111e-01,-2.158378213644027710e-01,2.969703078269958496e-01,-9.140087962150573730e-01,6.538853645324707031e-01,-1.418369859457015991e-01,2.821444571018218994e-01,4.791642725467681885e-01,2.164381444454193115e-01,3.449999988079071045e-01,-1.702802330255508423e-01,-2.402677983045578003e-01,-6.406290084123611450e-02,-1.917794048786163330e-01,5.502159595489501953e-01,-9.786456078290939331e-02,-8.649314194917678833e-02
4.157895743846893311e-01,8.433690667152404785e-01,4.844622015953063965e-01,-3.925767168402671814e-02,-3.433967009186744690e-02,-9.963197708129882812e-01,6.801875680685043335e-02,-7.538789510726928711e-01,-2.074562460184097290e-01,-1.332564949989318848e+00,-1.087517023086547852e+00,6.085804700851440430e-01,-1.959284842014312744e-01,-1.260248869657516479e-01,2.810128033161163330e-01,-8.710017800331115723e-01,5.452988147735595703e-01,-2.288809567689895630e-01,2.296625375747680664e-01,3.564860224723815918e-01,1.952140629291534424e-01,3.449999988079071045e-01,-2.556886076927185059e-01,-2.024140805006027222e-01,4.431765154004096985e-02,-5.521441623568534851e-02,5.331940650939941406e-01,-9.043738245964050293e-02,-4.797103814780712128e-03
4.256069660186767578e-01,8.532477617263793945e-01,4.835369288921356201e-01,-5.103312432765960693e-02,-2.946896851062774658e-02,-9.820516109466552734e-01,1.791699975728988647e-01,-7.812961339950561523e-01,-1.568553596735000610e-01,-1.349269151687622070e+00,-1.208369016647338867e+00,7.216169238090515137e-01,-1.890808194875717163e-01,-1.046794056892395020e-01,2.954666316509246826e-01,-8.095972537994384766e-01,5.051396489143371582e-01,-2.899239659309387207e-01,1.760424226522445679e-01,2.616927623748779297e-01,2.241122275590896606e-01,2.763346135616302490e-01,-2.301456630229949951e-01,-1.547223031520843506e-01,1.206209510564804077e-01,1.943624764680862427e-02,4.908953607082366943e-01,-1.239114999771118164e-01,9.039791300892829895e-03
4.279622435569763184e-01,8.582713603973388672e-01,4.827904403209686279e-01,-6.088439747691154480e-02,-2.669679746031761169e-02,-9.607614874839782715e-01,2.692912220954895020e-01,-7.803318500518798828e-01,-1.066365092992782593e-01,-1.348577857017517090e+00,-1.273359775543212891e+00,8.461990356445312500e-01,-2.302961796522140503e-01,-1.653492450714111328e-01,3.296257853507995605e-01,-6.678712368011474609e-01,5.043143630027770996e-01,-3.403952717781066895e-01,1.458748430013656616e-01,2.129595428705215454e-01,3.690347671508789062e-01,1.397349685430526733e-01,-1.766675710678100586e-01,-9.968103468418121338e-02,1.504042744636535645e-01,2.177114598453044891e-03,4.403931796550750732e-01,-2.046547830104827881e-01,-7.133579812943935394e-03
4.300013780593872070e-01,8.623463511466979980e-01,4.813627302646636963e-01,-6.887619942426681519e-02,-2.094811201095581055e-02,-9.460901021957397461e-01,3.158017694950103760e-01,-6.976405978202819824e-01,-5.563980713486671448e-02,-1.343311667442321777e+00,-1.232282519340515137e+00,9.628721475601196289e-01,-3.099944293498992920e-01,-4.554518759250640869e-01,4.134612679481506348e-01,-2.813863158226013184e-01,5.059472322463989258e-01,-3.672153055667877197e-01,1.802737861871719360e-01,2.461074143648147583e-01,5.609971880912780762e-01,7.454217877238988876e-03,-1.177102252840995789e-01,-6.716764718294143677e-02,1.657588332891464233e-01,-6.472849100828170776e-02,4.009999036788940430e-01,-2.889293730258941650e-01,-4.181550815701484680e-02
4.314284920692443848e-01,8.679908514022827148e-01,4.805752635002136230e-01,-6.028638407588005066e-02,-2.047267369925975800e-02,-9.385429024696350098e-01,3.392398655414581299e-01,-5.516254305839538574e-01,-6.090728938579559326e-02,-1.345733880996704102e+00,-1.118554711341857910e+00,1.025156497955322266e+00,-4.298541247844696045e-01,-7.680318355560302734e-01,5.346995592117309570e-01,1.472286283969879150e-01,5.043328404426574707e-01,-3.596139252185821533e-01,2.284026294946670532e-01,3.353111445903778076e-01,6.963285207748413086e-01,-7.057070732116699219e-02,-7.267340272665023804e-02,-7.613838464021682739e-02,1.623505055904388428e-01,-1.108708232641220093e-01,3.743415176868438721e-01,-3.518336713314056396e-01,-7.106176763772964478e-02
4.310747087001800537e-01,8.768184185028076172e-01,4.792428314685821533e-01,-4.177202284336090088e-02,-2.104559727013111115e-02,-9.273639321327209473e-01,3.712254464626312256e-01,-4.232746362686157227e-01,-9.724949300289154053e-02,-1.358832716941833496e+00,-1.009096622467041016e+00,1.077824234962463379e+00,-5.719215869903564453e-01,-9.333055019378662109e-01,6.463679671287536621e-01,4.349569082260131836e-01,5.347807407379150391e-01,-3.477502763271331787e-01,2.565978467464447021e-01,3.946760296821594238e-01,7.841022610664367676e-01,-1.059293821454048157e-01,-3.722409904003143311e-02,-1.196746826171875000e-01,1.491640806198120117e-01,-1.775787919759750366e-01,3.690993487834930420e-01,-3.693710863590240479e-01,-9.330368041992187500e-02
4.279305636882781982e-01,8.864420652389526367e-01,4.779106676578521729e-01,-2.324606105685234070e-02,-2.179858088493347168e-02,-9.098750352859497070e-01,4.136566817760467529e-01,-3.329865038394927979e-01,-1.283644586801528931e-01,-1.382834315299987793e+00,-9.271858930587768555e-01,1.143438577651977539e+00,-7.111167907714843750e-01,-1.007127523422241211e+00,7.250483036041259766e-01,6.321191191673278809e-01,6.112236976623535156e-01,-3.243476450443267822e-01,2.675475776195526123e-01,4.286952316761016846e-01,8.349795937538146973e-01,-1.251078397035598755e-01,-1.158221997320652008e-02,-1.567066460847854614e-01,1.336064189672470093e-01,-2.705947756767272949e-01,3.562073111534118652e-01,-3.642183840274810791e-01,-1.274470239877700806e-01
4.217535555362701416e-01,8.943339586257934570e-01,4.769052565097808838e-01,-1.163965207524597645e-03,-2.462837472558021545e-02,-8.853499293327331543e-01,4.642710387706756592e-01,-2.719132304191589355e-01,-1.620215028524398804e-01,-1.418398857116699219e+00,-8.644466400146484375e-01,1.212429404258728027e+00,-8.604375720024108887e-01,-1.064392685890197754e+00,7.597751617431640625e-01,8.021513223648071289e-01,7.262022495269775391e-01,-2.963080704212188721e-01,2.581579387187957764e-01,4.597208201885223389e-01,8.567653298377990723e-01,-1.365474313497543335e-01,-1.476379693485796452e-04,-1.847945153713226318e-01,1.185437962412834167e-01,-3.549448251724243164e-01,3.274679780006408691e-01,-3.668672740459442139e-01,-1.733350902795791626e-01
4.157491922378540039e-01,8.982375860214233398e-01,4.765211939811706543e-01,1.511029060930013657e-02,-2.781011722981929779e-02,-8.507081270217895508e-01,5.246846079826354980e-01,-2.487351447343826294e-01,-1.836770623922348022e-01,-1.464402198791503906e+00,-8.267862200736999512e-01,1.283144831657409668e+00,-1.006940126419067383e+00,-1.102025866508483887e+00,7.437158823013305664e-01,9.385325312614440918e-01,8.612874746322631836e-01,-2.553736269474029541e-01,2.273226231336593628e-01,4.813283085823059082e-01,8.475089073181152344e-01,-1.473929136991500854e-01,-1.651508617214858532e-03,-1.940422803163528442e-01,1.062084957957267761e-01,-4.365645647048950195e-01,2.945473790168762207e-01,-3.823700845241546631e-01,-1.992856711149215698e-01
4.112398922443389893e-01,8.991143107414245605e-01,4.773335754871368408e-01,3.048455342650413513e-02,-2.928908728063106537e-02,-8.044930696487426758e-01,5.924556851387023926e-01,-2.520844936370849609e-01,-2.080992758274078369e-01,-1.519257187843322754e+00,-8.095113039016723633e-01,1.347056865692138672e+00,-1.155995011329650879e+00,-1.135414958000183105e+00,6.780330538749694824e-01,1.050760269165039062e+00,1.021680831909179688e+00,-2.182488441467285156e-01,1.827366650104522705e-01,4.963451325893402100e-01,8.056817650794982910e-01,-1.623891443014144897e-01,-1.098171691410243511e-03,-2.001642733812332153e-01,9.058600664138793945e-02,-5.289517641067504883e-01,2.600388824939727783e-01,-4.023433625698089600e-01,-2.067435234785079956e-01
4.040510654449462891e-01,8.994619250297546387e-01,4.779094159603118896e-01,4.912310093641281128e-02,-2.366901375353336334e-02,-7.502994537353515625e-01,6.588454842567443848e-01,-2.654179930686950684e-01,-2.376690357923507690e-01,-1.585327386856079102e+00,-7.975060343742370605e-01,1.401768445968627930e+00,-1.292299032211303711e+00,-1.186305403709411621e+00,5.962702631950378418e-01,1.144832491874694824e+00,1.186714649200439453e+00,-2.004300504922866821e-01,1.529860347509384155e-01,5.161380767822265625e-01,7.380380630493164062e-01,-1.540737003087997437e-01,-1.330845244228839874e-02,-2.235516607761383057e-01,9.094114601612091064e-02,-6.150534749031066895e-01,2.232669293880462646e-01,-4.214400351047515869e-01,-2.210711538791656494e-01
3.996211588382720947e-01,8.973923325538635254e-01,4.787625372409820557e-01,6.311258673667907715e-02,-1.639542914927005768e-02,-6.889809370040893555e-01,7.218402028083801270e-01,-2.699800133705139160e-01,-2.693588435649871826e-01,-1.641336321830749512e+00,-7.806383967399597168e-01,1.440772652626037598e+00,-1.413123726844787598e+00,-1.242823600769042969e+00,5.206952691078186035e-01,1.226194381713867188e+00,1.337940812110900879e+00,-1.825183182954788208e-01,1.157628670334815979e-01,5.394587516784667969e-01,6.414048075675964355e-01,-1.425178945064544678e-01,-4.152569174766540527e-02,-2.449541389942169189e-01,9.316492825746536255e-02,-6.853829622268676758e-01,1.908162981271743774e-01,-4.337986111640930176e-01,-2.215326130390167236e-01
4.020459949970245361e-01,8.944947719573974609e-01,4.813303351402282715e-01,6.897992640733718872e-02,-1.054884493350982666e-02,-6.224327087402343750e-01,7.795562744140625000e-01,-2.651329636573791504e-01,-2.901020944118499756e-01,-1.675031185150146484e+00,-7.570704221725463867e-01,1.466849446296691895e+00,-1.517575502395629883e+00,-1.293781876564025879e+00,4.582571983337402344e-01,1.301782369613647461e+00,1.468835115432739258e+00,-1.578026711940765381e-01,6.681993603706359863e-02,5.631437897682189941e-01,5.193206667900085449e-01,-1.532304733991622925e-01,-5.265055596828460693e-02,-2.564209401607513428e-01,8.868096768856048584e-02,-7.345821261405944824e-01,1.654675453901290894e-01,-4.345457255840301514e-01,-2.043741196393966675e-01
4.111460447311401367e-01,8.929018974304199219e-01,4.856581687927246094e-01,6.851825118064880371e-02,-6.703252438455820084e-03,-5.517304539680480957e-01,8.311761617660522461e-01,-2.603707015514373779e-01,-2.971982955932617188e-01,-1.688497424125671387e+00,-7.292603254318237305e-01,1.487860798835754395e+00,-1.614533305168151855e+00,-1.340348482131958008e+00,4.105051755905151367e-01,1.376327157020568848e+00,1.581688284873962402e+00,-1.273002326488494873e-01,7.033813279122114182e-03,5.783635973930358887e-01,3.774261474609375000e-01,-1.787935793399810791e-01,-2.907823771238327026e-02,-2.601696550846099854e-01,7.699798792600631714e-02,-7.531862258911132812e-01,1.485787928104400635e-01,-4.254513382911682129e-01,-1.717226952314376831e-01
4.221915602684020996e-01,8.920877575874328613e-01,4.894036352634429932e-01,6.624088436365127563e-02,-2.689318498596549034e-03,-4.784575104713439941e-01,8.756045699119567871e-01,-2.623903751373291016e-01,-2.924716472625732422e-01,-1.700793623924255371e+00,-7.041454911231994629e-01,1.509194612503051758e+00,-1.688146591186523438e+00,-1.396303892135620117e+00,3.725718855857849121e-01,1.452678680419921875e+00,1.676869630813598633e+00,-1.064485609531402588e-01,-4.907684028148651123e-02,5.688896179199218750e-01,2.560273408889770508e-01,-1.974655985832214355e-01,-5.292762536555528641e-03,-2.671100795269012451e-01,6.146040931344032288e-02,-7.425742149353027344e-01,1.437609195709228516e-01,-4.085627496242523193e-01,-1.349893361330032349e-01
4.312277436256408691e-01,8.904139399528503418e-01,4.913242459297180176e-01,6.519898027181625366e-02,1.372583908960223198e-03,-4.043940603733062744e-01,9.122568964958190918e-01,-2.755683958530426025e-01,-2.813187539577484131e-01,-1.716774344444274902e+00,-6.877851486206054688e-01,1.531962990760803223e+00,-1.737950921058654785e+00,-1.460030078887939453e+00,3.437497615814208984e-01,1.527638673782348633e+00,1.753808140754699707e+00,-1.030903309583663940e-01,-8.600174635648727417e-02,5.388822555541992188e-01,1.870106309652328491e-01,-2.001493722200393677e-01,9.846759028732776642e-03,-2.759118676185607910e-01,4.288170486688613892e-02,-7.259287834167480469e-01,1.491335332393646240e-01,-3.902249634265899658e-01,-1.061749905347824097e-01
4.392490684986114502e-01,8.877370357513427734e-01,4.921837151050567627e-01,6.531056016683578491e-02,4.669518675655126572e-03,-3.291855454444885254e-01,9.419923424720764160e-01,-2.993232309818267822e-01,-2.696573734283447266e-01,-1.731235742568969727e+00,-6.769971847534179688e-01,1.553513169288635254e+00,-1.784236073493957520e+00,-1.521462798118591309e+00,3.206661939620971680e-01,1.596982479095458984e+00,1.817129492759704590e+00,-1.083470284938812256e-01,-1.104416102170944214e-01,4.931864440441131592e-01,1.509811133146286011e-01,-1.899531036615371704e-01,2.661919407546520233e-02,-2.821799516677856445e-01,2.581658586859703064e-02,-6.975635886192321777e-01,1.554657518863677979e-01,-3.762521147727966309e-01,-8.360319584608078003e-02
4.471297264099121094e-01,8.851869106292724609e-01,4.925594925880432129e-01,6.528289616107940674e-02,5.886876955628395081e-03,-2.550841271877288818e-01,9.646945595741271973e-01,-3.282132744789123535e-01,-2.576453387737274170e-01,-1.744019627571105957e+00,-6.699360609054565430e-01,1.574731707572937012e+00,-1.827487707138061523e+00,-1.575652718544006348e+00,3.001967072486877441e-01,1.660648465156555176e+00,1.872115969657897949e+00,-1.120774745941162109e-01,-1.310012787580490112e-01,4.385839402675628662e-01,1.299876719713211060e-01,-1.787998229265213013e-01,4.545373842120170593e-02,-2.828945517539978027e-01,1.108126342296600342e-02,-6.622274518013000488e-01,1.629804521799087524e-01,-3.656504452228546143e-01,-6.850692629814147949e-02
4.551138579845428467e-01,8.837600946426391602e-01,4.928563833236694336e-01,6.451668590307235718e-02,4.710068460553884506e-03,-1.842188537120819092e-01,9.807541966438293457e-01,-3.674341142177581787e-01,-2.438808679580688477e-01,-1.748529195785522461e+00,-6.607746481895446777e-01,1.589852809906005859e+00,-1.867561936378479004e+00,-1.619313359260559082e+00,2.827997803688049316e-01,1.716298341751098633e+00,1.919631600379943848e+00,-1.116224527359008789e-01,-1.491230428218841553e-01,3.901130557060241699e-01,1.210352703928947449e-01,-1.781587302684783936e-01,6.004090607166290283e-02,-2.773924767971038818e-01,-2.464142628014087677e-03,-6.291685104370117188e-01,1.753940433263778687e-01,-3.606364428997039795e-01,-5.626657605171203613e-02
4.628595709800720215e-01,8.835043311119079590e-01,4.930280148983001709e-01,6.307292729616165161e-02,5.073228385299444199e-03,-1.198843643069267273e-01,9.907693266868591309e-01,-4.050116539001464844e-01,-2.339484542608261108e-01,-1.742849111557006836e+00,-6.461815834045410156e-01,1.599767923355102539e+00,-1.901813507080078125e+00,-1.641978144645690918e+00,2.770695388317108154e-01,1.751076340675354004e+00,1.956235766410827637e+00,-1.142372786998748779e-01,-1.610828340053558350e-01,3.502679169178009033e-01,1.169925332069396973e-01,-1.755255013704299927e-01,6.781943142414093018e-02,-2.750546336174011230e-01,-8.288083598017692566e-03,-5.814043283462524414e-01,1.873708963394165039e-01,-3.531986773014068604e-01,-4.666323959827423096e-02
4.706999659538269043e-01,8.837208747863769531e-01,4.928669333457946777e-01,6.193504855036735535e-02,6.074014119803905487e-03,-5.902812629938125610e-02,9.963146448135375977e-01,-4.494358897209167480e-01,-2.267450690269470215e-01,-1.729545235633850098e+00,-6.339178085327148438e-01,1.603779554367065430e+00,-1.935106515884399414e+00,-1.663733601570129395e+00,2.703198492527008057e-01,1.785919785499572754e+00,1.984524846076965332e+00,-1.157992929220199585e-01,-1.735158711671829224e-01,2.964214384555816650e-01,1.153112575411796570e-01,-1.685032397508621216e-01,7.463596761226654053e-02,-2.742090523242950439e-01,-1.077800802886486053e-02,-5.339132547378540039e-01,2.015827149152755737e-01,-3.465832173824310303e-01,-4.259783402085304260e-02
4.775000512599945068e-01,8.843039274215698242e-01,4.925457835197448730e-01,6.121534109115600586e-02,5.803395528346300125e-03,-3.135902807116508484e-03,9.981027841567993164e-01,-4.965124428272247314e-01,-2.203960865736007690e-01,-1.715677261352539062e+00,-6.252296566963195801e-01,1.605831265449523926e+00,-1.957551598548889160e+00,-1.687230944633483887e+00,2.665487229824066162e-01,1.825275182723999023e+00,1.999808430671691895e+00,-1.146188229322433472e-01,-1.839378625154495239e-01,2.308502495288848877e-01,1.161845549941062927e-01,-1.618706434965133667e-01,7.722064852714538574e-02,-2.711929082870483398e-01,-1.072034332901239395e-02,-4.953184723854064941e-01,2.148675918579101562e-01,-3.431271314620971680e-01,-3.681173548102378845e-02
4.826657176017761230e-01,8.884314298629760742e-01,4.923139512538909912e-01,5.670257657766342163e-02,-2.367377281188964844e-03,5.001945421099662781e-02,9.971345067024230957e-01,-5.407811999320983887e-01,-2.020383030176162720e-01,-1.696430206298828125e+00,-6.212978363037109375e-01,1.609080076217651367e+00,-1.973381042480468750e+00,-1.731664657592773438e+00,2.578287124633789062e-01,1.878510832786560059e+00,2.024229049682617188e+00,-1.004738286137580872e-01,-1.879905164241790771e-01,1.551572829484939575e-01,1.222987473011016846e-01,-1.613616794347763062e-01,7.193410396575927734e-02,-2.566768527030944824e-01,-8.989253081381320953e-03,-4.582662880420684814e-01,2.366606593132019043e-01,-3.425304293632507324e-01,-1.618043147027492523e-02
4.882565438747406006e-01,8.905894160270690918e-01,4.921048879623413086e-01,5.400936305522918701e-02,-4.589891992509365082e-03,9.774450212717056274e-02,9.937343597412109375e-01,-5.928665399551391602e-01,-1.885960549116134644e-01,-1.669256925582885742e+00,-6.146926283836364746e-01,1.602976679801940918e+00,-1.987377047538757324e+00,-1.768854379653930664e+00,2.576799988746643066e-01,1.918097615242004395e+00,2.036012649536132812e+00,-9.814812242984771729e-02,-1.887435466051101685e-01,8.433356881141662598e-02,1.324032992124557495e-01,-1.584522128105163574e-01,6.548415124416351318e-02,-2.508565783500671387e-01,5.040080752223730087e-03,-4.099956154823303223e-01,2.472938299179077148e-01,-3.370568156242370605e-01,-1.482410077005624771e-02
4.921803772449493408e-01,8.927518129348754883e-01,4.918306171894073486e-01,5.421756207942962646e-02,-6.899599451571702957e-03,1.376644968986511230e-01,9.889698624610900879e-01,-6.333267688751220703e-01,-1.829004734754562378e-01,-1.625803470611572266e+00,-6.016548275947570801e-01,1.577858328819274902e+00,-1.997302770614624023e+00,-1.788003921508789062e+00,2.527827322483062744e-01,1.942495942115783691e+00,2.047664165496826172e+00,-9.448960423469543457e-02,-1.947860866785049438e-01,3.040999360382556915e-02,1.381911784410476685e-01,-1.572713553905487061e-01,6.284259259700775146e-02,-2.451091706752777100e-01,7.624246645718812943e-03,-3.836466073989868164e-01,2.587881684303283691e-01,-3.325064778327941895e-01,-1.283833198249340057e-02
4.950312376022338867e-01,8.942012190818786621e-01,4.915586411952972412e-01,5.598811805248260498e-02,-7.856845855712890625e-03,1.677459329366683960e-01,9.842077493667602539e-01,-6.635815501213073730e-01,-1.812816858291625977e-01,-1.568348526954650879e+00,-5.837637186050415039e-01,1.529993534088134766e+00,-2.004957437515258789e+00,-1.786590099334716797e+00,2.525267302989959717e-01,1.941764950752258301e+00,2.054993152618408203e+00,-9.113997966051101685e-02,-2.030097693204879761e-01,-1.005103159695863724e-02,1.403009593486785889e-01,-1.561271846294403076e-01,6.161641329526901245e-02,-2.381237000226974487e-01,-3.917954745702445507e-04,-3.842676281929016113e-01,2.652742266654968262e-01,-3.223292231559753418e-01,-1.413352694362401962e-02
4.967707991600036621e-01,8.952357769012451172e-01,4.912629723548889160e-01,5.835629999637603760e-02,-6.638355553150177002e-03,1.880085468292236328e-01,9.804097414016723633e-01,-6.814345717430114746e-01,-1.846743226051330566e-01,-1.492383480072021484e+00,-5.596083402633666992e-01,1.457143902778625488e+00,-2.006385326385498047e+00,-1.762254476547241211e+00,2.572403550148010254e-01,1.908385276794433594e+00,2.058535814285278320e+00,-9.167018532752990723e-02,-2.127185314893722534e-01,-3.938947618007659912e-02,1.407998204231262207e-01,-1.525788009166717529e-01,6.078077852725982666e-02,-2.316326946020126343e-01,-1.538204308599233627e-02,-4.014593362808227539e-01,2.642413377761840820e-01,-3.060407042503356934e-01,-1.497221086174249649e-02
4.973956346511840820e-01,8.969079256057739258e-01,4.909752011299133301e-01,6.131418049335479736e-02,-3.001555800437927246e-03,1.987598091363906860e-01,9.781237840652465820e-01,-6.842733621597290039e-01,-1.988908350467681885e-01,-1.349743723869323730e+00,-5.298523306846618652e-01,1.318694591522216797e+00,-2.002673387527465820e+00,-1.686524152755737305e+00,2.698966860771179199e-01,1.819287657737731934e+00,2.054996013641357422e+00,-9.661711007356643677e-02,-2.265541255474090576e-01,-6.098512187600135803e-02,1.407590508460998535e-01,-1.489252299070358276e-01,6.617378443479537964e-02,-2.322770953178405762e-01,-3.295271098613739014e-02,-4.110899567604064941e-01,2.619871199131011963e-01,-2.850246727466583252e-01,-1.473392359912395477e-02
4.971060156822204590e-01,9.000883698463439941e-01,4.905916750431060791e-01,6.274672597646713257e-02,-1.222505699843168259e-03,1.958557665348052979e-01,9.786224365234375000e-01,-6.654891967773437500e-01,-2.142087966203689575e-01,-1.113901138305664062e+00,-4.955610930919647217e-01,1.094365358352661133e+00,-1.994060277938842773e+00,-1.515050649642944336e+00,3.073375523090362549e-01,1.636035442352294922e+00,2.036571502685546875e+00,-9.635332971811294556e-02,-2.368055582046508789e-01,-6.183516979217529297e-02,1.391712427139282227e-01,-1.502238661050796509e-01,7.542237639427185059e-02,-2.342324703931808472e-01,-4.504665732383728027e-02,-4.031206369400024414e-01,2.623616755008697510e-01,-2.573760151863098145e-01,-1.741022802889347076e-02
4.963743090629577637e-01,9.043299555778503418e-01,4.902428686618804932e-01,6.014956906437873840e-02,-3.032117383554577827e-03,1.858059465885162354e-01,9.807389974594116211e-01,-6.419954299926757812e-01,-2.201137542724609375e-01,-8.040921688079833984e-01,-4.922497272491455078e-01,8.121453523635864258e-01,-1.968593358993530273e+00,-1.267329454421997070e+00,3.676888942718505859e-01,1.385073423385620117e+00,2.001460075378417969e+00,-8.856262266635894775e-02,-2.370645403861999512e-01,-5.130156874656677246e-02,1.357298791408538818e-01,-1.536720842123031616e-01,8.376736938953399658e-02,-2.315444350242614746e-01,-4.582143202424049377e-02,-3.873851299285888672e-01,2.627255022525787354e-01,-2.276738882064819336e-01,-2.169963158667087555e-02
4.954044520854949951e-01,9.089083671569824219e-01,4.900480210781097412e-01,5.655305087566375732e-02,-7.160241715610027313e-03,1.741816550493240356e-01,9.830621480941772461e-01,-6.286309361457824707e-01,-2.191356122493743896e-01,-4.679813683032989502e-01,-5.520656108856201172e-01,5.069264173507690430e-01,-1.918065428733825684e+00,-9.985164403915405273e-01,4.439433813095092773e-01,1.124349236488342285e+00,1.952361226081848145e+00,-7.650047540664672852e-02,-2.346820235252380371e-01,-3.591978922486305237e-02,1.320204287767410278e-01,-1.580491214990615845e-01,8.890143036842346191e-02,-2.254853397607803345e-01,-4.348613694310188293e-02,-3.685794472694396973e-01,2.638666927814483643e-01,-2.011702060699462891e-01,-2.494497597217559814e-02
4.943256974220275879e-01,9.128730893135070801e-01,4.899318218231201172e-01,5.404813960194587708e-02,-1.149169076234102249e-02,1.604862362146377563e-01,9.854902029037475586e-01,-6.259741783142089844e-01,-2.182762473821640015e-01,-1.899721175432205200e-01,-6.842976808547973633e-01,2.463568598031997681e-01,-1.828630328178405762e+00,-7.543469667434692383e-01,5.435614585876464844e-01,8.993219733238220215e-01,1.880073070526123047e+00,-6.617340445518493652e-02,-2.333471775054931641e-01,-1.406963262706995010e-02,1.312304884195327759e-01,-1.641985177993774414e-01,9.135060757398605347e-02,-2.195007950067520142e-01,-3.999794647097587585e-02,-3.460283279418945312e-01,2.624366581439971924e-01,-1.791801899671554565e-01,-2.821677178144454956e-02
4.932183623313903809e-01,9.160331487655639648e-01,4.899566471576690674e-01,5.152459815144538879e-02,-1.542507763952016830e-02,1.450996398925781250e-01,9.879541397094726562e-01,-6.291400194168090820e-01,-2.191913425922393799e-01,-1.107500959187746048e-02,-8.730365633964538574e-01,5.914487689733505249e-02,-1.682463765144348145e+00,-5.445579290390014648e-01,6.649017930030822754e-01,7.116309404373168945e-01,1.775616645812988281e+00,-6.242591887712478638e-02,-2.304690927267074585e-01,1.276043616235256195e-02,1.391922384500503540e-01,-1.748361587524414062e-01,9.321606904268264771e-02,-2.144370526075363159e-01,-3.298505768179893494e-02,-3.217535912990570068e-01,2.578806281089782715e-01,-1.661391109228134155e-01,-3.057294338941574097e-02
4.919137060642242432e-01,9.191384315490722656e-01,4.900174736976623535e-01,4.804970696568489075e-02,-1.982875727117061615e-02,1.293358653783798218e-01,9.902374744415283203e-01,-6.335247159004211426e-01,-2.190321832895278931e-01,7.562385499477386475e-02,-1.088997364044189453e+00,-8.284192532300949097e-02,-1.469713568687438965e+00,-3.722161352634429932e-01,8.114883303642272949e-01,5.476072430610656738e-01,1.623153448104858398e+00,-6.356908380985260010e-02,-2.252473533153533936e-01,4.088638350367546082e-02,1.562332808971405029e-01,-1.877474635839462280e-01,9.640358388423919678e-02,-2.099619209766387939e-01,-2.378119342029094696e-02,-2.964495122432708740e-01,2.549627721309661865e-01,-1.575910449028015137e-01,-3.180377930402755737e-02
4.904068708419799805e-01,9.223846793174743652e-01,4.900088608264923096e-01,4.417507350444793701e-02,-2.557513117790222168e-02,1.131902560591697693e-01,9.922612905502319336e-01,-6.356102824211120605e-01,-2.137703448534011841e-01,8.716930449008941650e-02,-1.298614621162414551e+00,-2.156857103109359741e-01,-1.205295205116271973e+00,-2.380469292402267456e-01,9.818766713142395020e-01,4.014166891574859619e-01,1.417743325233459473e+00,-6.389977037906646729e-02,-2.193610072135925293e-01,6.617026776075363159e-02,1.765339821577072144e-01,-1.985777318477630615e-01,9.882850199937820435e-02,-2.043959498405456543e-01,-1.367014274001121521e-02,-2.700420618057250977e-01,2.542466819286346436e-01,-1.495045274496078491e-01,-3.118151985108852386e-02
4.891058802604675293e-01,9.248564839363098145e-01,4.900329113006591797e-01,4.155839607119560242e-02,-3.163135796785354614e-02,9.541932493448257446e-02,9.940661787986755371e-01,-6.361355781555175781e-01,-2.049227654933929443e-01,4.511240497231483459e-02,-1.458003282546997070e+00,-3.335607945919036865e-01,-9.282124042510986328e-01,-1.468158811330795288e-01,1.157453060150146484e+00,2.754680812358856201e-01,1.170241355895996094e+00,-6.374379247426986694e-02,-2.154044210910797119e-01,7.920299470424652100e-02,1.998389959335327148e-01,-2.086710035800933838e-01,9.928072243928909302e-02,-1.981385648250579834e-01,-4.561077803373336792e-03,-2.425777316093444824e-01,2.533504962921142578e-01,-1.432982385158538818e-01,-2.896037697792053223e-02
4.881394505500793457e-01,9.261264204978942871e-01,4.900706112384796143e-01,4.082708805799484253e-02,-3.514933586120605469e-02,7.464709877967834473e-02,9.957537055015563965e-01,-6.325893998146057129e-01,-2.046302706003189087e-01,1.098375022411346436e-02,-1.531565546989440918e+00,-3.729829192161560059e-01,-6.899765133857727051e-01,-9.412810206413269043e-02,1.290554046630859375e+00,1.949405521154403687e-01,9.321945309638977051e-01,-6.503417342901229858e-02,-2.172940075397491455e-01,7.046699523925781250e-02,2.191331237554550171e-01,-2.144918590784072876e-01,9.761202335357666016e-02,-1.969515681266784668e-01,3.347555175423622131e-03,-2.117030322551727295e-01,2.510119080543518066e-01,-1.369898617267608643e-01,-2.586236782371997833e-02
4.876396954059600830e-01,9.266610145568847656e-01,4.902081191539764404e-01,3.960415348410606384e-02,-3.914315998554229736e-02,5.198035761713981628e-02,9.970944523811340332e-01,-6.296162605285644531e-01,-2.072527408599853516e-01,3.066855482757091522e-02,-1.540120601654052734e+00,-3.495977818965911865e-01,-4.821171462535858154e-01,-4.753824695944786072e-02,1.349176764488220215e+00,1.624891161918640137e-01,7.260700464248657227e-01,-6.325241178274154663e-02,-2.219704985618591309e-01,3.792250156402587891e-02,2.369891405105590820e-01,-2.212513238191604614e-01,8.393760025501251221e-02,-1.921000629663467407e-01,1.522828638553619385e-02,-1.778020560741424561e-01,2.444209009408950806e-01,-1.282652616500854492e-01,-2.278529107570648193e-02
4.870848059654235840e-01,9.268191456794738770e-01,4.903172850608825684e-01,3.723138570785522461e-02,-4.409233853220939636e-02,2.854829281568527222e-02,9.979251623153686523e-01,-6.387613415718078613e-01,-2.011566758155822754e-01,8.619339019060134888e-02,-1.532101869583129883e+00,-3.130491971969604492e-01,-3.268218040466308594e-01,-1.801337674260139465e-02,1.328297615051269531e+00,1.426329165697097778e-01,4.960380196571350098e-01,-6.060521677136421204e-02,-2.261742800474166870e-01,-5.854735616594552994e-03,2.561281025409698486e-01,-2.344171553850173950e-01,6.161456555128097534e-02,-1.847232431173324585e-01,2.997221983969211578e-02,-1.451819241046905518e-01,2.368993610143661499e-01,-1.188353225588798523e-01,-1.492361538112163544e-02
4.855689704418182373e-01,9.270303845405578613e-01,4.901077151298522949e-01,3.493139147758483887e-02,-4.761718586087226868e-02,5.217459052801132202e-03,9.982410669326782227e-01,-6.624985933303833008e-01,-1.935066133737564087e-01,1.476155072450637817e-01,-1.535671114921569824e+00,-2.747512459754943848e-01,-2.623042464256286621e-01,-7.555973716080188751e-03,1.248858213424682617e+00,1.195358708500862122e-01,2.690369188785552979e-01,-5.880577117204666138e-02,-2.321555465459823608e-01,-5.031429976224899292e-02,2.681663334369659424e-01,-2.428613454103469849e-01,5.149120464920997620e-02,-1.837703287601470947e-01,4.374822974205017090e-02,-1.136410236358642578e-01,2.322662770748138428e-01,-1.076075732707977295e-01,-5.568443331867456436e-03
4.826203584671020508e-01,9.286904335021972656e-01,4.896260201930999756e-01,3.272030502557754517e-02,-4.864590615034103394e-02,-1.665779389441013336e-02,9.981409907341003418e-01,-6.882880330085754395e-01,-1.919067054986953735e-01,1.941438019275665283e-01,-1.549595475196838379e+00,-2.491319477558135986e-01,-2.720621228218078613e-01,3.165734186768531799e-02,1.165488004684448242e+00,1.168823912739753723e-01,1.645922213792800903e-01,-5.423251911997795105e-02,-2.379027903079986572e-01,-7.341381162405014038e-02,2.587085962295532227e-01,-2.370578795671463013e-01,6.075747683644294739e-02,-1.915130913257598877e-01,5.349074304103851318e-02,-8.601245284080505371e-02,2.285583913326263428e-01,-9.509936720132827759e-02,7.367456797510385513e-03
4.789462983608245850e-01,9.322420954704284668e-01,4.893044531345367432e-01,3.148973360657691956e-02,-4.903348162770271301e-02,-3.734111785888671875e-02,9.976019859313964844e-01,-7.123854160308837891e-01,-1.973506063222885132e-01,2.195148468017578125e-01,-1.552596569061279297e+00,-2.268394231796264648e-01,-2.929515540599822998e-01,1.026478409767150879e-01,1.095671176910400391e+00,1.076132580637931824e-01,1.563029885292053223e-01,-4.071193188428878784e-02,-2.409370541572570801e-01,-5.394426360726356506e-02,2.252708524465560913e-01,-2.209908217191696167e-01,8.592645078897476196e-02,-2.017284333705902100e-01,5.570802092552185059e-02,-6.159641221165657043e-02,2.238711416721343994e-01,-8.188845217227935791e-02,2.756587788462638855e-02
4.750031232833862305e-01,9.364327192306518555e-01,4.890433251857757568e-01,3.024835512042045593e-02,-4.795016348361968994e-02,-5.823408812284469604e-02,9.966918230056762695e-01,-7.308058142662048340e-01,-2.063356041908264160e-01,2.348985522985458374e-01,-1.531011700630187988e+00,-1.642374098300933838e-01,-3.005990982055664062e-01,1.850416809320449829e-01,1.037028670310974121e+00,5.762669816613197327e-02,1.787519752979278564e-01,-2.251714654266834259e-02,-2.417421638965606689e-01,-9.337213821709156036e-03,1.737434715032577515e-01,-2.049251496791839600e-01,1.128750070929527283e-01,-2.149011045694351196e-01,5.799194052815437317e-02,-3.594493493437767029e-02,2.161246538162231445e-01,-6.516218930482864380e-02,5.235790088772773743e-02
4.708346724510192871e-01,9.395529031753540039e-01,4.889656305313110352e-01,2.661020681262016296e-02,-4.914472624659538269e-02,-7.649846374988555908e-02,9.955022335052490234e-01,-7.532990574836730957e-01,-2.100582122802734375e-01,2.518410384654998779e-01,-1.478829979896545410e+00,-1.597703807055950165e-02,-3.068141043186187744e-01,2.699409723281860352e-01,9.934454560279846191e-01,1.805421337485313416e-02,2.031776010990142822e-01,1.562403398565948009e-03,-2.364011555910110474e-01,2.559831924736499786e-02,1.206761375069618225e-01,-1.946725398302078247e-01,1.365945041179656982e-01,-2.252414971590042114e-01,6.832488626241683960e-02,-1.352915354073047638e-02,2.129958868026733398e-01,-4.942508041858673096e-02,5.767826363444328308e-02
4.665016829967498779e-01,9.420837163925170898e-01,4.886808693408966064e-01,2.485537901520729065e-02,-4.841824993491172791e-02,-9.353680163621902466e-02,9.941271543502807617e-01,-7.794297933578491211e-01,-2.105862051248550415e-01,2.684965431690216064e-01,-1.426766872406005859e+00,1.114787980914115906e-01,-3.461108207702636719e-01,3.341194987297058105e-01,9.539305567741394043e-01,-5.232760310173034668e-02,2.241085171699523926e-01,7.952540181577205658e-03,-2.341467887163162231e-01,5.314853414893150330e-02,8.921068906784057617e-02,-1.938198804855346680e-01,1.427333652973175049e-01,-2.504620254039764404e-01,7.670293003320693970e-02,7.417153567075729370e-03,2.280197739601135254e-01,-3.604356944561004639e-02,8.215396851301193237e-02
4.616550207138061523e-01,9.445222616195678711e-01,4.882621467113494873e-01,2.371481060981750488e-02,-4.570265114307403564e-02,-1.130505651235580444e-01,9.922541975975036621e-01,-7.995159029960632324e-01,-2.154253125190734863e-01,2.778369188308715820e-01,-1.361655473709106445e+00,2.305911332368850708e-01,-3.988797664642333984e-01,3.736278712749481201e-01,9.199658632278442383e-01,-1.256064176559448242e-01,2.517810761928558350e-01,1.351940329186618328e-03,-2.319915145635604858e-01,8.630308508872985840e-02,7.009828835725784302e-02,-1.930426359176635742e-01,1.435551643371582031e-01,-2.901867628097534180e-01,8.601529151201248169e-02,3.204770013689994812e-02,2.567097842693328857e-01,-2.824568003416061401e-02,1.147645786404609680e-01
4.567970335483551025e-01,9.465768337249755859e-01,4.882591366767883301e-01,2.058423496782779694e-02,-4.329655691981315613e-02,-1.365576386451721191e-01,9.894714355468750000e-01,-8.154387474060058594e-01,-2.182063758373260498e-01,2.766112387180328369e-01,-1.289261579513549805e+00,3.308533430099487305e-01,-4.431063532829284668e-01,3.901037573814392090e-01,9.017933607101440430e-01,-1.711661070585250854e-01,2.862280905246734619e-01,2.592631499283015728e-04,-2.243439555168151855e-01,1.279179155826568604e-01,4.414750263094902039e-02,-1.883004307746887207e-01,1.411698609590530396e-01,-3.267046511173248291e-01,9.926144033670425415e-02,4.795869812369346619e-02,2.814602851867675781e-01,-2.790926955640316010e-02,1.469288468360900879e-01
4.519460797309875488e-01,9.481139183044433594e-01,4.889905452728271484e-01,1.503519341349601746e-02,-4.091657698154449463e-02,-1.627710759639739990e-01,9.857004284858703613e-01,-8.314734697341918945e-01,-2.141906470060348511e-01,2.651117146015167236e-01,-1.222997069358825684e+00,4.040879011154174805e-01,-4.677804112434387207e-01,3.836243152618408203e-01,9.011536836624145508e-01,-1.766094565391540527e-01,3.192255795001983643e-01,6.566987838596105576e-03,-2.098197489976882935e-01,1.761137694120407104e-01,8.693134412169456482e-03,-1.781175285577774048e-01,1.317159831523895264e-01,-3.537240326404571533e-01,1.129455044865608215e-01,4.358690977096557617e-02,2.946609258651733398e-01,-3.746210411190986633e-02,1.673023104667663574e-01
4.466343820095062256e-01,9.488601088523864746e-01,4.899794459342956543e-01,9.357090108096599579e-03,-3.788558766245841980e-02,-1.907439976930618286e-01,9.808638095855712891e-01,-8.470619320869445801e-01,-2.098882496356964111e-01,2.434336692094802856e-01,-1.173334360122680664e+00,4.495300352573394775e-01,-4.693767428398132324e-01,3.592280745506286621e-01,9.133820533752441406e-01,-1.562869697809219360e-01,3.484097719192504883e-01,-2.621656982228159904e-03,-1.898681521415710449e-01,2.298756390810012817e-01,1.086641873371263500e-06,-1.742919385433197021e-01,1.194718480110168457e-01,-3.748259544372558594e-01,1.144232749938964844e-01,7.313700392842292786e-03,3.035205602645874023e-01,-5.005222931504249573e-02,1.655021756887435913e-01
4.411858022212982178e-01,9.488336443901062012e-01,4.907827377319335938e-01,4.976872354745864868e-03,-3.398320451378822327e-02,-2.194634228944778442e-01,9.750159978866577148e-01,-8.589125871658325195e-01,-2.088740319013595581e-01,2.157515883445739746e-01,-1.141833782196044922e+00,4.689444303512573242e-01,-4.570932090282440186e-01,3.305152058601379395e-01,9.375280737876892090e-01,-1.254863291978836060e-01,3.833410739898681641e-01,-1.735598035156726837e-02,-1.678419113159179688e-01,2.847507894039154053e-01,1.358302359477647769e-10,-1.704628616571426392e-01,1.109277009963989258e-01,-3.889038562774658203e-01,9.899616241455078125e-02,-5.713473260402679443e-02,3.134795427322387695e-01,-5.671491846442222595e-02,1.507749706506729126e-01
4.351817071437835693e-01,9.483844637870788574e-01,4.915790259838104248e-01,1.241523656062781811e-03,-3.180780634284019470e-02,-2.468278557062149048e-01,9.685363769531250000e-01,-8.708711862564086914e-01,-2.061862796545028687e-01,1.872762590646743774e-01,-1.125168204307556152e+00,4.700754880905151367e-01,-4.396267831325531006e-01,3.101698458194732666e-01,9.712278842926025391e-01,-9.466905146837234497e-02,4.233272969722747803e-01,-2.847048081457614899e-02,-1.459061354398727417e-01,3.348470926284790039e-01,1.696995950879742754e-14,-1.641321629285812378e-01,1.024533435702323914e-01,-3.926506340503692627e-01,7.166226208209991455e-02,-1.283734589815139771e-01,3.317872285842895508e-01,-7.217513024806976318e-02,1.268214136362075806e-01
4.285094141960144043e-01,9.470130801200866699e-01,4.922952950000762939e-01,-3.066971432417631149e-03,-3.249589353799819946e-02,-2.729534506797790527e-01,9.614733457565307617e-01,-8.861677646636962891e-01,-1.933818906545639038e-01,1.631127148866653442e-01,-1.117396354675292969e+00,4.588859379291534424e-01,-4.235005080699920654e-01,2.956802546977996826e-01,1.012830734252929688e+00,-6.473535299301147461e-02,4.550986588001251221e-01,-3.234204277396202087e-02,-1.204786673188209534e-01,3.811887800693511963e-01,5.168912681500961032e-18,-1.554470509290695190e-01,8.981912583112716675e-02,-3.872783780097961426e-01,3.799806907773017883e-02,-1.975135207176208496e-01,3.668751418590545654e-01,-1.001559868454933167e-01,9.493991732597351074e-02
4.221890568733215332e-01,9.460764527320861816e-01,4.927533268928527832e-01,-6.911171600222587585e-03,-3.509712964296340942e-02,-2.957505285739898682e-01,9.545952081680297852e-01,-9.083560109138488770e-01,-1.793989539146423340e-01,1.417669355869293213e-01,-1.119605898857116699e+00,4.417264163494110107e-01,-4.171055555343627930e-01,2.793777585029602051e-01,1.058462738990783691e+00,-4.221653565764427185e-02,4.614201784133911133e-01,-3.124820254743099213e-02,-9.916269779205322266e-02,4.199737906455993652e-01,-4.880815600316092129e-18,-1.480412036180496216e-01,8.229599893093109131e-02,-3.707756698131561279e-01,-4.402860533446073532e-03,-2.545728981494903564e-01,4.089700281620025635e-01,-1.246878355741500854e-01,6.424695253372192383e-02
4.164384007453918457e-01,9.460487961769104004e-01,4.928160011768341064e-01,-1.048878300935029984e-02,-3.752899169921875000e-02,-3.156934082508087158e-01,9.480607509613037109e-01,-9.313696026802062988e-01,-1.662429422140121460e-01,1.181064471602439880e-01,-1.128050923347473145e+00,4.253603816032409668e-01,-4.236408770084381104e-01,2.572327554225921631e-01,1.110331058502197266e+00,-2.066106721758842468e-02,4.469895660877227783e-01,-3.020677715539932251e-02,-8.107881993055343628e-02,4.532367587089538574e-01,4.540520113756676968e-18,-1.428885310888290405e-01,8.006779849529266357e-02,-3.502034842967987061e-01,-5.088843032717704773e-02,-2.934463620185852051e-01,4.558973908424377441e-01,-1.400226950645446777e-01,4.866949841380119324e-02
4.110798537731170654e-01,9.465011954307556152e-01,4.927272200584411621e-01,-1.378613896667957306e-02,-3.935231268405914307e-02,-3.343697488307952881e-01,9.415190815925598145e-01,-9.448829889297485352e-01,-1.518839448690414429e-01,9.649633616209030151e-02,-1.136645436286926270e+00,4.202183783054351807e-01,-4.580245018005371094e-01,2.322896718978881836e-01,1.166035056114196777e+00,1.498386077582836151e-02,4.217064082622528076e-01,-2.969192899763584137e-02,-6.433017551898956299e-02,4.863051474094390869e-01,-9.393171868576563610e-18,-1.402167379856109619e-01,7.834076881408691406e-02,-3.261603713035583496e-01,-9.741812944412231445e-02,-3.150198757648468018e-01,4.964760839939117432e-01,-1.474666595458984375e-01,4.042121767997741699e-02
4.057706594467163086e-01,9.469971656799316406e-01,4.926148653030395508e-01,-1.645068265497684479e-02,-4.093794152140617371e-02,-3.524698317050933838e-01,9.347825646400451660e-01,-9.474173784255981445e-01,-1.383582800626754761e-01,8.381115645170211792e-02,-1.135711669921875000e+00,4.300706088542938232e-01,-5.395994782447814941e-01,2.112734168767929077e-01,1.212624192237854004e+00,6.717010587453842163e-02,3.988775014877319336e-01,-2.910644188523292542e-02,-4.850295931100845337e-02,5.189877748489379883e-01,1.135447665794389605e-18,-1.361599415540695190e-01,7.519456744194030762e-02,-2.994272410869598389e-01,-1.457969695329666138e-01,-3.293729424476623535e-01,5.272439718246459961e-01,-1.496663093566894531e-01,3.375659883022308350e-02
4.000573158264160156e-01,9.472190141677856445e-01,4.925728738307952881e-01,-1.869447343051433563e-02,-4.236357286572456360e-02,-3.707364499568939209e-01,9.275830388069152832e-01,-9.405027627944946289e-01,-1.269746869802474976e-01,7.600033283233642578e-02,-1.119007349014282227e+00,4.513402879238128662e-01,-6.647277474403381348e-01,1.985965818166732788e-01,1.228100061416625977e+00,1.139796972274780273e-01,3.971014022827148438e-01,-2.830970659852027893e-02,-3.222508355975151062e-02,5.501567721366882324e-01,-9.190307477709158679e-20,-1.302954852581024170e-01,7.352954149246215820e-02,-2.716405093669891357e-01,-1.941060572862625122e-01,-3.435135483741760254e-01,5.452082157135009766e-01,-1.490101814270019531e-01,2.834328450262546539e-02
3.931945860385894775e-01,9.469138383865356445e-01,4.927445650100708008e-01,-2.068104967474937439e-02,-4.345650970935821533e-02,-3.893098831176757812e-01,9.198486804962158203e-01,-9.277135133743286133e-01,-1.187420636415481567e-01,6.552010029554367065e-02,-1.087571382522583008e+00,4.780291020870208740e-01,-8.245061039924621582e-01,1.894929111003875732e-01,1.213120698928833008e+00,1.296147257089614868e-01,4.139209687709808350e-01,-2.809572964906692505e-02,-1.322166435420513153e-02,5.807245969772338867e-01,2.554227852445342672e-18,-1.222471818327903748e-01,7.210475206375122070e-02,-2.428656071424484253e-01,-2.374575585126876831e-01,-3.649502098560333252e-01,5.415359139442443848e-01,-1.462734937667846680e-01,2.591448649764060974e-02
3.849667906761169434e-01,9.467346668243408203e-01,4.932076632976531982e-01,-2.144327200949192047e-02,-4.403585940599441528e-02,-4.090920090675354004e-01,9.111776947975158691e-01,-9.100412130355834961e-01,-1.151459664106369019e-01,4.345332086086273193e-02,-1.048574090003967285e+00,5.032775402069091797e-01,-1.005127668380737305e+00,1.783078759908676147e-01,1.188434362411499023e+00,1.283730417490005493e-01,4.379426538944244385e-01,-3.108627162873744965e-02,6.756912451237440109e-03,6.134704947471618652e-01,1.732942764647305012e-03,-1.122241765260696411e-01,6.946884840726852417e-02,-2.163113057613372803e-01,-2.813909649848937988e-01,-4.081076979637145996e-01,5.181514620780944824e-01,-1.439207196235656738e-01,2.050047367811203003e-02
3.750556111335754395e-01,9.476168751716613770e-01,4.938029050827026367e-01,-2.163421921432018280e-02,-4.408095404505729675e-02,-4.330709874629974365e-01,9.000213146209716797e-01,-8.870844244956970215e-01,-1.142859160900115967e-01,3.938232548534870148e-03,-1.008484363555908203e+00,5.174286365509033203e-01,-1.191057443618774414e+00,1.650807708501815796e-01,1.156665802001953125e+00,1.344282329082489014e-01,4.721702337265014648e-01,-3.579945489764213562e-02,2.852162159979343414e-02,6.523621678352355957e-01,3.251639427617192268e-03,-9.954032301902770996e-02,6.639462709426879883e-02,-1.928965300321578979e-01,-3.344690203666687012e-01,-5.015119910240173340e-01,4.876908659934997559e-01,-1.425694823265075684e-01,3.455881262198090553e-03
3.637291789054870605e-01,9.496415257453918457e-01,4.939913749694824219e-01,-2.120469324290752411e-02,-4.445740953087806702e-02,-4.602568447589874268e-01,8.864184021949768066e-01,-8.580012321472167969e-01,-1.169476285576820374e-01,-5.270593985915184021e-02,-9.767459630966186523e-01,5.191115140914916992e-01,-1.372310519218444824e+00,1.495422124862670898e-01,1.123174071311950684e+00,1.502007246017456055e-01,5.181775093078613281e-01,-4.007007926702499390e-02,5.089201405644416809e-02,6.941959261894226074e-01,4.829731769859790802e-03,-8.485860377550125122e-02,6.319232285022735596e-02,-1.719708144664764404e-01,-3.845282495021820068e-01,-6.274978518486022949e-01,4.584594070911407471e-01,-1.354489624500274658e-01,-1.892639510333538055e-02
3.518624007701873779e-01,9.505217671394348145e-01,4.934088587760925293e-01,-1.828016713261604309e-02,-4.418674856424331665e-02,-4.850569367408752441e-01,8.731741905212402344e-01,-8.251816034317016602e-01,-1.272360384464263916e-01,-1.265145242214202881e-01,-9.553127288818359375e-01,5.143379569053649902e-01,-1.562155127525329590e+00,1.320784837007522583e-01,1.093385934829711914e+00,1.671910434961318970e-01,5.752933025360107422e-01,-4.571550339460372925e-02,7.293215394020080566e-02,7.289515733718872070e-01,6.501843221485614777e-03,-6.779614835977554321e-02,5.961938947439193726e-02,-1.592735946178436279e-01,-4.091328680515289307e-01,-7.295304536819458008e-01,4.330828785896301270e-01,-1.221705675125122070e-01,-3.281411528587341309e-02
3.408228158950805664e-01,9.479364752769470215e-01,4.920103251934051514e-01,-1.422401145100593567e-02,-4.413015395402908325e-02,-5.046589970588684082e-01,8.620727658271789551e-01,-7.916502952575683594e-01,-1.371964365243911743e-01,-2.286660373210906982e-01,-9.581232666969299316e-01,5.203384160995483398e-01,-1.730523824691772461e+00,1.116449534893035889e-01,1.073651432991027832e+00,1.874656379222869873e-01,6.306429505348205566e-01,-4.729975759983062744e-02,9.581204503774642944e-02,7.549508213996887207e-01,9.048133157193660736e-03,-5.056165903806686401e-02,5.334626138210296631e-02,-1.650599092245101929e-01,-3.998746871948242188e-01,-7.570437788963317871e-01,4.207111299037933350e-01,-1.187806874513626099e-01,-2.757583372294902802e-02
3.302907049655914307e-01,9.417181611061096191e-01,4.906385838985443115e-01,-1.001813448965549469e-02,-4.273137822747230530e-02,-5.211753845214843750e-01,8.523202538490295410e-01,-7.537612915039062500e-01,-1.456004083156585693e-01,-3.574780225753784180e-01,-9.774879813194274902e-01,5.479013323783874512e-01,-1.877592802047729492e+00,8.516675233840942383e-02,1.065889358520507812e+00,2.127750813961029053e-01,6.788970232009887695e-01,-4.719868302345275879e-02,1.225549057126045227e-01,7.682391405105590820e-01,1.212461665272712708e-02,-3.406511247158050537e-02,4.389664158225059509e-02,-1.956689804792404175e-01,-3.726048767566680908e-01,-7.181427478790283203e-01,4.306344687938690186e-01,-1.280912011861801147e-01,-2.272132597863674164e-02
3.197080194950103760e-01,9.345121979713439941e-01,4.901610016822814941e-01,-7.852540351450443268e-03,-4.024725034832954407e-02,-5.403332710266113281e-01,8.404513001441955566e-01,-7.099692821502685547e-01,-1.461054384708404541e-01,-5.048146843910217285e-01,-1.009956598281860352e+00,6.060540676116943359e-01,-1.998300552368164062e+00,5.196762084960937500e-02,1.068767309188842773e+00,2.458046227693557739e-01,7.159905433654785156e-01,-4.520275443792343140e-02,1.523949354887008667e-01,7.670715451240539551e-01,1.544652227312326431e-02,-2.972796559333801270e-02,3.393880650401115417e-02,-2.317991554737091064e-01,-3.431613147258758545e-01,-6.698348522186279297e-01,4.559344053268432617e-01,-1.487328857183456421e-01,-2.105070278048515320e-02
3.083962798118591309e-01,9.272543787956237793e-01,4.909843802452087402e-01,-5.470700562000274658e-03,-3.645439073443412781e-02,-5.604476928710937500e-01,8.273690342903137207e-01,-6.625214815139770508e-01,-1.450573801994323730e-01,-6.507337689399719238e-01,-1.058181762695312500e+00,7.001377344131469727e-01,-2.092918157577514648e+00,1.215864345431327820e-02,1.071575522422790527e+00,2.813828289508819580e-01,7.463304996490478516e-01,-5.249919369816780090e-02,1.883330941200256348e-01,7.574803829193115234e-01,3.819750249385833740e-02,-4.585654661059379578e-02,3.212414309382438660e-02,-2.566142976284027100e-01,-3.011536896228790283e-01,-6.335952877998352051e-01,4.633721113204956055e-01,-1.800288110971450806e-01,-2.514831908047199249e-02
2.971032261848449707e-01,9.185690283775329590e-01,4.925502836704254150e-01,-1.603741315193474293e-03,-3.205395489931106567e-02,-5.822744369506835938e-01,8.123585581779479980e-01,-6.157670617103576660e-01,-1.453526467084884644e-01,-7.911697626113891602e-01,-1.119664430618286133e+00,8.095761537551879883e-01,-2.155617475509643555e+00,-2.903266996145248413e-02,1.067068934440612793e+00,3.150002658367156982e-01,7.764999270439147949e-01,-7.047278434038162231e-02,2.232659310102462769e-01,7.138427495956420898e-01,8.694202452898025513e-02,-7.842892408370971680e-02,3.776963427662849426e-02,-2.720099687576293945e-01,-2.488554269075393677e-01,-5.975087881088256836e-01,4.519715309143066406e-01,-2.118083983659744263e-01,-3.933386877179145813e-02
2.861562073230743408e-01,9.057027101516723633e-01,4.933413863182067871e-01,2.959208330139517784e-03,-2.715338394045829773e-02,-6.082285642623901367e-01,7.932918667793273926e-01,-5.718919634819030762e-01,-1.483112722635269165e-01,-9.140214323997497559e-01,-1.191826105117797852e+00,9.103240370750427246e-01,-2.191226005554199219e+00,-6.322945654392242432e-02,1.056169629096984863e+00,3.437072634696960449e-01,8.092671632766723633e-01,-9.855743497610092163e-02,2.454750239849090576e-01,5.928908586502075195e-01,1.659349352121353149e-01,-1.040848270058631897e-01,3.962047025561332703e-02,-2.801232933998107910e-01,-1.915262788534164429e-01,-5.517110228538513184e-01,4.351545274257659912e-01,-2.371990233659744263e-01,-5.409030988812446594e-02
2.761942446231842041e-01,8.915020227432250977e-01,4.930389821529388428e-01,5.801598075777292252e-03,-2.254139818251132965e-02,-6.370983719825744629e-01,7.704309821128845215e-01,-5.284187197685241699e-01,-1.555930674076080322e-01,-1.003262519836425781e+00,-1.263047814369201660e+00,9.899759292602539062e-01,-2.205292940139770508e+00,-8.277866989374160767e-02,1.041597962379455566e+00,3.696604371070861816e-01,8.451643586158752441e-01,-1.398255527019500732e-01,2.363468557596206665e-01,4.201663136482238770e-01,2.725433111190795898e-01,-1.221982687711715698e-01,2.827630005776882172e-02,-2.765448391437530518e-01,-1.319864541292190552e-01,-5.003597736358642578e-01,4.114577770233154297e-01,-2.543166875839233398e-01,-6.340567022562026978e-02
2.687178254127502441e-01,8.803786039352416992e-01,4.927821755409240723e-01,4.782753065228462219e-03,-2.054625004529953003e-02,-6.674563884735107422e-01,7.443500161170959473e-01,-4.787652492523193359e-01,-1.627241224050521851e-01,-1.051293492317199707e+00,-1.312577962875366211e+00,1.040272116661071777e+00,-2.206566810607910156e+00,-8.663249760866165161e-02,1.025506854057312012e+00,3.996664881706237793e-01,8.825589418411254883e-01,-1.762270778417587280e-01,1.838371306657791138e-01,2.563308477401733398e-01,3.731130957603454590e-01,-1.406018733978271484e-01,1.485257875174283981e-02,-2.612170577049255371e-01,-7.669527083635330200e-02,-4.432772994041442871e-01,3.825410306453704834e-01,-2.599370479583740234e-01,-6.518206000328063965e-02
2.628156542778015137e-01,8.724650144577026367e-01,4.923347830772399902e-01,1.853757421486079693e-03,-1.914210431277751923e-02,-6.963337659835815430e-01,7.174603939056396484e-01,-4.207148849964141846e-01,-1.720338463783264160e-01,-1.082176446914672852e+00,-1.334344029426574707e+00,1.068431496620178223e+00,-2.196657180786132812e+00,-8.249486237764358521e-02,1.002785086631774902e+00,4.336508214473724365e-01,9.273715615272521973e-01,-2.180376201868057251e-01,1.169478073716163635e-01,1.408289670944213867e-01,4.745407998561859131e-01,-1.585427224636077881e-01,6.073006894439458847e-03,-2.421871721744537354e-01,-2.654273808002471924e-02,-3.847512602806091309e-01,3.512395322322845459e-01,-2.565010786056518555e-01,-6.522035598754882812e-02
2.575415968894958496e-01,8.666256070137023926e-01,4.915545582771301270e-01,-1.702499343082308769e-03,-1.797401718795299530e-02,-7.233651876449584961e-01,6.902295351028442383e-01,-3.570961356163024902e-01,-1.790418624877929688e-01,-1.100901246070861816e+00,-1.322613239288330078e+00,1.079094886779785156e+00,-2.190326929092407227e+00,-7.925959676504135132e-02,9.722113609313964844e-01,4.734316170215606689e-01,9.737713336944580078e-01,-2.593298256397247314e-01,6.193754076957702637e-02,9.144783020019531250e-02,5.577741861343383789e-01,-1.659935414791107178e-01,7.265437394380569458e-03,-2.232698351144790649e-01,1.762324012815952301e-02,-3.267746865749359131e-01,3.228976428508758545e-01,-2.497394829988479614e-01,-6.734052300453186035e-02
2.520904839038848877e-01,8.611314296722412109e-01,4.907346665859222412e-01,-4.623304586857557297e-03,-1.685435697436332703e-02,-7.488011717796325684e-01,6.625642180442810059e-01,-2.898916006088256836e-01,-1.830682158470153809e-01,-1.110379695892333984e+00,-1.282982468605041504e+00,1.083090662956237793e+00,-2.192520380020141602e+00,-8.494366705417633057e-02,9.336711764335632324e-01,5.201582312583923340e-01,1.017895698547363281e+00,-2.964672148227691650e-01,2.688454836606979370e-02,8.918591588735580444e-02,6.113068461418151855e-01,-1.686913222074508667e-01,2.040694840252399445e-02,-2.050033956766128540e-01,5.619053915143013000e-02,-2.689149677753448486e-01,3.003033399581909180e-01,-2.445379942655563354e-01,-7.125519961118698120e-02
2.465272098779678345e-01,8.554807901382446289e-01,4.900036454200744629e-01,-7.228553760796785355e-03,-1.612029969692230225e-02,-7.722012996673583984e-01,6.351323127746582031e-01,-2.237453162670135498e-01,-1.834202855825424194e-01,-1.117271423339843750e+00,-1.229601263999938965e+00,1.088729739189147949e+00,-2.203296422958374023e+00,-9.631666541099548340e-02,8.896885514259338379e-01,5.677073597908020020e-01,1.058947205543518066e+00,-3.297416269779205322e-01,3.248596796765923500e-03,1.045409217476844788e-01,6.353014707565307617e-01,-1.693282127380371094e-01,4.075094312429428101e-02,-1.853846013545989990e-01,8.902089297771453857e-02,-2.118123769760131836e-01,2.829936146736145020e-01,-2.418985366821289062e-01,-7.446366548538208008e-02
2.411310970783233643e-01,8.495154380798339844e-01,4.894787371158599854e-01,-1.016333326697349548e-02,-1.641705445945262909e-02,-7.936998009681701660e-01,6.080031394958496094e-01,-1.654206961393356323e-01,-1.772923022508621216e-01,-1.123899459838867188e+00,-1.178541541099548340e+00,1.104026079177856445e+00,-2.218398332595825195e+00,-1.077991500496864319e-01,8.466512560844421387e-01,6.107770800590515137e-01,1.091190576553344727e+00,-3.577196300029754639e-01,-2.259674668312072754e-02,1.142039448022842407e-01,6.305903196334838867e-01,-1.681745201349258423e-01,5.932468920946121216e-02,-1.627518981695175171e-01,1.152061223983764648e-01,-1.562990099191665649e-01,2.704609334468841553e-01,-2.415131479501724243e-01,-7.377184182405471802e-02
2.361923158168792725e-01,8.433991670608520508e-01,4.893587827682495117e-01,-1.338926702737808228e-02,-1.757462508976459503e-02,-8.132831454277038574e-01,5.814485549926757812e-01,-1.179338619112968445e-01,-1.678366810083389282e-01,-1.130365848541259766e+00,-1.142420172691345215e+00,1.126017451286315918e+00,-2.232805013656616211e+00,-1.146640032529830933e-01,8.080793023109436035e-01,6.444290876388549805e-01,1.113098859786987305e+00,-3.804012835025787354e-01,-5.846312642097473145e-02,1.065670028328895569e-01,5.971841812133789062e-01,-1.671863347291946411e-01,7.132285088300704956e-02,-1.386553347110748291e-01,1.350364089012145996e-01,-1.033429279923439026e-01,2.619414925575256348e-01,-2.417370378971099854e-01,-6.980518996715545654e-02
2.315092533826828003e-01,8.372564911842346191e-01,4.894254505634307861e-01,-1.749615743756294250e-02,-1.913937740027904510e-02,-8.303702473640441895e-01,5.566083192825317383e-01,-8.222931623458862305e-02,-1.575626581907272339e-01,-1.131977558135986328e+00,-1.124706625938415527e+00,1.147491693496704102e+00,-2.241187334060668945e+00,-1.136162057518959045e-01,7.755098342895507812e-01,6.667413711547851562e-01,1.126592755317687988e+00,-3.967230618000030518e-01,-9.901317209005355835e-02,8.536238223314285278e-02,5.417319536209106445e-01,-1.599243581295013428e-01,7.707873731851577759e-02,-1.111008450388908386e-01,1.508956402540206909e-01,-5.607862025499343872e-02,2.538638710975646973e-01,-2.410791963338851929e-01,-6.592135876417160034e-02
2.268967926502227783e-01,8.307383656501770020e-01,4.894830584526062012e-01,-2.405945956707000732e-02,-2.107177302241325378e-02,-8.444002270698547363e-01,5.347573161125183105e-01,-5.914202332496643066e-02,-1.430965363979339600e-01,-1.126126408576965332e+00,-1.117436885833740234e+00,1.168688893318176270e+00,-2.241213560104370117e+00,-1.006515696644783020e-01,7.482464313507080078e-01,6.768440008163452148e-01,1.138554811477661133e+00,-4.030787944793701172e-01,-1.338824927806854248e-01,6.676530092954635620e-02,4.737812280654907227e-01,-1.477909237146377563e-01,7.519106566905975342e-02,-7.395744323730468750e-02,1.642097383737564087e-01,-1.669180206954479218e-02,2.419647425413131714e-01,-2.413920462131500244e-01,-6.236103177070617676e-02
2.226812839508056641e-01,8.236942887306213379e-01,4.895837306976318359e-01,-3.289410844445228577e-02,-2.282436005771160126e-02,-8.556355834007263184e-01,5.160278677940368652e-01,-4.455666244029998779e-02,-1.252714991569519043e-01,-1.116989970207214355e+00,-1.112970352172851562e+00,1.193272829055786133e+00,-2.236578226089477539e+00,-7.661633193492889404e-02,7.238210439682006836e-01,6.777465939521789551e-01,1.154848456382751465e+00,-3.996252417564392090e-01,-1.609809845685958862e-01,5.824556201696395874e-02,3.982062637805938721e-01,-1.399458199739456177e-01,6.667392700910568237e-02,-2.959292568266391754e-02,1.746671050786972046e-01,1.425562147051095963e-02,2.277000993490219116e-01,-2.450345754623413086e-01,-5.635336786508560181e-02
2.186611592769622803e-01,8.165042400360107422e-01,4.893909692764282227e-01,-4.281605407595634460e-02,-2.340721525251865387e-02,-8.646396398544311523e-01,5.000171661376953125e-01,-3.608577325940132141e-02,-1.082010492682456970e-01,-1.107951998710632324e+00,-1.108570456504821777e+00,1.220195293426513672e+00,-2.234029531478881836e+00,-4.657818004488945007e-02,7.026075124740600586e-01,6.748805642127990723e-01,1.174458503723144531e+00,-3.891966044902801514e-01,-1.803022027015686035e-01,5.581970885396003723e-02,3.176510930061340332e-01,-1.306338459253311157e-01,5.189710110425949097e-02,1.604728214442729950e-02,1.848486512899398804e-01,3.701737523078918457e-02,2.137566357851028442e-01,-2.504993379116058350e-01,-4.858233407139778137e-02
2.143502980470657349e-01,8.093991279602050781e-01,4.886398911476135254e-01,-5.224961787462234497e-02,-2.231216430664062500e-02,-8.716236352920532227e-01,4.868720769882202148e-01,-3.143114224076271057e-02,-9.406926482915878296e-02,-1.098340988159179688e+00,-1.103533029556274414e+00,1.247893333435058594e+00,-2.237172126770019531e+00,-1.785730011761188507e-02,6.828317642211914062e-01,6.729930043220520020e-01,1.195102334022521973e+00,-3.752292990684509277e-01,-1.898566931486129761e-01,6.069369241595268250e-02,2.368876188993453979e-01,-1.138133555650711060e-01,3.689928352832794189e-02,5.863329395651817322e-02,1.962980777025222778e-01,5.136138945817947388e-02,2.016110122203826904e-01,-2.559182345867156982e-01,-4.440950229763984680e-02
2.093739509582519531e-01,8.001866340637207031e-01,4.882906377315521240e-01,-6.557434797286987305e-02,-2.825931273400783539e-02,-8.785176873207092285e-01,4.723432064056396484e-01,-1.944869197905063629e-02,-5.939850583672523499e-02,-1.059589266777038574e+00,-1.110109806060791016e+00,1.271554470062255859e+00,-2.229028463363647461e+00,3.894451633095741272e-02,6.562111973762512207e-01,6.351380348205566406e-01,1.232716679573059082e+00,-3.450871407985687256e-01,-1.997547596693038940e-01,8.333800733089447021e-02,1.753858476877212524e-01,-1.236157864332199097e-01,1.305414736270904541e-02,1.233428940176963806e-01,1.935899853706359863e-01,7.120332121849060059e-02,1.848077327013015747e-01,-2.609094679355621338e-01,-2.676240541040897369e-02
2.049569636583328247e-01,7.915785908699035645e-01,4.871098995208740234e-01,-7.439373433589935303e-02,-2.762403525412082672e-02,-8.815993666648864746e-01,4.652795195579528809e-01,-1.800306700170040131e-02,-4.330024495720863342e-02,-1.044178247451782227e+00,-1.107644677162170410e+00,1.278983354568481445e+00,-2.234725236892700195e+00,6.643608957529067993e-02,6.325527429580688477e-01,6.282165646553039551e-01,1.254087448120117188e+00,-3.263616859912872314e-01,-2.000504136085510254e-01,1.028802916407585144e-01,1.260885745286941528e-01,-1.241279318928718567e-01,1.390987168997526169e-02,1.677068620920181274e-01,1.980838626623153687e-01,7.495652884244918823e-02,1.761025786399841309e-01,-2.714668512344360352e-01,-2.050555124878883362e-02
2.000368684530258179e-01,7.821448445320129395e-01,4.855208098888397217e-01,-7.974386960268020630e-02,-2.521790750324726105e-02,-8.845787048339843750e-01,4.588305354118347168e-01,-1.298340596258640289e-02,-3.834096714854240417e-02,-1.026280045509338379e+00,-1.105490803718566895e+00,1.277479290962219238e+00,-2.239484310150146484e+00,7.504127919673919678e-02,6.112835407257080078e-01,6.316418647766113281e-01,1.270007371902465820e+00,-3.131293356418609619e-01,-1.954787522554397583e-01,1.209379956126213074e-01,1.014414504170417786e-01,-1.258740127086639404e-01,2.460941486060619354e-02,2.025339156389236450e-01,2.015987634658813477e-01,8.189290761947631836e-02,1.735584735870361328e-01,-2.798334956169128418e-01,-1.144100539386272430e-02
1.944584250450134277e-01,7.715827226638793945e-01,4.835733771324157715e-01,-8.260986953973770142e-02,-2.229161188006401062e-02,-8.873310685157775879e-01,4.531249701976776123e-01,-4.883230198174715042e-03,-4.106954112648963928e-02,-1.006366372108459473e+00,-1.105075716972351074e+00,1.268124938011169434e+00,-2.244141578674316406e+00,7.165834307670593262e-02,5.910536050796508789e-01,6.419274210929870605e-01,1.280107975006103516e+00,-3.011195063591003418e-01,-1.869692504405975342e-01,1.406922936439514160e-01,1.049578711390495300e-01,-1.325194388628005981e-01,4.161247238516807556e-02,2.331020236015319824e-01,2.030942887067794800e-01,8.949334919452667236e-02,1.750668734312057495e-01,-2.859486937522888184e-01,4.126991370867472142e-06
1.880797892808914185e-01,7.599288821220397949e-01,4.812251925468444824e-01,-8.190301060676574707e-02,-1.878319680690765381e-02,-8.894678950309753418e-01,4.492059350013732910e-01,4.081267397850751877e-03,-5.390310660004615784e-02,-9.886152744293212891e-01,-1.107813954353332520e+00,1.253908276557922363e+00,-2.249439716339111328e+00,5.921725183725357056e-02,5.716845989227294922e-01,6.560297012329101562e-01,1.283531904220581055e+00,-2.906821370124816895e-01,-1.768855601549148560e-01,1.655188053846359253e-01,1.272656917572021484e-01,-1.364898085594177246e-01,6.044571846723556519e-02,2.578778862953186035e-01,2.024070620536804199e-01,9.460668265819549561e-02,1.795292794704437256e-01,-2.883618175983428955e-01,1.309320144355297089e-02
1.808652132749557495e-01,7.484807372093200684e-01,4.784981012344360352e-01,-7.597500830888748169e-02,-1.457986608147621155e-02,-8.904663324356079102e-01,4.484249651432037354e-01,1.023081969469785690e-02,-8.219422399997711182e-02,-9.795318245887756348e-01,-1.116017580032348633e+00,1.233290195465087891e+00,-2.255016565322875977e+00,4.267509654164314270e-02,5.523779988288879395e-01,6.681947112083435059e-01,1.280167222023010254e+00,-2.890834808349609375e-01,-1.674069911241531372e-01,1.982440203428268433e-01,1.464621275663375854e-01,-1.149017736315727234e-01,7.189425081014633179e-02,2.687817215919494629e-01,2.017811387777328491e-01,9.401177614927291870e-02,1.912177652120590210e-01,-2.807681858539581299e-01,2.801910415291786194e-02
1.724369227886199951e-01,7.389639616012573242e-01,4.760702252388000488e-01,-6.632466614246368408e-02,-1.154602691531181335e-02,-8.909896612167358398e-01,4.490045905113220215e-01,1.164431776851415634e-02,-1.229722201824188232e-01,-9.740103483200073242e-01,-1.130241394042968750e+00,1.209563016891479492e+00,-2.260433197021484375e+00,2.875919267535209656e-02,5.330753326416015625e-01,6.745522618293762207e-01,1.270926594734191895e+00,-2.977383136749267578e-01,-1.651320010423660278e-01,2.059573531150817871e-01,1.655408591032028198e-01,-8.207163959741592407e-02,6.659981608390808105e-02,2.614620029926300049e-01,2.030759304761886597e-01,9.015125781297683716e-02,2.201906144618988037e-01,-2.555480301380157471e-01,4.531668871641159058e-02
1.638989001512527466e-01,7.308936715126037598e-01,4.738932549953460693e-01,-5.586123466491699219e-02,-1.042426377534866333e-02,-8.904236555099487305e-01,4.515711963176727295e-01,1.005753688514232635e-02,-1.656799316406250000e-01,-9.739091992378234863e-01,-1.150736927986145020e+00,1.192824244499206543e+00,-2.262732028961181641e+00,1.915427856147289276e-02,5.115088224411010742e-01,6.814780235290527344e-01,1.262562990188598633e+00,-3.087149560451507568e-01,-1.737665981054306030e-01,1.817730516195297241e-01,1.896569877862930298e-01,-5.992653965950012207e-02,6.439224630594253540e-02,2.332863658666610718e-01,2.052981257438659668e-01,8.233679831027984619e-02,2.813618779182434082e-01,-2.108145952224731445e-01,7.431707531213760376e-02
1.565816402435302734e-01,7.244222164154052734e-01,4.711252152919769287e-01,-4.465905204415321350e-02,-9.736078791320323944e-03,-8.887982964515686035e-01,4.560135304927825928e-01,6.295389495790004730e-03,-2.039314806461334229e-01,-9.787421226501464844e-01,-1.174864172935485840e+00,1.186030030250549316e+00,-2.259617567062377930e+00,2.308522118255496025e-03,4.875347912311553955e-01,6.991542577743530273e-01,1.258369684219360352e+00,-3.172421157360076904e-01,-1.895456165075302124e-01,1.469495147466659546e-01,2.011651396751403809e-01,-4.304390400648117065e-02,7.429547607898712158e-02,1.723107099533081055e-01,2.092444747686386108e-01,6.459362059831619263e-02,3.894256651401519775e-01,-1.396984159946441650e-01,1.288320571184158325e-01
1.504274606704711914e-01,7.197101116180419922e-01,4.676350355148315430e-01,-3.090649284422397614e-02,-8.069713599979877472e-03,-8.866419196128845215e-01,4.613521397113800049e-01,2.417172538116574287e-03,-2.365138977766036987e-01,-9.898388385772705078e-01,-1.198723793029785156e+00,1.188931465148925781e+00,-2.254571676254272461e+00,-3.278335183858871460e-02,4.661974310874938965e-01,7.321656346321105957e-01,1.254080176353454590e+00,-3.245237469673156738e-01,-2.070504873991012573e-01,1.172223612666130066e-01,1.945701241493225098e-01,-2.903327532112598419e-02,9.115395694971084595e-02,8.266074210405349731e-02,2.141204029321670532e-01,3.997058421373367310e-02,5.279041528701782227e-01,-3.087602369487285614e-02,2.123379558324813843e-01
1.437598615884780884e-01,7.158867716789245605e-01,4.646556079387664795e-01,-1.212317962199449539e-02,-3.248245688155293465e-03,-8.836439251899719238e-01,4.679913818836212158e-01,8.324788650497794151e-04,-2.682812809944152832e-01,-1.026624917984008789e+00,-1.217848062515258789e+00,1.202106833457946777e+00,-2.251621007919311523e+00,-1.083911806344985962e-01,4.536401629447937012e-01,7.910038232803344727e-01,1.241544723510742188e+00,-3.417716324329376221e-01,-2.193392813205718994e-01,8.875840157270431519e-02,1.824241280555725098e-01,-2.550019882619380951e-02,1.038287952542304993e-01,-3.532120585441589355e-02,2.305749058723449707e-01,3.702159225940704346e-02,6.753317713737487793e-01,8.560666441917419434e-02,3.037364780902862549e-01
